[config] repr=hard single_shot=False tokens=504 params=1,284,994 p=0.004 snr=8.4 beta=0.05 p_leak=0.005 p_seep=0.2 steps=200000 batch=256 device=cuda
[      0] loss=1.5768 logical=0.7294 leak=0.8474 train_ler=1.000 lr=3.00e-07 177.1 it/s
[    100] loss=0.8019 logical=0.6721 leak=0.1298 train_ler=0.996 lr=3.03e-05 4.5 it/s
[    200] loss=0.7934 logical=0.6718 leak=0.1216 train_ler=0.992 lr=6.03e-05 3.9 it/s
[    300] loss=0.7850 logical=0.6658 leak=0.1192 train_ler=0.988 lr=9.03e-05 3.9 it/s
[    400] loss=0.7867 logical=0.6630 leak=0.1238 train_ler=0.988 lr=1.20e-04 3.9 it/s
[    500] loss=0.7957 logical=0.6687 leak=0.1270 train_ler=0.996 lr=1.50e-04 3.9 it/s
[    600] loss=0.7804 logical=0.6641 leak=0.1163 train_ler=0.984 lr=1.80e-04 3.9 it/s
[    700] loss=0.7932 logical=0.6638 leak=0.1294 train_ler=0.988 lr=2.10e-04 3.9 it/s
[    800] loss=0.7890 logical=0.6645 leak=0.1245 train_ler=0.992 lr=2.40e-04 3.9 it/s
[    900] loss=0.7866 logical=0.6650 leak=0.1216 train_ler=0.992 lr=2.70e-04 3.9 it/s
[   1000] loss=0.7910 logical=0.6642 leak=0.1268 train_ler=0.984 lr=3.00e-04 4.0 it/s
[   1100] loss=0.7888 logical=0.6673 leak=0.1215 train_ler=1.000 lr=3.00e-04 4.1 it/s
[   1200] loss=0.7899 logical=0.6679 leak=0.1220 train_ler=1.000 lr=3.00e-04 4.0 it/s
[   1300] loss=0.7856 logical=0.6618 leak=0.1238 train_ler=0.992 lr=3.00e-04 3.8 it/s
[   1400] loss=0.7908 logical=0.6675 leak=0.1233 train_ler=0.992 lr=3.00e-04 3.2 it/s
[   1500] loss=0.7798 logical=0.6563 leak=0.1234 train_ler=0.992 lr=3.00e-04 3.2 it/s
[   1600] loss=0.7876 logical=0.6619 leak=0.1257 train_ler=0.988 lr=3.00e-04 3.7 it/s
[   1700] loss=0.7769 logical=0.6586 leak=0.1182 train_ler=0.992 lr=3.00e-04 3.9 it/s
[   1800] loss=0.7833 logical=0.6702 leak=0.1132 train_ler=0.996 lr=3.00e-04 3.9 it/s
[   1900] loss=0.7746 logical=0.6630 leak=0.1116 train_ler=0.988 lr=3.00e-04 3.9 it/s
[   2000] loss=0.7677 logical=0.6597 leak=0.1080 train_ler=0.984 lr=3.00e-04 4.0 it/s
[   2100] loss=0.7660 logical=0.6627 leak=0.1033 train_ler=0.992 lr=3.00e-04 4.1 it/s
[   2200] loss=0.7651 logical=0.6601 leak=0.1050 train_ler=0.992 lr=3.00e-04 4.0 it/s
[   2300] loss=0.7656 logical=0.6571 leak=0.1085 train_ler=1.000 lr=3.00e-04 3.9 it/s
[   2400] loss=0.7721 logical=0.6609 leak=0.1112 train_ler=0.996 lr=3.00e-04 4.0 it/s
[   2500] loss=0.7719 logical=0.6594 leak=0.1126 train_ler=0.984 lr=3.00e-04 4.0 it/s
[   2600] loss=0.7769 logical=0.6664 leak=0.1105 train_ler=1.000 lr=3.00e-04 3.9 it/s
[   2700] loss=0.7702 logical=0.6597 leak=0.1105 train_ler=0.992 lr=3.00e-04 3.9 it/s
[   2800] loss=0.7580 logical=0.6494 leak=0.1086 train_ler=0.988 lr=3.00e-04 3.9 it/s
[   2900] loss=0.7583 logical=0.6494 leak=0.1089 train_ler=0.980 lr=3.00e-04 3.9 it/s
[   3000] loss=0.7603 logical=0.6510 leak=0.1093 train_ler=0.980 lr=3.00e-04 3.9 it/s
[   3100] loss=0.7571 logical=0.6507 leak=0.1064 train_ler=0.988 lr=3.00e-04 4.0 it/s
[   3200] loss=0.7581 logical=0.6491 leak=0.1090 train_ler=0.996 lr=3.00e-04 4.1 it/s
[   3300] loss=0.7575 logical=0.6474 leak=0.1102 train_ler=0.984 lr=3.00e-04 4.1 it/s
[   3400] loss=0.7479 logical=0.6405 leak=0.1074 train_ler=0.996 lr=3.00e-04 4.1 it/s
[   3500] loss=0.7561 logical=0.6498 leak=0.1064 train_ler=0.980 lr=3.00e-04 4.0 it/s
[   3600] loss=0.7381 logical=0.6324 leak=0.1057 train_ler=0.980 lr=3.00e-04 4.1 it/s
[   3700] loss=0.7551 logical=0.6416 leak=0.1135 train_ler=0.980 lr=3.00e-04 4.0 it/s
[   3800] loss=0.7483 logical=0.6422 leak=0.1061 train_ler=0.973 lr=3.00e-04 4.1 it/s
[   3900] loss=0.7397 logical=0.6285 leak=0.1112 train_ler=0.984 lr=3.00e-04 4.0 it/s
[   4000] loss=0.7527 logical=0.6421 leak=0.1106 train_ler=0.984 lr=3.00e-04 4.0 it/s
[   4100] loss=0.7367 logical=0.6313 leak=0.1054 train_ler=0.984 lr=3.00e-04 4.1 it/s
[   4200] loss=0.7501 logical=0.6416 leak=0.1085 train_ler=0.988 lr=3.00e-04 4.1 it/s
[   4300] loss=0.7388 logical=0.6245 leak=0.1142 train_ler=0.988 lr=3.00e-04 4.1 it/s
[   4400] loss=0.7467 logical=0.6357 leak=0.1111 train_ler=0.973 lr=3.00e-04 4.0 it/s
[   4500] loss=0.7340 logical=0.6266 leak=0.1074 train_ler=0.980 lr=3.00e-04 4.0 it/s
[   4600] loss=0.7359 logical=0.6280 leak=0.1079 train_ler=0.988 lr=3.00e-04 4.0 it/s
[   4700] loss=0.7448 logical=0.6370 leak=0.1078 train_ler=1.000 lr=3.00e-04 4.0 it/s
[   4800] loss=0.7506 logical=0.6420 leak=0.1086 train_ler=1.000 lr=3.00e-04 4.0 it/s
[   4900] loss=0.7379 logical=0.6277 leak=0.1102 train_ler=1.000 lr=3.00e-04 4.0 it/s
[eval 5000] val LER=0.9848 (19695/20000) leak P/R=0.551/0.025 | T2-2 shots LER=0.9860 (1972/2000)  [B1 0.159, ORC 0.106]
[   5000] loss=0.7322 logical=0.6234 leak=0.1088 train_ler=0.988 lr=3.00e-04 405.9 it/s
[   5100] loss=0.7289 logical=0.6228 leak=0.1061 train_ler=0.984 lr=3.00e-04 4.0 it/s
[   5200] loss=0.7241 logical=0.6204 leak=0.1037 train_ler=0.988 lr=3.00e-04 4.0 it/s
[   5300] loss=0.7218 logical=0.6128 leak=0.1089 train_ler=0.977 lr=3.00e-04 4.0 it/s
[   5400] loss=0.7256 logical=0.6185 leak=0.1070 train_ler=1.000 lr=3.00e-04 4.0 it/s
[   5500] loss=0.7115 logical=0.6071 leak=0.1044 train_ler=0.984 lr=3.00e-04 4.0 it/s
[   5600] loss=0.7126 logical=0.6088 leak=0.1037 train_ler=0.984 lr=3.00e-04 4.1 it/s
[   5700] loss=0.7251 logical=0.6209 leak=0.1042 train_ler=0.984 lr=3.00e-04 4.0 it/s
[   5800] loss=0.7113 logical=0.6068 leak=0.1045 train_ler=0.984 lr=3.00e-04 4.0 it/s
[   5900] loss=0.6975 logical=0.5921 leak=0.1054 train_ler=0.965 lr=3.00e-04 4.0 it/s
[   6000] loss=0.7112 logical=0.6055 leak=0.1058 train_ler=0.980 lr=3.00e-04 4.0 it/s
[   6100] loss=0.7109 logical=0.6057 leak=0.1051 train_ler=0.980 lr=3.00e-04 4.1 it/s
[   6200] loss=0.6958 logical=0.5887 leak=0.1072 train_ler=0.973 lr=2.99e-04 4.0 it/s
[   6300] loss=0.7087 logical=0.6054 leak=0.1033 train_ler=0.980 lr=2.99e-04 4.0 it/s
[   6400] loss=0.7242 logical=0.6214 leak=0.1027 train_ler=0.988 lr=2.99e-04 4.0 it/s
[   6500] loss=0.6793 logical=0.5770 leak=0.1023 train_ler=0.980 lr=2.99e-04 4.0 it/s
[   6600] loss=0.6891 logical=0.5808 leak=0.1082 train_ler=0.980 lr=2.99e-04 4.0 it/s
[   6700] loss=0.6867 logical=0.5823 leak=0.1044 train_ler=0.977 lr=2.99e-04 4.0 it/s
[   6800] loss=0.6871 logical=0.5822 leak=0.1049 train_ler=0.965 lr=2.99e-04 4.0 it/s
[   6900] loss=0.6818 logical=0.5808 leak=0.1010 train_ler=0.965 lr=2.99e-04 4.0 it/s
[   7000] loss=0.6894 logical=0.5825 leak=0.1069 train_ler=0.984 lr=2.99e-04 4.0 it/s
[   7100] loss=0.6781 logical=0.5707 leak=0.1074 train_ler=0.977 lr=2.99e-04 4.0 it/s
[   7200] loss=0.6792 logical=0.5660 leak=0.1132 train_ler=0.930 lr=2.99e-04 4.0 it/s
[   7300] loss=0.6731 logical=0.5625 leak=0.1106 train_ler=0.961 lr=2.99e-04 4.0 it/s
[   7400] loss=0.6999 logical=0.5918 leak=0.1082 train_ler=0.969 lr=2.99e-04 4.0 it/s
[   7500] loss=0.6778 logical=0.5676 leak=0.1102 train_ler=0.969 lr=2.99e-04 4.0 it/s
[   7600] loss=0.6609 logical=0.5535 leak=0.1074 train_ler=0.941 lr=2.99e-04 4.0 it/s
[   7700] loss=0.6593 logical=0.5530 leak=0.1063 train_ler=0.926 lr=2.99e-04 4.0 it/s
[   7800] loss=0.6605 logical=0.5547 leak=0.1059 train_ler=0.961 lr=2.99e-04 4.0 it/s
[   7900] loss=0.6717 logical=0.5701 leak=0.1017 train_ler=0.965 lr=2.99e-04 4.0 it/s
[   8000] loss=0.6868 logical=0.5762 leak=0.1106 train_ler=0.953 lr=2.99e-04 4.0 it/s
[   8100] loss=0.6664 logical=0.5613 leak=0.1051 train_ler=0.930 lr=2.99e-04 4.0 it/s
[   8200] loss=0.6521 logical=0.5389 leak=0.1131 train_ler=0.918 lr=2.99e-04 4.0 it/s
[   8300] loss=0.6613 logical=0.5521 leak=0.1091 train_ler=0.957 lr=2.99e-04 4.0 it/s
[   8400] loss=0.6318 logical=0.5258 leak=0.1060 train_ler=0.926 lr=2.99e-04 4.1 it/s
[   8500] loss=0.6369 logical=0.5316 leak=0.1054 train_ler=0.910 lr=2.99e-04 4.1 it/s
[   8600] loss=0.6508 logical=0.5448 leak=0.1060 train_ler=0.934 lr=2.99e-04 4.1 it/s
[   8700] loss=0.6527 logical=0.5468 leak=0.1059 train_ler=0.930 lr=2.99e-04 4.0 it/s
[   8800] loss=0.6505 logical=0.5447 leak=0.1059 train_ler=0.961 lr=2.99e-04 4.1 it/s
[   8900] loss=0.6385 logical=0.5356 leak=0.1029 train_ler=0.914 lr=2.99e-04 4.0 it/s
[   9000] loss=0.6563 logical=0.5495 leak=0.1068 train_ler=0.953 lr=2.99e-04 4.0 it/s
[   9100] loss=0.6302 logical=0.5264 leak=0.1038 train_ler=0.902 lr=2.99e-04 4.0 it/s
[   9200] loss=0.6346 logical=0.5327 leak=0.1019 train_ler=0.898 lr=2.99e-04 4.1 it/s
[   9300] loss=0.6624 logical=0.5552 leak=0.1073 train_ler=0.922 lr=2.99e-04 4.1 it/s
[   9400] loss=0.6544 logical=0.5456 leak=0.1088 train_ler=0.926 lr=2.99e-04 3.9 it/s
[   9500] loss=0.6345 logical=0.5282 leak=0.1063 train_ler=0.914 lr=2.99e-04 4.0 it/s
[   9600] loss=0.6236 logical=0.5197 leak=0.1038 train_ler=0.926 lr=2.99e-04 4.0 it/s
[   9700] loss=0.6207 logical=0.5173 leak=0.1033 train_ler=0.930 lr=2.99e-04 4.0 it/s
[   9800] loss=0.6295 logical=0.5264 leak=0.1031 train_ler=0.918 lr=2.99e-04 3.9 it/s
[   9900] loss=0.6333 logical=0.5270 leak=0.1064 train_ler=0.895 lr=2.99e-04 4.0 it/s
[eval 10000] val LER=0.9186 (18372/20000) leak P/R=0.610/0.022 | T2-2 shots LER=0.9120 (1824/2000)  [B1 0.159, ORC 0.106]
[  10000] loss=0.6352 logical=0.5297 leak=0.1055 train_ler=0.914 lr=2.98e-04 401.8 it/s
[  10100] loss=0.6291 logical=0.5206 leak=0.1086 train_ler=0.910 lr=2.98e-04 4.1 it/s
[  10200] loss=0.6488 logical=0.5404 leak=0.1083 train_ler=0.922 lr=2.98e-04 4.1 it/s
[  10300] loss=0.5968 logical=0.4942 leak=0.1026 train_ler=0.906 lr=2.98e-04 4.1 it/s
[  10400] loss=0.6472 logical=0.5407 leak=0.1065 train_ler=0.918 lr=2.98e-04 4.0 it/s
[  10500] loss=0.6311 logical=0.5228 leak=0.1083 train_ler=0.934 lr=2.98e-04 4.1 it/s
[  10600] loss=0.6290 logical=0.5218 leak=0.1072 train_ler=0.902 lr=2.98e-04 4.1 it/s
[  10700] loss=0.6268 logical=0.5195 leak=0.1073 train_ler=0.922 lr=2.98e-04 4.1 it/s
[  10800] loss=0.6173 logical=0.5100 leak=0.1073 train_ler=0.891 lr=2.98e-04 4.1 it/s
[  10900] loss=0.6230 logical=0.5184 leak=0.1045 train_ler=0.914 lr=2.98e-04 4.1 it/s
[  11000] loss=0.6310 logical=0.5286 leak=0.1024 train_ler=0.926 lr=2.98e-04 4.0 it/s
[  11100] loss=0.6295 logical=0.5195 leak=0.1100 train_ler=0.906 lr=2.98e-04 4.1 it/s
[  11200] loss=0.6212 logical=0.5161 leak=0.1051 train_ler=0.898 lr=2.98e-04 4.1 it/s
[  11300] loss=0.6286 logical=0.5217 leak=0.1070 train_ler=0.910 lr=2.98e-04 4.1 it/s
[  11400] loss=0.5960 logical=0.4896 leak=0.1064 train_ler=0.883 lr=2.98e-04 4.0 it/s
[  11500] loss=0.6089 logical=0.5004 leak=0.1086 train_ler=0.906 lr=2.98e-04 4.1 it/s
[  11600] loss=0.6090 logical=0.5019 leak=0.1071 train_ler=0.887 lr=2.98e-04 4.1 it/s
[  11700] loss=0.6275 logical=0.5196 leak=0.1079 train_ler=0.926 lr=2.98e-04 4.0 it/s
[  11800] loss=0.6295 logical=0.5228 leak=0.1067 train_ler=0.914 lr=2.98e-04 4.0 it/s
[  11900] loss=0.6174 logical=0.5106 leak=0.1069 train_ler=0.922 lr=2.98e-04 4.0 it/s
[  12000] loss=0.6261 logical=0.5192 leak=0.1069 train_ler=0.961 lr=2.98e-04 4.0 it/s
[  12100] loss=0.5989 logical=0.4920 leak=0.1069 train_ler=0.887 lr=2.98e-04 4.1 it/s
[  12200] loss=0.6122 logical=0.5051 leak=0.1071 train_ler=0.871 lr=2.98e-04 4.1 it/s
[  12300] loss=0.5708 logical=0.4660 leak=0.1048 train_ler=0.867 lr=2.98e-04 4.1 it/s
[  12400] loss=0.6027 logical=0.4986 leak=0.1041 train_ler=0.895 lr=2.98e-04 4.1 it/s
[  12500] loss=0.6155 logical=0.5113 leak=0.1042 train_ler=0.871 lr=2.98e-04 4.1 it/s
[  12600] loss=0.6019 logical=0.4969 leak=0.1050 train_ler=0.891 lr=2.97e-04 4.1 it/s
[  12700] loss=0.5991 logical=0.4906 leak=0.1085 train_ler=0.879 lr=2.97e-04 4.0 it/s
[  12800] loss=0.6080 logical=0.4979 leak=0.1101 train_ler=0.883 lr=2.97e-04 4.0 it/s
[  12900] loss=0.5812 logical=0.4792 leak=0.1020 train_ler=0.875 lr=2.97e-04 4.1 it/s
[  13000] loss=0.6222 logical=0.5129 leak=0.1093 train_ler=0.891 lr=2.97e-04 4.0 it/s
[  13100] loss=0.6057 logical=0.5012 leak=0.1045 train_ler=0.867 lr=2.97e-04 4.0 it/s
[  13200] loss=0.6201 logical=0.5141 leak=0.1061 train_ler=0.891 lr=2.97e-04 4.0 it/s
[  13300] loss=0.5995 logical=0.4964 leak=0.1031 train_ler=0.879 lr=2.97e-04 4.0 it/s
[  13400] loss=0.5976 logical=0.4907 leak=0.1069 train_ler=0.859 lr=2.97e-04 4.0 it/s
[  13500] loss=0.6013 logical=0.4984 leak=0.1029 train_ler=0.879 lr=2.97e-04 4.0 it/s
[  13600] loss=0.5929 logical=0.4872 leak=0.1057 train_ler=0.875 lr=2.97e-04 4.0 it/s
[  13700] loss=0.5865 logical=0.4842 leak=0.1024 train_ler=0.891 lr=2.97e-04 4.0 it/s
[  13800] loss=0.6140 logical=0.5104 leak=0.1036 train_ler=0.887 lr=2.97e-04 4.1 it/s
[  13900] loss=0.6098 logical=0.5052 leak=0.1046 train_ler=0.918 lr=2.97e-04 4.1 it/s
[  14000] loss=0.5838 logical=0.4792 leak=0.1047 train_ler=0.859 lr=2.97e-04 4.1 it/s
[  14100] loss=0.5780 logical=0.4724 leak=0.1056 train_ler=0.875 lr=2.97e-04 4.1 it/s
[  14200] loss=0.5662 logical=0.4635 leak=0.1028 train_ler=0.840 lr=2.97e-04 4.0 it/s
[  14300] loss=0.5830 logical=0.4769 leak=0.1061 train_ler=0.855 lr=2.97e-04 4.1 it/s
[  14400] loss=0.6213 logical=0.5132 leak=0.1080 train_ler=0.871 lr=2.97e-04 4.0 it/s
[  14500] loss=0.5741 logical=0.4718 leak=0.1023 train_ler=0.848 lr=2.97e-04 4.0 it/s
[  14600] loss=0.5948 logical=0.4904 leak=0.1044 train_ler=0.871 lr=2.97e-04 4.1 it/s
[  14700] loss=0.5752 logical=0.4714 leak=0.1039 train_ler=0.840 lr=2.97e-04 4.1 it/s
[  14800] loss=0.5818 logical=0.4787 leak=0.1031 train_ler=0.891 lr=2.96e-04 4.0 it/s
[  14900] loss=0.6072 logical=0.5036 leak=0.1036 train_ler=0.883 lr=2.96e-04 4.1 it/s
[eval 15000] val LER=0.8631 (17263/20000) leak P/R=0.591/0.036 | T2-2 shots LER=0.8650 (1730/2000)  [B1 0.159, ORC 0.106]
[  15000] loss=0.5800 logical=0.4740 leak=0.1060 train_ler=0.871 lr=2.96e-04 408.1 it/s
[  15100] loss=0.5900 logical=0.4845 leak=0.1055 train_ler=0.895 lr=2.96e-04 4.1 it/s
[  15200] loss=0.5651 logical=0.4632 leak=0.1018 train_ler=0.824 lr=2.96e-04 4.1 it/s
[  15300] loss=0.5937 logical=0.4865 leak=0.1071 train_ler=0.883 lr=2.96e-04 4.1 it/s
[  15400] loss=0.5829 logical=0.4807 leak=0.1022 train_ler=0.883 lr=2.96e-04 4.1 it/s
[  15500] loss=0.5724 logical=0.4674 leak=0.1050 train_ler=0.836 lr=2.96e-04 4.1 it/s
[  15600] loss=0.5715 logical=0.4631 leak=0.1083 train_ler=0.867 lr=2.96e-04 4.1 it/s
[  15700] loss=0.5720 logical=0.4692 leak=0.1027 train_ler=0.875 lr=2.96e-04 4.1 it/s
[  15800] loss=0.5602 logical=0.4531 leak=0.1071 train_ler=0.801 lr=2.96e-04 4.1 it/s
[  15900] loss=0.5828 logical=0.4771 leak=0.1056 train_ler=0.855 lr=2.96e-04 4.1 it/s
[  16000] loss=0.5917 logical=0.4859 leak=0.1058 train_ler=0.852 lr=2.96e-04 4.1 it/s
[  16100] loss=0.5357 logical=0.4355 leak=0.1001 train_ler=0.801 lr=2.96e-04 4.1 it/s
[  16200] loss=0.5555 logical=0.4475 leak=0.1080 train_ler=0.820 lr=2.96e-04 4.1 it/s
[  16300] loss=0.5884 logical=0.4802 leak=0.1081 train_ler=0.836 lr=2.96e-04 4.1 it/s
[  16400] loss=0.6112 logical=0.5011 leak=0.1101 train_ler=0.867 lr=2.96e-04 4.1 it/s
[  16500] loss=0.5723 logical=0.4664 leak=0.1059 train_ler=0.816 lr=2.96e-04 4.1 it/s
[  16600] loss=0.5729 logical=0.4657 leak=0.1071 train_ler=0.875 lr=2.95e-04 4.1 it/s
[  16700] loss=0.5836 logical=0.4775 leak=0.1061 train_ler=0.859 lr=2.95e-04 4.1 it/s
[  16800] loss=0.5685 logical=0.4628 leak=0.1057 train_ler=0.816 lr=2.95e-04 4.1 it/s
[  16900] loss=0.5941 logical=0.4897 leak=0.1044 train_ler=0.891 lr=2.95e-04 4.1 it/s
[  17000] loss=0.5532 logical=0.4489 leak=0.1043 train_ler=0.836 lr=2.95e-04 4.1 it/s
[  17100] loss=0.5521 logical=0.4469 leak=0.1052 train_ler=0.820 lr=2.95e-04 4.1 it/s
[  17200] loss=0.5676 logical=0.4643 leak=0.1033 train_ler=0.840 lr=2.95e-04 4.1 it/s
[  17300] loss=0.5359 logical=0.4339 leak=0.1020 train_ler=0.812 lr=2.95e-04 4.1 it/s
[  17400] loss=0.5664 logical=0.4651 leak=0.1013 train_ler=0.828 lr=2.95e-04 4.1 it/s
[  17500] loss=0.5871 logical=0.4839 leak=0.1032 train_ler=0.859 lr=2.95e-04 4.1 it/s
[  17600] loss=0.5726 logical=0.4637 leak=0.1089 train_ler=0.828 lr=2.95e-04 4.1 it/s
[  17700] loss=0.5720 logical=0.4653 leak=0.1066 train_ler=0.859 lr=2.95e-04 4.1 it/s
[  17800] loss=0.5538 logical=0.4476 leak=0.1062 train_ler=0.801 lr=2.95e-04 4.1 it/s
[  17900] loss=0.5139 logical=0.4124 leak=0.1016 train_ler=0.824 lr=2.95e-04 4.1 it/s
[  18000] loss=0.5623 logical=0.4603 leak=0.1021 train_ler=0.871 lr=2.95e-04 4.1 it/s
[  18100] loss=0.5336 logical=0.4328 leak=0.1009 train_ler=0.797 lr=2.95e-04 4.1 it/s
[  18200] loss=0.5761 logical=0.4733 leak=0.1029 train_ler=0.824 lr=2.95e-04 4.1 it/s
[  18300] loss=0.5919 logical=0.4841 leak=0.1078 train_ler=0.871 lr=2.94e-04 4.1 it/s
[  18400] loss=0.5501 logical=0.4427 leak=0.1074 train_ler=0.828 lr=2.94e-04 4.1 it/s
[  18500] loss=0.5561 logical=0.4542 leak=0.1019 train_ler=0.820 lr=2.94e-04 4.1 it/s
[  18600] loss=0.5664 logical=0.4603 leak=0.1061 train_ler=0.809 lr=2.94e-04 4.1 it/s
[  18700] loss=0.5520 logical=0.4472 leak=0.1048 train_ler=0.805 lr=2.94e-04 4.1 it/s
[  18800] loss=0.5532 logical=0.4390 leak=0.1142 train_ler=0.824 lr=2.94e-04 4.1 it/s
[  18900] loss=0.5395 logical=0.4393 leak=0.1003 train_ler=0.816 lr=2.94e-04 4.1 it/s
[  19000] loss=0.5261 logical=0.4232 leak=0.1029 train_ler=0.777 lr=2.94e-04 4.1 it/s
[  19100] loss=0.5428 logical=0.4423 leak=0.1005 train_ler=0.805 lr=2.94e-04 4.1 it/s
[  19200] loss=0.5494 logical=0.4437 leak=0.1058 train_ler=0.797 lr=2.94e-04 4.1 it/s
[  19300] loss=0.5376 logical=0.4338 leak=0.1038 train_ler=0.801 lr=2.94e-04 4.1 it/s
[  19400] loss=0.5388 logical=0.4350 leak=0.1038 train_ler=0.754 lr=2.94e-04 4.1 it/s
[  19500] loss=0.5641 logical=0.4615 leak=0.1026 train_ler=0.836 lr=2.94e-04 4.1 it/s
[  19600] loss=0.5537 logical=0.4514 leak=0.1023 train_ler=0.805 lr=2.94e-04 4.1 it/s
[  19700] loss=0.5506 logical=0.4446 leak=0.1060 train_ler=0.836 lr=2.94e-04 4.1 it/s
[  19800] loss=0.5513 logical=0.4457 leak=0.1055 train_ler=0.824 lr=2.93e-04 4.1 it/s
[  19900] loss=0.5169 logical=0.4188 leak=0.0981 train_ler=0.777 lr=2.93e-04 4.1 it/s
[eval 20000] val LER=0.8160 (16320/20000) leak P/R=0.608/0.046 | T2-2 shots LER=0.8040 (1608/2000)  [B1 0.159, ORC 0.106]
[  20000] loss=0.5485 logical=0.4429 leak=0.1056 train_ler=0.832 lr=2.93e-04 407.1 it/s
[  20100] loss=0.5823 logical=0.4785 leak=0.1038 train_ler=0.848 lr=2.93e-04 4.1 it/s
[  20200] loss=0.5675 logical=0.4626 leak=0.1049 train_ler=0.816 lr=2.93e-04 4.1 it/s
[  20300] loss=0.5658 logical=0.4620 leak=0.1038 train_ler=0.840 lr=2.93e-04 4.1 it/s
[  20400] loss=0.5487 logical=0.4464 leak=0.1023 train_ler=0.812 lr=2.93e-04 4.1 it/s
[  20500] loss=0.5378 logical=0.4321 leak=0.1057 train_ler=0.797 lr=2.93e-04 4.1 it/s
[  20600] loss=0.5548 logical=0.4544 leak=0.1004 train_ler=0.848 lr=2.93e-04 4.1 it/s
[  20700] loss=0.5671 logical=0.4642 leak=0.1029 train_ler=0.836 lr=2.93e-04 4.1 it/s
[  20800] loss=0.5484 logical=0.4423 leak=0.1060 train_ler=0.820 lr=2.93e-04 4.1 it/s
[  20900] loss=0.5316 logical=0.4290 leak=0.1026 train_ler=0.809 lr=2.93e-04 4.1 it/s
[  21000] loss=0.5124 logical=0.4129 leak=0.0996 train_ler=0.781 lr=2.93e-04 4.1 it/s
[  21100] loss=0.5338 logical=0.4295 leak=0.1044 train_ler=0.809 lr=2.93e-04 4.1 it/s
[  21200] loss=0.5279 logical=0.4233 leak=0.1047 train_ler=0.797 lr=2.92e-04 4.1 it/s
[  21300] loss=0.5258 logical=0.4188 leak=0.1071 train_ler=0.785 lr=2.92e-04 4.1 it/s
[  21400] loss=0.5684 logical=0.4633 leak=0.1051 train_ler=0.863 lr=2.92e-04 4.1 it/s
[  21500] loss=0.5512 logical=0.4486 leak=0.1027 train_ler=0.801 lr=2.92e-04 4.1 it/s
[  21600] loss=0.5587 logical=0.4533 leak=0.1054 train_ler=0.824 lr=2.92e-04 4.1 it/s
[  21700] loss=0.5312 logical=0.4308 leak=0.1004 train_ler=0.773 lr=2.92e-04 4.1 it/s
[  21800] loss=0.5826 logical=0.4800 leak=0.1027 train_ler=0.859 lr=2.92e-04 4.1 it/s
[  21900] loss=0.5223 logical=0.4220 leak=0.1003 train_ler=0.828 lr=2.92e-04 4.1 it/s
[  22000] loss=0.5476 logical=0.4448 leak=0.1028 train_ler=0.820 lr=2.92e-04 4.1 it/s
[  22100] loss=0.5352 logical=0.4326 leak=0.1026 train_ler=0.832 lr=2.92e-04 4.1 it/s
[  22200] loss=0.5327 logical=0.4308 leak=0.1019 train_ler=0.797 lr=2.92e-04 4.1 it/s
[  22300] loss=0.5184 logical=0.4157 leak=0.1027 train_ler=0.758 lr=2.92e-04 4.1 it/s
[  22400] loss=0.4897 logical=0.3823 leak=0.1074 train_ler=0.746 lr=2.92e-04 4.1 it/s
[  22500] loss=0.5081 logical=0.4053 leak=0.1028 train_ler=0.781 lr=2.91e-04 4.1 it/s
[  22600] loss=0.5353 logical=0.4277 leak=0.1076 train_ler=0.781 lr=2.91e-04 4.1 it/s
[  22700] loss=0.5074 logical=0.3984 leak=0.1090 train_ler=0.727 lr=2.91e-04 4.1 it/s
[  22800] loss=0.5317 logical=0.4307 leak=0.1010 train_ler=0.777 lr=2.91e-04 4.1 it/s
[  22900] loss=0.5359 logical=0.4292 leak=0.1068 train_ler=0.789 lr=2.91e-04 4.1 it/s
[  23000] loss=0.5133 logical=0.4124 leak=0.1009 train_ler=0.801 lr=2.91e-04 4.1 it/s
[  23100] loss=0.5160 logical=0.4152 leak=0.1009 train_ler=0.777 lr=2.91e-04 4.1 it/s
[  23200] loss=0.5106 logical=0.4082 leak=0.1024 train_ler=0.773 lr=2.91e-04 4.1 it/s
[  23300] loss=0.5158 logical=0.4121 leak=0.1038 train_ler=0.777 lr=2.91e-04 4.1 it/s
[  23400] loss=0.5185 logical=0.4125 leak=0.1061 train_ler=0.723 lr=2.91e-04 4.1 it/s
[  23500] loss=0.5506 logical=0.4435 leak=0.1072 train_ler=0.797 lr=2.91e-04 4.1 it/s
[  23600] loss=0.5240 logical=0.4203 leak=0.1036 train_ler=0.742 lr=2.91e-04 4.1 it/s
[  23700] loss=0.5286 logical=0.4266 leak=0.1020 train_ler=0.727 lr=2.90e-04 4.1 it/s
[  23800] loss=0.5352 logical=0.4304 leak=0.1048 train_ler=0.805 lr=2.90e-04 4.1 it/s
[  23900] loss=0.5404 logical=0.4358 leak=0.1046 train_ler=0.797 lr=2.90e-04 4.1 it/s
[  24000] loss=0.5335 logical=0.4259 leak=0.1076 train_ler=0.777 lr=2.90e-04 4.1 it/s
[  24100] loss=0.5392 logical=0.4367 leak=0.1025 train_ler=0.801 lr=2.90e-04 4.1 it/s
[  24200] loss=0.4784 logical=0.3836 leak=0.0948 train_ler=0.723 lr=2.90e-04 4.1 it/s
[  24300] loss=0.5130 logical=0.4081 leak=0.1049 train_ler=0.773 lr=2.90e-04 4.1 it/s
[  24400] loss=0.5506 logical=0.4454 leak=0.1051 train_ler=0.797 lr=2.90e-04 4.1 it/s
[  24500] loss=0.5193 logical=0.4176 leak=0.1016 train_ler=0.773 lr=2.90e-04 4.1 it/s
[  24600] loss=0.5426 logical=0.4413 leak=0.1013 train_ler=0.734 lr=2.90e-04 4.1 it/s
[  24700] loss=0.5074 logical=0.4072 leak=0.1002 train_ler=0.781 lr=2.90e-04 4.1 it/s
[  24800] loss=0.5126 logical=0.4089 leak=0.1037 train_ler=0.750 lr=2.90e-04 4.1 it/s
[  24900] loss=0.5134 logical=0.4128 leak=0.1006 train_ler=0.727 lr=2.89e-04 4.1 it/s
[eval 25000] val LER=0.7735 (15470/20000) leak P/R=0.603/0.057 | T2-2 shots LER=0.7600 (1520/2000)  [B1 0.159, ORC 0.106]
[  25000] loss=0.5218 logical=0.4159 leak=0.1060 train_ler=0.766 lr=2.89e-04 407.7 it/s
[  25100] loss=0.5068 logical=0.4018 leak=0.1049 train_ler=0.754 lr=2.89e-04 4.1 it/s
[  25200] loss=0.5314 logical=0.4278 leak=0.1037 train_ler=0.809 lr=2.89e-04 4.1 it/s
[  25300] loss=0.5377 logical=0.4296 leak=0.1081 train_ler=0.777 lr=2.89e-04 4.1 it/s
[  25400] loss=0.5095 logical=0.4068 leak=0.1027 train_ler=0.742 lr=2.89e-04 4.1 it/s
[  25500] loss=0.5087 logical=0.4023 leak=0.1064 train_ler=0.770 lr=2.89e-04 4.1 it/s
[  25600] loss=0.5179 logical=0.4162 leak=0.1017 train_ler=0.723 lr=2.89e-04 4.1 it/s
[  25700] loss=0.5386 logical=0.4337 leak=0.1049 train_ler=0.762 lr=2.89e-04 4.1 it/s
[  25800] loss=0.5202 logical=0.4172 leak=0.1029 train_ler=0.742 lr=2.89e-04 4.1 it/s
[  25900] loss=0.5027 logical=0.4069 leak=0.0959 train_ler=0.773 lr=2.89e-04 4.1 it/s
[  26000] loss=0.5114 logical=0.4045 leak=0.1069 train_ler=0.730 lr=2.88e-04 4.1 it/s
[  26100] loss=0.5155 logical=0.4129 leak=0.1026 train_ler=0.770 lr=2.88e-04 4.1 it/s
[  26200] loss=0.4866 logical=0.3859 leak=0.1007 train_ler=0.715 lr=2.88e-04 4.1 it/s
[  26300] loss=0.5355 logical=0.4265 leak=0.1090 train_ler=0.766 lr=2.88e-04 4.1 it/s
[  26400] loss=0.5068 logical=0.4082 leak=0.0986 train_ler=0.754 lr=2.88e-04 4.1 it/s
[  26500] loss=0.5247 logical=0.4210 leak=0.1038 train_ler=0.738 lr=2.88e-04 4.1 it/s
[  26600] loss=0.5141 logical=0.4077 leak=0.1064 train_ler=0.770 lr=2.88e-04 4.1 it/s
[  26700] loss=0.5143 logical=0.4140 leak=0.1003 train_ler=0.738 lr=2.88e-04 4.1 it/s
[  26800] loss=0.5206 logical=0.4118 leak=0.1088 train_ler=0.777 lr=2.88e-04 4.1 it/s
[  26900] loss=0.4951 logical=0.3952 leak=0.0999 train_ler=0.738 lr=2.88e-04 4.1 it/s
[  27000] loss=0.5135 logical=0.4160 leak=0.0974 train_ler=0.750 lr=2.88e-04 4.1 it/s
[  27100] loss=0.5112 logical=0.4101 leak=0.1010 train_ler=0.730 lr=2.87e-04 4.1 it/s
[  27200] loss=0.5099 logical=0.4039 leak=0.1061 train_ler=0.762 lr=2.87e-04 4.1 it/s
[  27300] loss=0.5039 logical=0.3977 leak=0.1062 train_ler=0.711 lr=2.87e-04 4.1 it/s
[  27400] loss=0.5004 logical=0.4002 leak=0.1002 train_ler=0.758 lr=2.87e-04 4.1 it/s
[  27500] loss=0.5005 logical=0.3995 leak=0.1010 train_ler=0.746 lr=2.87e-04 4.1 it/s
[  27600] loss=0.4792 logical=0.3772 leak=0.1020 train_ler=0.730 lr=2.87e-04 4.1 it/s
[  27700] loss=0.4975 logical=0.3995 leak=0.0979 train_ler=0.719 lr=2.87e-04 4.1 it/s
[  27800] loss=0.5086 logical=0.4096 leak=0.0989 train_ler=0.758 lr=2.87e-04 4.1 it/s
[  27900] loss=0.5362 logical=0.4314 leak=0.1048 train_ler=0.746 lr=2.87e-04 4.1 it/s
[  28000] loss=0.5282 logical=0.4243 leak=0.1039 train_ler=0.723 lr=2.87e-04 4.1 it/s
[  28100] loss=0.5274 logical=0.4262 leak=0.1012 train_ler=0.762 lr=2.86e-04 4.1 it/s
[  28200] loss=0.5356 logical=0.4293 leak=0.1063 train_ler=0.797 lr=2.86e-04 4.1 it/s
[  28300] loss=0.5353 logical=0.4354 leak=0.0999 train_ler=0.766 lr=2.86e-04 4.1 it/s
[  28400] loss=0.4889 logical=0.3878 leak=0.1011 train_ler=0.711 lr=2.86e-04 4.1 it/s
[  28500] loss=0.4947 logical=0.3931 leak=0.1016 train_ler=0.754 lr=2.86e-04 4.1 it/s
[  28600] loss=0.4808 logical=0.3776 leak=0.1032 train_ler=0.707 lr=2.86e-04 4.1 it/s
[  28700] loss=0.4787 logical=0.3806 leak=0.0981 train_ler=0.715 lr=2.86e-04 4.1 it/s
[  28800] loss=0.4864 logical=0.3853 leak=0.1011 train_ler=0.723 lr=2.86e-04 4.1 it/s
[  28900] loss=0.5043 logical=0.3984 leak=0.1059 train_ler=0.742 lr=2.86e-04 4.1 it/s
[  29000] loss=0.4949 logical=0.3956 leak=0.0993 train_ler=0.742 lr=2.86e-04 4.1 it/s
[  29100] loss=0.5072 logical=0.4004 leak=0.1068 train_ler=0.738 lr=2.85e-04 4.1 it/s
[  29200] loss=0.5075 logical=0.4049 leak=0.1026 train_ler=0.766 lr=2.85e-04 4.1 it/s
[  29300] loss=0.5284 logical=0.4256 leak=0.1028 train_ler=0.754 lr=2.85e-04 4.1 it/s
[  29400] loss=0.5185 logical=0.4183 leak=0.1002 train_ler=0.789 lr=2.85e-04 4.1 it/s
[  29500] loss=0.5009 logical=0.3966 leak=0.1043 train_ler=0.695 lr=2.85e-04 4.1 it/s
[  29600] loss=0.4909 logical=0.3880 leak=0.1028 train_ler=0.727 lr=2.85e-04 4.1 it/s
[  29700] loss=0.4988 logical=0.3993 leak=0.0994 train_ler=0.734 lr=2.85e-04 4.1 it/s
[  29800] loss=0.5080 logical=0.4062 leak=0.1018 train_ler=0.719 lr=2.85e-04 4.1 it/s
[  29900] loss=0.5129 logical=0.4044 leak=0.1084 train_ler=0.766 lr=2.85e-04 4.1 it/s
[eval 30000] val LER=0.7353 (14707/20000) leak P/R=0.608/0.064 | T2-2 shots LER=0.7410 (1482/2000)  [B1 0.159, ORC 0.106]
[  30000] loss=0.4966 logical=0.3900 leak=0.1066 train_ler=0.762 lr=2.85e-04 405.5 it/s
[  30100] loss=0.5311 logical=0.4297 leak=0.1014 train_ler=0.762 lr=2.84e-04 4.1 it/s
[  30200] loss=0.4892 logical=0.3890 leak=0.1002 train_ler=0.738 lr=2.84e-04 4.1 it/s
[  30300] loss=0.4887 logical=0.3897 leak=0.0990 train_ler=0.703 lr=2.84e-04 4.1 it/s
[  30400] loss=0.5030 logical=0.4028 leak=0.1002 train_ler=0.730 lr=2.84e-04 4.1 it/s
[  30500] loss=0.5134 logical=0.4087 leak=0.1047 train_ler=0.754 lr=2.84e-04 4.1 it/s
[  30600] loss=0.4717 logical=0.3693 leak=0.1025 train_ler=0.723 lr=2.84e-04 4.1 it/s
[  30700] loss=0.4753 logical=0.3758 leak=0.0995 train_ler=0.723 lr=2.84e-04 4.1 it/s
[  30800] loss=0.4926 logical=0.3922 leak=0.1004 train_ler=0.695 lr=2.84e-04 4.1 it/s
[  30900] loss=0.5063 logical=0.4014 leak=0.1048 train_ler=0.734 lr=2.84e-04 4.1 it/s
[  31000] loss=0.4994 logical=0.3936 leak=0.1057 train_ler=0.727 lr=2.83e-04 4.1 it/s
[  31100] loss=0.4820 logical=0.3835 leak=0.0985 train_ler=0.719 lr=2.83e-04 4.1 it/s
[  31200] loss=0.5098 logical=0.4021 leak=0.1077 train_ler=0.750 lr=2.83e-04 4.1 it/s
[  31300] loss=0.4855 logical=0.3820 leak=0.1035 train_ler=0.688 lr=2.83e-04 4.1 it/s
[  31400] loss=0.4853 logical=0.3833 leak=0.1020 train_ler=0.723 lr=2.83e-04 4.1 it/s
[  31500] loss=0.4815 logical=0.3814 leak=0.1001 train_ler=0.688 lr=2.83e-04 4.1 it/s
[  31600] loss=0.4785 logical=0.3798 leak=0.0987 train_ler=0.734 lr=2.83e-04 4.1 it/s
[  31700] loss=0.4939 logical=0.3927 leak=0.1012 train_ler=0.711 lr=2.83e-04 4.1 it/s
[  31800] loss=0.4824 logical=0.3784 leak=0.1039 train_ler=0.730 lr=2.83e-04 4.1 it/s
[  31900] loss=0.5023 logical=0.3988 leak=0.1035 train_ler=0.746 lr=2.83e-04 4.1 it/s
[  32000] loss=0.4964 logical=0.3945 leak=0.1019 train_ler=0.746 lr=2.82e-04 4.1 it/s
[  32100] loss=0.5026 logical=0.4023 leak=0.1002 train_ler=0.762 lr=2.82e-04 4.1 it/s
[  32200] loss=0.5044 logical=0.4033 leak=0.1011 train_ler=0.738 lr=2.82e-04 4.1 it/s
[  32300] loss=0.4767 logical=0.3796 leak=0.0971 train_ler=0.715 lr=2.82e-04 4.1 it/s
[  32400] loss=0.5010 logical=0.3999 leak=0.1011 train_ler=0.668 lr=2.82e-04 4.1 it/s
[  32500] loss=0.4669 logical=0.3672 leak=0.0997 train_ler=0.688 lr=2.82e-04 4.1 it/s
[  32600] loss=0.4857 logical=0.3852 leak=0.1005 train_ler=0.758 lr=2.82e-04 4.1 it/s
[  32700] loss=0.4731 logical=0.3684 leak=0.1047 train_ler=0.742 lr=2.82e-04 4.1 it/s
[  32800] loss=0.5228 logical=0.4174 leak=0.1053 train_ler=0.746 lr=2.81e-04 4.1 it/s
[  32900] loss=0.4636 logical=0.3615 leak=0.1021 train_ler=0.672 lr=2.81e-04 4.1 it/s
[  33000] loss=0.4746 logical=0.3740 leak=0.1006 train_ler=0.691 lr=2.81e-04 4.1 it/s
[  33100] loss=0.4840 logical=0.3827 leak=0.1013 train_ler=0.688 lr=2.81e-04 4.1 it/s
[  33200] loss=0.4653 logical=0.3632 leak=0.1021 train_ler=0.703 lr=2.81e-04 4.1 it/s
[  33300] loss=0.4760 logical=0.3732 leak=0.1027 train_ler=0.703 lr=2.81e-04 4.1 it/s
[  33400] loss=0.4997 logical=0.3961 leak=0.1036 train_ler=0.758 lr=2.81e-04 4.1 it/s
[  33500] loss=0.5113 logical=0.4119 leak=0.0994 train_ler=0.738 lr=2.81e-04 4.1 it/s
[  33600] loss=0.4652 logical=0.3651 leak=0.1000 train_ler=0.691 lr=2.81e-04 4.1 it/s
[  33700] loss=0.4673 logical=0.3659 leak=0.1014 train_ler=0.672 lr=2.80e-04 4.1 it/s
[  33800] loss=0.4862 logical=0.3824 leak=0.1037 train_ler=0.777 lr=2.80e-04 4.1 it/s
[  33900] loss=0.4734 logical=0.3737 leak=0.0997 train_ler=0.711 lr=2.80e-04 4.1 it/s
[  34000] loss=0.4939 logical=0.3945 leak=0.0993 train_ler=0.703 lr=2.80e-04 4.1 it/s
[  34100] loss=0.4452 logical=0.3467 leak=0.0985 train_ler=0.672 lr=2.80e-04 4.1 it/s
[  34200] loss=0.4817 logical=0.3825 leak=0.0992 train_ler=0.723 lr=2.80e-04 4.1 it/s
[  34300] loss=0.4918 logical=0.3882 leak=0.1036 train_ler=0.727 lr=2.80e-04 4.1 it/s
[  34400] loss=0.5124 logical=0.4087 leak=0.1037 train_ler=0.738 lr=2.80e-04 4.1 it/s
[  34500] loss=0.5148 logical=0.4130 leak=0.1018 train_ler=0.781 lr=2.80e-04 4.1 it/s
[  34600] loss=0.4928 logical=0.3880 leak=0.1049 train_ler=0.727 lr=2.79e-04 4.1 it/s
[  34700] loss=0.4783 logical=0.3754 leak=0.1029 train_ler=0.723 lr=2.79e-04 4.1 it/s
[  34800] loss=0.4456 logical=0.3447 leak=0.1009 train_ler=0.641 lr=2.79e-04 4.1 it/s
[  34900] loss=0.4745 logical=0.3749 leak=0.0996 train_ler=0.695 lr=2.79e-04 4.1 it/s
[eval 35000] val LER=0.7151 (14303/20000) leak P/R=0.606/0.069 | T2-2 shots LER=0.7065 (1413/2000)  [B1 0.159, ORC 0.106]
[  35000] loss=0.4821 logical=0.3789 leak=0.1031 train_ler=0.707 lr=2.79e-04 410.0 it/s
[  35100] loss=0.4996 logical=0.3991 leak=0.1005 train_ler=0.695 lr=2.79e-04 4.1 it/s
[  35200] loss=0.5039 logical=0.3983 leak=0.1056 train_ler=0.727 lr=2.79e-04 4.1 it/s
[  35300] loss=0.4656 logical=0.3659 leak=0.0997 train_ler=0.730 lr=2.79e-04 4.1 it/s
[  35400] loss=0.4775 logical=0.3788 leak=0.0986 train_ler=0.676 lr=2.78e-04 4.1 it/s
[  35500] loss=0.5152 logical=0.4091 leak=0.1062 train_ler=0.730 lr=2.78e-04 4.1 it/s
[  35600] loss=0.4755 logical=0.3792 leak=0.0964 train_ler=0.715 lr=2.78e-04 4.1 it/s
[  35700] loss=0.4805 logical=0.3828 leak=0.0977 train_ler=0.719 lr=2.78e-04 4.1 it/s
[  35800] loss=0.5100 logical=0.4087 leak=0.1013 train_ler=0.766 lr=2.78e-04 4.1 it/s
[  35900] loss=0.4650 logical=0.3650 leak=0.1001 train_ler=0.695 lr=2.78e-04 4.1 it/s
[  36000] loss=0.4987 logical=0.3946 leak=0.1040 train_ler=0.746 lr=2.78e-04 4.1 it/s
[  36100] loss=0.4703 logical=0.3693 leak=0.1010 train_ler=0.691 lr=2.78e-04 4.1 it/s
[  36200] loss=0.4774 logical=0.3758 leak=0.1017 train_ler=0.734 lr=2.77e-04 4.1 it/s
[  36300] loss=0.5199 logical=0.4195 leak=0.1005 train_ler=0.738 lr=2.77e-04 4.1 it/s
[  36400] loss=0.5164 logical=0.4084 leak=0.1080 train_ler=0.766 lr=2.77e-04 4.1 it/s
[  36500] loss=0.4758 logical=0.3699 leak=0.1060 train_ler=0.680 lr=2.77e-04 4.1 it/s
[  36600] loss=0.4972 logical=0.3981 leak=0.0991 train_ler=0.742 lr=2.77e-04 4.1 it/s
[  36700] loss=0.4758 logical=0.3751 leak=0.1007 train_ler=0.672 lr=2.77e-04 4.1 it/s
[  36800] loss=0.5599 logical=0.4578 leak=0.1021 train_ler=0.770 lr=2.77e-04 4.1 it/s
[  36900] loss=0.4635 logical=0.3626 leak=0.1009 train_ler=0.660 lr=2.77e-04 4.1 it/s
[  37000] loss=0.4660 logical=0.3613 leak=0.1047 train_ler=0.680 lr=2.76e-04 4.1 it/s
[  37100] loss=0.4824 logical=0.3791 leak=0.1033 train_ler=0.684 lr=2.76e-04 4.1 it/s
[  37200] loss=0.4616 logical=0.3638 leak=0.0978 train_ler=0.648 lr=2.76e-04 4.1 it/s
[  37300] loss=0.5134 logical=0.4094 leak=0.1040 train_ler=0.746 lr=2.76e-04 4.1 it/s
[  37400] loss=0.4710 logical=0.3693 leak=0.1017 train_ler=0.688 lr=2.76e-04 4.1 it/s
[  37500] loss=0.4805 logical=0.3761 leak=0.1044 train_ler=0.656 lr=2.76e-04 4.1 it/s
[  37600] loss=0.4804 logical=0.3745 leak=0.1059 train_ler=0.680 lr=2.76e-04 4.1 it/s
[  37700] loss=0.4826 logical=0.3766 leak=0.1059 train_ler=0.691 lr=2.76e-04 4.1 it/s
[  37800] loss=0.4677 logical=0.3619 leak=0.1058 train_ler=0.699 lr=2.75e-04 4.1 it/s
[  37900] loss=0.4727 logical=0.3714 leak=0.1013 train_ler=0.684 lr=2.75e-04 4.1 it/s
[  38000] loss=0.4735 logical=0.3694 leak=0.1041 train_ler=0.695 lr=2.75e-04 4.1 it/s
[  38100] loss=0.4634 logical=0.3594 leak=0.1040 train_ler=0.668 lr=2.75e-04 4.1 it/s
[  38200] loss=0.4754 logical=0.3741 leak=0.1013 train_ler=0.703 lr=2.75e-04 4.1 it/s
[  38300] loss=0.4928 logical=0.3905 leak=0.1023 train_ler=0.699 lr=2.75e-04 4.1 it/s
[  38400] loss=0.4815 logical=0.3787 leak=0.1028 train_ler=0.715 lr=2.75e-04 4.1 it/s
[  38500] loss=0.4835 logical=0.3836 leak=0.0998 train_ler=0.703 lr=2.74e-04 4.1 it/s
[  38600] loss=0.4691 logical=0.3695 leak=0.0996 train_ler=0.645 lr=2.74e-04 4.1 it/s
[  38700] loss=0.4874 logical=0.3845 leak=0.1030 train_ler=0.734 lr=2.74e-04 4.1 it/s
[  38800] loss=0.4496 logical=0.3495 leak=0.1002 train_ler=0.660 lr=2.74e-04 4.1 it/s
[  38900] loss=0.4817 logical=0.3810 leak=0.1006 train_ler=0.723 lr=2.74e-04 4.1 it/s
[  39000] loss=0.4599 logical=0.3585 leak=0.1014 train_ler=0.664 lr=2.74e-04 4.1 it/s
[  39100] loss=0.4491 logical=0.3511 leak=0.0980 train_ler=0.688 lr=2.74e-04 4.1 it/s
[  39200] loss=0.5023 logical=0.4002 leak=0.1021 train_ler=0.707 lr=2.74e-04 4.1 it/s
[  39300] loss=0.4480 logical=0.3480 leak=0.0999 train_ler=0.672 lr=2.73e-04 4.1 it/s
[  39400] loss=0.4628 logical=0.3664 leak=0.0964 train_ler=0.684 lr=2.73e-04 4.1 it/s
[  39500] loss=0.4580 logical=0.3558 leak=0.1022 train_ler=0.684 lr=2.73e-04 4.1 it/s
[  39600] loss=0.4620 logical=0.3633 leak=0.0987 train_ler=0.680 lr=2.73e-04 4.1 it/s
[  39700] loss=0.4730 logical=0.3727 leak=0.1003 train_ler=0.691 lr=2.73e-04 4.1 it/s
[  39800] loss=0.4709 logical=0.3719 leak=0.0990 train_ler=0.695 lr=2.73e-04 4.1 it/s
[  39900] loss=0.4555 logical=0.3596 leak=0.0958 train_ler=0.664 lr=2.73e-04 4.1 it/s
[eval 40000] val LER=0.7005 (14009/20000) leak P/R=0.606/0.075 | T2-2 shots LER=0.6955 (1391/2000)  [B1 0.159, ORC 0.106]
[  40000] loss=0.4774 logical=0.3744 leak=0.1030 train_ler=0.699 lr=2.72e-04 401.9 it/s
[  40100] loss=0.4773 logical=0.3728 leak=0.1045 train_ler=0.715 lr=2.72e-04 4.1 it/s
[  40200] loss=0.4659 logical=0.3690 leak=0.0969 train_ler=0.668 lr=2.72e-04 4.1 it/s
[  40300] loss=0.4950 logical=0.3939 leak=0.1011 train_ler=0.699 lr=2.72e-04 4.1 it/s
[  40400] loss=0.4607 logical=0.3639 leak=0.0969 train_ler=0.664 lr=2.72e-04 4.1 it/s
[  40500] loss=0.4795 logical=0.3731 leak=0.1064 train_ler=0.672 lr=2.72e-04 4.1 it/s
[  40600] loss=0.4416 logical=0.3466 leak=0.0950 train_ler=0.637 lr=2.72e-04 4.1 it/s
[  40700] loss=0.4960 logical=0.3917 leak=0.1044 train_ler=0.680 lr=2.71e-04 4.1 it/s
[  40800] loss=0.4552 logical=0.3551 leak=0.1001 train_ler=0.641 lr=2.71e-04 4.1 it/s
[  40900] loss=0.4481 logical=0.3470 leak=0.1011 train_ler=0.633 lr=2.71e-04 4.1 it/s
[  41000] loss=0.4429 logical=0.3460 leak=0.0969 train_ler=0.652 lr=2.71e-04 4.1 it/s
[  41100] loss=0.4428 logical=0.3430 leak=0.0997 train_ler=0.645 lr=2.71e-04 4.1 it/s
[  41200] loss=0.4418 logical=0.3369 leak=0.1049 train_ler=0.617 lr=2.71e-04 4.1 it/s
[  41300] loss=0.4342 logical=0.3350 leak=0.0992 train_ler=0.629 lr=2.71e-04 4.1 it/s
[  41400] loss=0.4668 logical=0.3670 leak=0.0998 train_ler=0.672 lr=2.71e-04 4.1 it/s
[  41500] loss=0.4701 logical=0.3690 leak=0.1012 train_ler=0.668 lr=2.70e-04 4.1 it/s
[  41600] loss=0.4476 logical=0.3534 leak=0.0942 train_ler=0.645 lr=2.70e-04 4.1 it/s
[  41700] loss=0.4552 logical=0.3553 leak=0.1000 train_ler=0.648 lr=2.70e-04 4.1 it/s
[  41800] loss=0.5099 logical=0.4063 leak=0.1036 train_ler=0.730 lr=2.70e-04 4.1 it/s
[  41900] loss=0.4475 logical=0.3448 leak=0.1027 train_ler=0.668 lr=2.70e-04 4.1 it/s
[  42000] loss=0.4744 logical=0.3690 leak=0.1053 train_ler=0.676 lr=2.70e-04 4.1 it/s
[  42100] loss=0.4703 logical=0.3690 leak=0.1013 train_ler=0.684 lr=2.70e-04 4.1 it/s
[  42200] loss=0.4574 logical=0.3626 leak=0.0948 train_ler=0.637 lr=2.69e-04 4.1 it/s
[  42300] loss=0.4850 logical=0.3834 leak=0.1016 train_ler=0.711 lr=2.69e-04 4.1 it/s
[  42400] loss=0.4718 logical=0.3694 leak=0.1024 train_ler=0.680 lr=2.69e-04 4.1 it/s
[  42500] loss=0.4876 logical=0.3827 leak=0.1049 train_ler=0.652 lr=2.69e-04 4.1 it/s
[  42600] loss=0.4514 logical=0.3518 leak=0.0997 train_ler=0.672 lr=2.69e-04 4.1 it/s
[  42700] loss=0.4595 logical=0.3608 leak=0.0988 train_ler=0.676 lr=2.69e-04 4.1 it/s
[  42800] loss=0.4384 logical=0.3353 leak=0.1030 train_ler=0.672 lr=2.69e-04 4.1 it/s
[  42900] loss=0.4361 logical=0.3337 leak=0.1024 train_ler=0.660 lr=2.68e-04 4.1 it/s
[  43000] loss=0.4871 logical=0.3847 leak=0.1024 train_ler=0.688 lr=2.68e-04 4.1 it/s
[  43100] loss=0.4787 logical=0.3768 leak=0.1019 train_ler=0.699 lr=2.68e-04 4.1 it/s
[  43200] loss=0.5064 logical=0.4011 leak=0.1053 train_ler=0.727 lr=2.68e-04 4.1 it/s
[  43300] loss=0.4762 logical=0.3745 leak=0.1017 train_ler=0.719 lr=2.68e-04 4.1 it/s
[  43400] loss=0.4474 logical=0.3434 leak=0.1041 train_ler=0.648 lr=2.68e-04 4.1 it/s
[  43500] loss=0.4893 logical=0.3873 leak=0.1019 train_ler=0.695 lr=2.67e-04 4.1 it/s
[  43600] loss=0.4756 logical=0.3740 leak=0.1016 train_ler=0.715 lr=2.67e-04 4.1 it/s
[  43700] loss=0.4575 logical=0.3613 leak=0.0962 train_ler=0.703 lr=2.67e-04 4.1 it/s
[  43800] loss=0.4545 logical=0.3483 leak=0.1062 train_ler=0.664 lr=2.67e-04 4.1 it/s
[  43900] loss=0.4527 logical=0.3528 leak=0.0999 train_ler=0.684 lr=2.67e-04 4.1 it/s
[  44000] loss=0.4791 logical=0.3766 leak=0.1025 train_ler=0.703 lr=2.67e-04 4.1 it/s
[  44100] loss=0.4814 logical=0.3804 leak=0.1010 train_ler=0.688 lr=2.67e-04 4.1 it/s
[  44200] loss=0.4827 logical=0.3793 leak=0.1034 train_ler=0.691 lr=2.66e-04 4.1 it/s
[  44300] loss=0.4902 logical=0.3883 leak=0.1018 train_ler=0.754 lr=2.66e-04 4.1 it/s
[  44400] loss=0.4705 logical=0.3642 leak=0.1063 train_ler=0.637 lr=2.66e-04 4.1 it/s
[  44500] loss=0.4747 logical=0.3736 leak=0.1011 train_ler=0.684 lr=2.66e-04 4.1 it/s
[  44600] loss=0.4567 logical=0.3595 leak=0.0972 train_ler=0.672 lr=2.66e-04 4.1 it/s
[  44700] loss=0.4571 logical=0.3568 leak=0.1003 train_ler=0.664 lr=2.66e-04 4.1 it/s
[  44800] loss=0.4581 logical=0.3552 leak=0.1030 train_ler=0.656 lr=2.66e-04 4.1 it/s
[  44900] loss=0.5163 logical=0.4099 leak=0.1064 train_ler=0.762 lr=2.65e-04 4.1 it/s
[eval 45000] val LER=0.6774 (13549/20000) leak P/R=0.613/0.077 | T2-2 shots LER=0.6760 (1352/2000)  [B1 0.159, ORC 0.106]
[  45000] loss=0.4463 logical=0.3485 leak=0.0977 train_ler=0.656 lr=2.65e-04 406.3 it/s
[  45100] loss=0.4856 logical=0.3781 leak=0.1075 train_ler=0.676 lr=2.65e-04 4.1 it/s
[  45200] loss=0.4694 logical=0.3730 leak=0.0964 train_ler=0.688 lr=2.65e-04 4.1 it/s
[  45300] loss=0.4577 logical=0.3567 leak=0.1009 train_ler=0.711 lr=2.65e-04 4.1 it/s
[  45400] loss=0.4597 logical=0.3605 leak=0.0992 train_ler=0.664 lr=2.65e-04 4.1 it/s
[  45500] loss=0.4768 logical=0.3799 leak=0.0969 train_ler=0.668 lr=2.64e-04 4.1 it/s
[  45600] loss=0.4598 logical=0.3576 leak=0.1022 train_ler=0.688 lr=2.64e-04 4.1 it/s
[  45700] loss=0.5023 logical=0.4011 leak=0.1012 train_ler=0.703 lr=2.64e-04 4.1 it/s
[  45800] loss=0.4676 logical=0.3658 leak=0.1018 train_ler=0.668 lr=2.64e-04 4.1 it/s
[  45900] loss=0.4629 logical=0.3625 leak=0.1004 train_ler=0.695 lr=2.64e-04 4.1 it/s
[  46000] loss=0.4718 logical=0.3690 leak=0.1027 train_ler=0.695 lr=2.64e-04 4.1 it/s
[  46100] loss=0.4621 logical=0.3640 leak=0.0980 train_ler=0.703 lr=2.64e-04 4.1 it/s
[  46200] loss=0.4417 logical=0.3398 leak=0.1018 train_ler=0.641 lr=2.63e-04 4.1 it/s
[  46300] loss=0.4856 logical=0.3863 leak=0.0993 train_ler=0.691 lr=2.63e-04 4.1 it/s
[  46400] loss=0.4517 logical=0.3534 leak=0.0983 train_ler=0.664 lr=2.63e-04 4.1 it/s
[  46500] loss=0.4541 logical=0.3534 leak=0.1007 train_ler=0.652 lr=2.63e-04 4.1 it/s
[  46600] loss=0.4623 logical=0.3608 leak=0.1016 train_ler=0.672 lr=2.63e-04 4.1 it/s
[  46700] loss=0.4588 logical=0.3612 leak=0.0976 train_ler=0.641 lr=2.63e-04 4.1 it/s
[  46800] loss=0.4249 logical=0.3251 leak=0.0998 train_ler=0.629 lr=2.62e-04 4.1 it/s
[  46900] loss=0.4768 logical=0.3780 leak=0.0988 train_ler=0.684 lr=2.62e-04 4.1 it/s
[  47000] loss=0.4456 logical=0.3432 leak=0.1023 train_ler=0.645 lr=2.62e-04 4.1 it/s
[  47100] loss=0.4651 logical=0.3610 leak=0.1041 train_ler=0.668 lr=2.62e-04 4.1 it/s
[  47200] loss=0.4579 logical=0.3589 leak=0.0991 train_ler=0.598 lr=2.62e-04 4.1 it/s
[  47300] loss=0.4921 logical=0.3883 leak=0.1038 train_ler=0.723 lr=2.62e-04 4.1 it/s
[  47400] loss=0.4702 logical=0.3680 leak=0.1022 train_ler=0.703 lr=2.62e-04 4.1 it/s
[  47500] loss=0.4626 logical=0.3582 leak=0.1044 train_ler=0.652 lr=2.61e-04 4.1 it/s
[  47600] loss=0.4295 logical=0.3329 leak=0.0966 train_ler=0.652 lr=2.61e-04 4.1 it/s
[  47700] loss=0.4406 logical=0.3422 leak=0.0984 train_ler=0.652 lr=2.61e-04 4.1 it/s
[  47800] loss=0.4507 logical=0.3536 leak=0.0972 train_ler=0.648 lr=2.61e-04 4.1 it/s
[  47900] loss=0.4806 logical=0.3756 leak=0.1051 train_ler=0.684 lr=2.61e-04 4.1 it/s
[  48000] loss=0.4713 logical=0.3710 leak=0.1003 train_ler=0.711 lr=2.61e-04 4.1 it/s
[  48100] loss=0.4561 logical=0.3534 leak=0.1026 train_ler=0.648 lr=2.60e-04 4.1 it/s
[  48200] loss=0.4552 logical=0.3515 leak=0.1038 train_ler=0.660 lr=2.60e-04 4.1 it/s
[  48300] loss=0.4457 logical=0.3422 leak=0.1035 train_ler=0.676 lr=2.60e-04 4.1 it/s
[  48400] loss=0.4470 logical=0.3485 leak=0.0984 train_ler=0.613 lr=2.60e-04 4.1 it/s
[  48500] loss=0.4612 logical=0.3555 leak=0.1057 train_ler=0.664 lr=2.60e-04 4.1 it/s
[  48600] loss=0.4687 logical=0.3707 leak=0.0980 train_ler=0.672 lr=2.60e-04 4.1 it/s
[  48700] loss=0.4500 logical=0.3524 leak=0.0976 train_ler=0.660 lr=2.59e-04 4.1 it/s
[  48800] loss=0.4514 logical=0.3536 leak=0.0978 train_ler=0.672 lr=2.59e-04 4.1 it/s
[  48900] loss=0.4573 logical=0.3582 leak=0.0991 train_ler=0.668 lr=2.59e-04 4.1 it/s
[  49000] loss=0.4358 logical=0.3296 leak=0.1062 train_ler=0.598 lr=2.59e-04 4.1 it/s
[  49100] loss=0.4543 logical=0.3583 leak=0.0960 train_ler=0.656 lr=2.59e-04 4.1 it/s
[  49200] loss=0.4180 logical=0.3191 leak=0.0989 train_ler=0.629 lr=2.59e-04 4.1 it/s
[  49300] loss=0.4884 logical=0.3862 leak=0.1022 train_ler=0.695 lr=2.58e-04 4.1 it/s
[  49400] loss=0.4544 logical=0.3472 leak=0.1072 train_ler=0.660 lr=2.58e-04 4.1 it/s
[  49500] loss=0.4317 logical=0.3332 leak=0.0985 train_ler=0.637 lr=2.58e-04 4.1 it/s
[  49600] loss=0.4459 logical=0.3432 leak=0.1027 train_ler=0.660 lr=2.58e-04 4.1 it/s
[  49700] loss=0.4927 logical=0.3908 leak=0.1019 train_ler=0.691 lr=2.58e-04 4.1 it/s
[  49800] loss=0.4748 logical=0.3714 leak=0.1034 train_ler=0.684 lr=2.58e-04 4.1 it/s
[  49900] loss=0.4543 logical=0.3574 leak=0.0970 train_ler=0.668 lr=2.57e-04 4.1 it/s
[eval 50000] val LER=0.6587 (13174/20000) leak P/R=0.604/0.084 | T2-2 shots LER=0.6490 (1298/2000)  [B1 0.159, ORC 0.106]
[  50000] loss=0.4672 logical=0.3670 leak=0.1002 train_ler=0.680 lr=2.57e-04 424.7 it/s
[  50100] loss=0.4580 logical=0.3554 leak=0.1026 train_ler=0.668 lr=2.57e-04 4.1 it/s
[  50200] loss=0.4585 logical=0.3648 leak=0.0937 train_ler=0.668 lr=2.57e-04 4.1 it/s
[  50300] loss=0.4308 logical=0.3283 leak=0.1026 train_ler=0.633 lr=2.57e-04 4.1 it/s
[  50400] loss=0.4323 logical=0.3337 leak=0.0985 train_ler=0.609 lr=2.57e-04 4.1 it/s
[  50500] loss=0.4490 logical=0.3479 leak=0.1011 train_ler=0.625 lr=2.56e-04 4.1 it/s
[  50600] loss=0.4510 logical=0.3531 leak=0.0979 train_ler=0.664 lr=2.56e-04 4.1 it/s
[  50700] loss=0.4432 logical=0.3437 leak=0.0996 train_ler=0.633 lr=2.56e-04 4.1 it/s
[  50800] loss=0.4470 logical=0.3465 leak=0.1005 train_ler=0.637 lr=2.56e-04 4.1 it/s
[  50900] loss=0.4657 logical=0.3706 leak=0.0951 train_ler=0.684 lr=2.56e-04 4.1 it/s
[  51000] loss=0.4414 logical=0.3379 leak=0.1034 train_ler=0.668 lr=2.56e-04 4.1 it/s
[  51100] loss=0.4463 logical=0.3446 leak=0.1017 train_ler=0.652 lr=2.55e-04 4.1 it/s
[  51200] loss=0.4404 logical=0.3437 leak=0.0967 train_ler=0.641 lr=2.55e-04 4.1 it/s
[  51300] loss=0.4398 logical=0.3392 leak=0.1005 train_ler=0.680 lr=2.55e-04 4.1 it/s
[  51400] loss=0.4509 logical=0.3504 leak=0.1005 train_ler=0.652 lr=2.55e-04 4.1 it/s
[  51500] loss=0.4483 logical=0.3499 leak=0.0984 train_ler=0.645 lr=2.55e-04 4.1 it/s
[  51600] loss=0.4685 logical=0.3665 leak=0.1020 train_ler=0.672 lr=2.55e-04 4.1 it/s
[  51700] loss=0.4530 logical=0.3536 leak=0.0994 train_ler=0.660 lr=2.54e-04 4.1 it/s
[  51800] loss=0.4414 logical=0.3387 leak=0.1028 train_ler=0.641 lr=2.54e-04 4.1 it/s
[  51900] loss=0.4146 logical=0.3148 leak=0.0998 train_ler=0.594 lr=2.54e-04 4.1 it/s
[  52000] loss=0.4555 logical=0.3557 leak=0.0998 train_ler=0.660 lr=2.54e-04 4.1 it/s
[  52100] loss=0.4540 logical=0.3549 leak=0.0991 train_ler=0.672 lr=2.54e-04 4.1 it/s
[  52200] loss=0.4529 logical=0.3507 leak=0.1023 train_ler=0.680 lr=2.54e-04 4.1 it/s
[  52300] loss=0.4511 logical=0.3526 leak=0.0985 train_ler=0.676 lr=2.53e-04 4.1 it/s
[  52400] loss=0.4530 logical=0.3536 leak=0.0995 train_ler=0.648 lr=2.53e-04 4.1 it/s
[  52500] loss=0.4838 logical=0.3775 leak=0.1063 train_ler=0.668 lr=2.53e-04 4.1 it/s
[  52600] loss=0.4790 logical=0.3785 leak=0.1004 train_ler=0.656 lr=2.53e-04 4.1 it/s
[  52700] loss=0.4478 logical=0.3493 leak=0.0985 train_ler=0.645 lr=2.53e-04 4.1 it/s
[  52800] loss=0.4676 logical=0.3630 leak=0.1046 train_ler=0.672 lr=2.53e-04 4.1 it/s
[  52900] loss=0.4394 logical=0.3392 leak=0.1003 train_ler=0.668 lr=2.52e-04 4.1 it/s
[  53000] loss=0.4802 logical=0.3721 leak=0.1081 train_ler=0.672 lr=2.52e-04 4.1 it/s
[  53100] loss=0.4457 logical=0.3436 leak=0.1021 train_ler=0.629 lr=2.52e-04 4.1 it/s
[  53200] loss=0.4957 logical=0.3944 leak=0.1012 train_ler=0.695 lr=2.52e-04 4.1 it/s
[  53300] loss=0.4506 logical=0.3514 leak=0.0992 train_ler=0.664 lr=2.52e-04 4.1 it/s
[  53400] loss=0.4737 logical=0.3719 leak=0.1018 train_ler=0.684 lr=2.52e-04 4.1 it/s
[  53500] loss=0.4348 logical=0.3337 leak=0.1010 train_ler=0.660 lr=2.51e-04 4.1 it/s
[  53600] loss=0.4604 logical=0.3550 leak=0.1054 train_ler=0.668 lr=2.51e-04 4.1 it/s
[  53700] loss=0.4374 logical=0.3384 leak=0.0989 train_ler=0.613 lr=2.51e-04 4.1 it/s
[  53800] loss=0.4381 logical=0.3374 leak=0.1007 train_ler=0.621 lr=2.51e-04 4.1 it/s
[  53900] loss=0.4314 logical=0.3282 leak=0.1032 train_ler=0.602 lr=2.51e-04 4.1 it/s
[  54000] loss=0.4197 logical=0.3226 leak=0.0972 train_ler=0.633 lr=2.50e-04 4.1 it/s
[  54100] loss=0.4328 logical=0.3315 leak=0.1013 train_ler=0.629 lr=2.50e-04 4.1 it/s
[  54200] loss=0.4209 logical=0.3199 leak=0.1010 train_ler=0.613 lr=2.50e-04 4.1 it/s
[  54300] loss=0.4600 logical=0.3573 leak=0.1027 train_ler=0.641 lr=2.50e-04 4.1 it/s
[  54400] loss=0.4486 logical=0.3521 leak=0.0965 train_ler=0.633 lr=2.50e-04 4.1 it/s
[  54500] loss=0.4488 logical=0.3480 leak=0.1009 train_ler=0.648 lr=2.50e-04 4.1 it/s
[  54600] loss=0.4695 logical=0.3699 leak=0.0996 train_ler=0.676 lr=2.49e-04 4.1 it/s
[  54700] loss=0.4453 logical=0.3455 leak=0.0998 train_ler=0.645 lr=2.49e-04 4.1 it/s
[  54800] loss=0.4452 logical=0.3424 leak=0.1028 train_ler=0.645 lr=2.49e-04 4.1 it/s
[  54900] loss=0.4653 logical=0.3590 leak=0.1063 train_ler=0.672 lr=2.49e-04 4.1 it/s
[eval 55000] val LER=0.6478 (12956/20000) leak P/R=0.625/0.076 | T2-2 shots LER=0.6435 (1287/2000)  [B1 0.159, ORC 0.106]
[  55000] loss=0.4502 logical=0.3478 leak=0.1023 train_ler=0.680 lr=2.49e-04 413.4 it/s
[  55100] loss=0.4459 logical=0.3464 leak=0.0994 train_ler=0.625 lr=2.49e-04 4.1 it/s
[  55200] loss=0.4246 logical=0.3293 leak=0.0953 train_ler=0.617 lr=2.48e-04 4.1 it/s
[  55300] loss=0.4562 logical=0.3565 leak=0.0997 train_ler=0.695 lr=2.48e-04 4.1 it/s
[  55400] loss=0.4269 logical=0.3243 leak=0.1027 train_ler=0.621 lr=2.48e-04 4.1 it/s
[  55500] loss=0.4724 logical=0.3732 leak=0.0992 train_ler=0.672 lr=2.48e-04 4.1 it/s
[  55600] loss=0.4395 logical=0.3452 leak=0.0943 train_ler=0.684 lr=2.48e-04 4.1 it/s
[  55700] loss=0.4130 logical=0.3150 leak=0.0981 train_ler=0.602 lr=2.47e-04 4.1 it/s
[  55800] loss=0.4286 logical=0.3305 leak=0.0981 train_ler=0.633 lr=2.47e-04 4.1 it/s
[  55900] loss=0.4560 logical=0.3537 leak=0.1023 train_ler=0.637 lr=2.47e-04 4.1 it/s
[  56000] loss=0.4710 logical=0.3674 leak=0.1035 train_ler=0.656 lr=2.47e-04 4.1 it/s
[  56100] loss=0.4669 logical=0.3647 leak=0.1022 train_ler=0.641 lr=2.47e-04 4.1 it/s
[  56200] loss=0.4285 logical=0.3316 leak=0.0969 train_ler=0.641 lr=2.47e-04 4.1 it/s
[  56300] loss=0.4532 logical=0.3581 leak=0.0950 train_ler=0.680 lr=2.46e-04 4.1 it/s
[  56400] loss=0.4323 logical=0.3326 leak=0.0997 train_ler=0.625 lr=2.46e-04 4.1 it/s
[  56500] loss=0.4561 logical=0.3562 leak=0.0999 train_ler=0.648 lr=2.46e-04 4.1 it/s
[  56600] loss=0.4731 logical=0.3687 leak=0.1044 train_ler=0.625 lr=2.46e-04 4.1 it/s
[  56700] loss=0.4397 logical=0.3374 leak=0.1023 train_ler=0.656 lr=2.46e-04 4.1 it/s
[  56800] loss=0.4450 logical=0.3461 leak=0.0989 train_ler=0.645 lr=2.45e-04 4.1 it/s
[  56900] loss=0.4346 logical=0.3341 leak=0.1005 train_ler=0.633 lr=2.45e-04 4.1 it/s
[  57000] loss=0.4005 logical=0.3038 leak=0.0967 train_ler=0.594 lr=2.45e-04 4.1 it/s
[  57100] loss=0.4502 logical=0.3482 leak=0.1020 train_ler=0.621 lr=2.45e-04 4.1 it/s
[  57200] loss=0.4280 logical=0.3289 leak=0.0991 train_ler=0.629 lr=2.45e-04 4.1 it/s
[  57300] loss=0.4601 logical=0.3536 leak=0.1065 train_ler=0.641 lr=2.45e-04 4.1 it/s
[  57400] loss=0.4263 logical=0.3243 leak=0.1020 train_ler=0.621 lr=2.44e-04 4.1 it/s
[  57500] loss=0.4147 logical=0.3186 leak=0.0962 train_ler=0.602 lr=2.44e-04 4.1 it/s
[  57600] loss=0.4245 logical=0.3252 leak=0.0993 train_ler=0.625 lr=2.44e-04 4.1 it/s
[  57700] loss=0.4665 logical=0.3669 leak=0.0996 train_ler=0.613 lr=2.44e-04 4.1 it/s
[  57800] loss=0.4356 logical=0.3303 leak=0.1052 train_ler=0.609 lr=2.44e-04 4.1 it/s
[  57900] loss=0.4349 logical=0.3328 leak=0.1021 train_ler=0.641 lr=2.43e-04 4.1 it/s
[  58000] loss=0.4882 logical=0.3835 leak=0.1047 train_ler=0.684 lr=2.43e-04 4.1 it/s
[  58100] loss=0.4312 logical=0.3314 leak=0.0998 train_ler=0.613 lr=2.43e-04 4.1 it/s
[  58200] loss=0.4346 logical=0.3355 leak=0.0991 train_ler=0.621 lr=2.43e-04 4.1 it/s
[  58300] loss=0.4545 logical=0.3514 leak=0.1030 train_ler=0.652 lr=2.43e-04 4.1 it/s
[  58400] loss=0.4393 logical=0.3396 leak=0.0997 train_ler=0.594 lr=2.43e-04 4.1 it/s
[  58500] loss=0.4281 logical=0.3267 leak=0.1013 train_ler=0.590 lr=2.42e-04 4.1 it/s
[  58600] loss=0.4612 logical=0.3565 leak=0.1046 train_ler=0.672 lr=2.42e-04 4.1 it/s
[  58700] loss=0.4496 logical=0.3483 leak=0.1013 train_ler=0.598 lr=2.42e-04 4.1 it/s
[  58800] loss=0.4464 logical=0.3459 leak=0.1005 train_ler=0.656 lr=2.42e-04 4.1 it/s
[  58900] loss=0.4455 logical=0.3457 leak=0.0999 train_ler=0.660 lr=2.42e-04 4.1 it/s
[  59000] loss=0.4448 logical=0.3460 leak=0.0988 train_ler=0.609 lr=2.41e-04 4.1 it/s
[  59100] loss=0.4070 logical=0.3117 leak=0.0953 train_ler=0.598 lr=2.41e-04 4.1 it/s
[  59200] loss=0.4695 logical=0.3706 leak=0.0989 train_ler=0.672 lr=2.41e-04 4.1 it/s
[  59300] loss=0.4503 logical=0.3533 leak=0.0971 train_ler=0.672 lr=2.41e-04 4.1 it/s
[  59400] loss=0.4335 logical=0.3364 leak=0.0970 train_ler=0.672 lr=2.41e-04 4.1 it/s
[  59500] loss=0.4207 logical=0.3215 leak=0.0992 train_ler=0.617 lr=2.40e-04 4.1 it/s
[  59600] loss=0.4079 logical=0.3076 leak=0.1003 train_ler=0.578 lr=2.40e-04 4.1 it/s
[  59700] loss=0.4426 logical=0.3468 leak=0.0958 train_ler=0.617 lr=2.40e-04 4.1 it/s
[  59800] loss=0.4720 logical=0.3734 leak=0.0985 train_ler=0.688 lr=2.40e-04 4.1 it/s
[  59900] loss=0.4377 logical=0.3371 leak=0.1005 train_ler=0.613 lr=2.40e-04 4.1 it/s
[eval 60000] val LER=0.6412 (12824/20000) leak P/R=0.624/0.081 | T2-2 shots LER=0.6280 (1256/2000)  [B1 0.159, ORC 0.106]
[  60000] loss=0.4374 logical=0.3385 leak=0.0989 train_ler=0.602 lr=2.40e-04 402.7 it/s
[  60100] loss=0.4116 logical=0.3134 leak=0.0982 train_ler=0.590 lr=2.39e-04 4.1 it/s
[  60200] loss=0.4679 logical=0.3661 leak=0.1019 train_ler=0.691 lr=2.39e-04 4.1 it/s
[  60300] loss=0.4765 logical=0.3723 leak=0.1042 train_ler=0.668 lr=2.39e-04 4.1 it/s
[  60400] loss=0.4242 logical=0.3255 leak=0.0987 train_ler=0.629 lr=2.39e-04 4.1 it/s
[  60500] loss=0.4443 logical=0.3434 leak=0.1010 train_ler=0.699 lr=2.39e-04 4.1 it/s
[  60600] loss=0.3969 logical=0.2989 leak=0.0980 train_ler=0.566 lr=2.38e-04 4.1 it/s
[  60700] loss=0.4520 logical=0.3526 leak=0.0995 train_ler=0.652 lr=2.38e-04 4.1 it/s
[  60800] loss=0.4178 logical=0.3162 leak=0.1017 train_ler=0.598 lr=2.38e-04 4.1 it/s
[  60900] loss=0.4493 logical=0.3503 leak=0.0990 train_ler=0.645 lr=2.38e-04 4.1 it/s
[  61000] loss=0.4532 logical=0.3581 leak=0.0951 train_ler=0.656 lr=2.38e-04 4.1 it/s
[  61100] loss=0.4211 logical=0.3218 leak=0.0993 train_ler=0.590 lr=2.37e-04 4.1 it/s
[  61200] loss=0.4913 logical=0.3853 leak=0.1060 train_ler=0.699 lr=2.37e-04 4.1 it/s
[  61300] loss=0.4179 logical=0.3203 leak=0.0976 train_ler=0.637 lr=2.37e-04 4.1 it/s
[  61400] loss=0.4089 logical=0.3117 leak=0.0973 train_ler=0.609 lr=2.37e-04 4.1 it/s
[  61500] loss=0.4231 logical=0.3207 leak=0.1024 train_ler=0.613 lr=2.37e-04 4.1 it/s
[  61600] loss=0.4147 logical=0.3121 leak=0.1026 train_ler=0.598 lr=2.36e-04 4.1 it/s
[  61700] loss=0.4478 logical=0.3462 leak=0.1016 train_ler=0.613 lr=2.36e-04 4.1 it/s
[  61800] loss=0.4232 logical=0.3252 leak=0.0980 train_ler=0.594 lr=2.36e-04 4.1 it/s
[  61900] loss=0.4292 logical=0.3337 leak=0.0954 train_ler=0.598 lr=2.36e-04 4.1 it/s
[  62000] loss=0.4361 logical=0.3403 leak=0.0958 train_ler=0.629 lr=2.36e-04 4.1 it/s
[  62100] loss=0.3877 logical=0.2922 leak=0.0955 train_ler=0.562 lr=2.35e-04 4.1 it/s
[  62200] loss=0.4628 logical=0.3591 leak=0.1037 train_ler=0.664 lr=2.35e-04 4.1 it/s
[  62300] loss=0.4430 logical=0.3422 leak=0.1009 train_ler=0.660 lr=2.35e-04 4.1 it/s
[  62400] loss=0.4547 logical=0.3531 leak=0.1016 train_ler=0.656 lr=2.35e-04 4.1 it/s
[  62500] loss=0.4728 logical=0.3737 leak=0.0991 train_ler=0.660 lr=2.35e-04 4.1 it/s
[  62600] loss=0.4447 logical=0.3406 leak=0.1041 train_ler=0.641 lr=2.34e-04 4.1 it/s
[  62700] loss=0.4632 logical=0.3577 leak=0.1056 train_ler=0.680 lr=2.34e-04 4.1 it/s
[  62800] loss=0.4309 logical=0.3340 leak=0.0969 train_ler=0.648 lr=2.34e-04 4.1 it/s
[  62900] loss=0.4122 logical=0.3154 leak=0.0968 train_ler=0.602 lr=2.34e-04 4.1 it/s
[  63000] loss=0.4298 logical=0.3289 leak=0.1009 train_ler=0.629 lr=2.34e-04 4.1 it/s
[  63100] loss=0.4413 logical=0.3419 leak=0.0994 train_ler=0.652 lr=2.34e-04 4.1 it/s
[  63200] loss=0.4429 logical=0.3423 leak=0.1006 train_ler=0.633 lr=2.33e-04 4.1 it/s
[  63300] loss=0.4652 logical=0.3652 leak=0.1000 train_ler=0.645 lr=2.33e-04 4.1 it/s
[  63400] loss=0.4491 logical=0.3511 leak=0.0980 train_ler=0.633 lr=2.33e-04 4.1 it/s
[  63500] loss=0.4271 logical=0.3236 leak=0.1035 train_ler=0.617 lr=2.33e-04 4.1 it/s
[  63600] loss=0.4183 logical=0.3203 leak=0.0979 train_ler=0.594 lr=2.33e-04 4.1 it/s
[  63700] loss=0.4550 logical=0.3530 leak=0.1020 train_ler=0.641 lr=2.32e-04 4.1 it/s
[  63800] loss=0.4474 logical=0.3499 leak=0.0975 train_ler=0.645 lr=2.32e-04 4.1 it/s
[  63900] loss=0.4382 logical=0.3352 leak=0.1031 train_ler=0.637 lr=2.32e-04 4.1 it/s
[  64000] loss=0.4351 logical=0.3354 leak=0.0997 train_ler=0.602 lr=2.32e-04 4.1 it/s
[  64100] loss=0.4368 logical=0.3395 leak=0.0973 train_ler=0.648 lr=2.32e-04 4.1 it/s
[  64200] loss=0.4077 logical=0.3082 leak=0.0995 train_ler=0.613 lr=2.31e-04 4.1 it/s
[  64300] loss=0.4037 logical=0.3046 leak=0.0992 train_ler=0.605 lr=2.31e-04 4.1 it/s
[  64400] loss=0.4228 logical=0.3270 leak=0.0958 train_ler=0.562 lr=2.31e-04 4.1 it/s
[  64500] loss=0.4563 logical=0.3582 leak=0.0981 train_ler=0.664 lr=2.31e-04 4.1 it/s
[  64600] loss=0.4320 logical=0.3294 leak=0.1026 train_ler=0.637 lr=2.31e-04 4.1 it/s
[  64700] loss=0.4157 logical=0.3152 leak=0.1006 train_ler=0.602 lr=2.30e-04 4.1 it/s
[  64800] loss=0.4266 logical=0.3297 leak=0.0969 train_ler=0.602 lr=2.30e-04 4.1 it/s
[  64900] loss=0.4382 logical=0.3345 leak=0.1037 train_ler=0.617 lr=2.30e-04 4.1 it/s
[eval 65000] val LER=0.6282 (12564/20000) leak P/R=0.621/0.087 | T2-2 shots LER=0.6235 (1247/2000)  [B1 0.159, ORC 0.106]
[  65000] loss=0.4345 logical=0.3323 leak=0.1022 train_ler=0.695 lr=2.30e-04 411.7 it/s
[  65100] loss=0.4324 logical=0.3353 leak=0.0971 train_ler=0.633 lr=2.30e-04 4.1 it/s
[  65200] loss=0.4349 logical=0.3337 leak=0.1012 train_ler=0.605 lr=2.29e-04 4.1 it/s
[  65300] loss=0.4116 logical=0.3118 leak=0.0998 train_ler=0.617 lr=2.29e-04 4.1 it/s
[  65400] loss=0.3914 logical=0.2891 leak=0.1023 train_ler=0.562 lr=2.29e-04 4.1 it/s
[  65500] loss=0.4410 logical=0.3396 leak=0.1014 train_ler=0.621 lr=2.29e-04 4.1 it/s
[  65600] loss=0.4389 logical=0.3383 leak=0.1006 train_ler=0.625 lr=2.29e-04 4.1 it/s
[  65700] loss=0.3958 logical=0.2948 leak=0.1009 train_ler=0.578 lr=2.28e-04 4.1 it/s
[  65800] loss=0.4166 logical=0.3177 leak=0.0988 train_ler=0.566 lr=2.28e-04 4.1 it/s
[  65900] loss=0.4138 logical=0.3120 leak=0.1018 train_ler=0.582 lr=2.28e-04 4.1 it/s
[  66000] loss=0.4006 logical=0.3013 leak=0.0992 train_ler=0.574 lr=2.28e-04 4.1 it/s
[  66100] loss=0.4513 logical=0.3499 leak=0.1014 train_ler=0.656 lr=2.28e-04 4.1 it/s
[  66200] loss=0.4462 logical=0.3471 leak=0.0991 train_ler=0.629 lr=2.27e-04 4.1 it/s
[  66300] loss=0.4172 logical=0.3202 leak=0.0970 train_ler=0.602 lr=2.27e-04 4.1 it/s
[  66400] loss=0.4286 logical=0.3324 leak=0.0962 train_ler=0.617 lr=2.27e-04 4.1 it/s
[  66500] loss=0.4435 logical=0.3450 leak=0.0985 train_ler=0.605 lr=2.27e-04 4.1 it/s
[  66600] loss=0.4158 logical=0.3192 leak=0.0966 train_ler=0.574 lr=2.26e-04 4.1 it/s
[  66700] loss=0.4401 logical=0.3383 leak=0.1018 train_ler=0.648 lr=2.26e-04 4.1 it/s
[  66800] loss=0.4040 logical=0.3039 leak=0.1000 train_ler=0.594 lr=2.26e-04 4.1 it/s
[  66900] loss=0.4503 logical=0.3475 leak=0.1027 train_ler=0.672 lr=2.26e-04 4.1 it/s
[  67000] loss=0.4560 logical=0.3543 leak=0.1017 train_ler=0.656 lr=2.26e-04 4.1 it/s
[  67100] loss=0.4409 logical=0.3444 leak=0.0965 train_ler=0.633 lr=2.25e-04 4.1 it/s
[  67200] loss=0.4532 logical=0.3565 leak=0.0967 train_ler=0.676 lr=2.25e-04 4.1 it/s
[  67300] loss=0.4425 logical=0.3434 leak=0.0991 train_ler=0.637 lr=2.25e-04 4.1 it/s
[  67400] loss=0.4213 logical=0.3236 leak=0.0977 train_ler=0.641 lr=2.25e-04 4.1 it/s
[  67500] loss=0.5019 logical=0.3989 leak=0.1030 train_ler=0.699 lr=2.25e-04 4.1 it/s
[  67600] loss=0.4658 logical=0.3692 leak=0.0966 train_ler=0.648 lr=2.24e-04 4.1 it/s
[  67700] loss=0.4209 logical=0.3176 leak=0.1034 train_ler=0.582 lr=2.24e-04 4.1 it/s
[  67800] loss=0.4590 logical=0.3603 leak=0.0987 train_ler=0.645 lr=2.24e-04 4.1 it/s
[  67900] loss=0.4478 logical=0.3441 leak=0.1038 train_ler=0.652 lr=2.24e-04 4.1 it/s
[  68000] loss=0.4498 logical=0.3475 leak=0.1022 train_ler=0.633 lr=2.24e-04 4.1 it/s
[  68100] loss=0.4098 logical=0.3075 leak=0.1022 train_ler=0.598 lr=2.23e-04 4.1 it/s
[  68200] loss=0.4363 logical=0.3369 leak=0.0994 train_ler=0.625 lr=2.23e-04 4.1 it/s
[  68300] loss=0.4848 logical=0.3849 leak=0.0999 train_ler=0.707 lr=2.23e-04 4.1 it/s
[  68400] loss=0.4447 logical=0.3423 leak=0.1025 train_ler=0.633 lr=2.23e-04 4.1 it/s
[  68500] loss=0.4157 logical=0.3167 leak=0.0990 train_ler=0.594 lr=2.23e-04 4.1 it/s
[  68600] loss=0.4085 logical=0.3081 leak=0.1005 train_ler=0.570 lr=2.22e-04 4.1 it/s
[  68700] loss=0.4270 logical=0.3279 leak=0.0991 train_ler=0.633 lr=2.22e-04 4.1 it/s
[  68800] loss=0.4468 logical=0.3430 leak=0.1038 train_ler=0.633 lr=2.22e-04 4.1 it/s
[  68900] loss=0.4262 logical=0.3287 leak=0.0975 train_ler=0.617 lr=2.22e-04 4.1 it/s
[  69000] loss=0.4328 logical=0.3330 leak=0.0999 train_ler=0.629 lr=2.22e-04 4.1 it/s
[  69100] loss=0.3867 logical=0.2903 leak=0.0964 train_ler=0.535 lr=2.21e-04 4.1 it/s
[  69200] loss=0.4117 logical=0.3105 leak=0.1012 train_ler=0.594 lr=2.21e-04 4.1 it/s
[  69300] loss=0.4111 logical=0.3122 leak=0.0990 train_ler=0.590 lr=2.21e-04 4.1 it/s
[  69400] loss=0.4283 logical=0.3262 leak=0.1021 train_ler=0.613 lr=2.21e-04 4.1 it/s
[  69500] loss=0.4316 logical=0.3335 leak=0.0981 train_ler=0.602 lr=2.21e-04 4.1 it/s
[  69600] loss=0.4182 logical=0.3191 leak=0.0991 train_ler=0.609 lr=2.20e-04 4.1 it/s
[  69700] loss=0.4473 logical=0.3427 leak=0.1046 train_ler=0.609 lr=2.20e-04 4.1 it/s
[  69800] loss=0.4459 logical=0.3423 leak=0.1036 train_ler=0.633 lr=2.20e-04 4.1 it/s
[  69900] loss=0.4194 logical=0.3179 leak=0.1015 train_ler=0.586 lr=2.20e-04 4.1 it/s
[eval 70000] val LER=0.6193 (12386/20000) leak P/R=0.625/0.088 | T2-2 shots LER=0.6135 (1227/2000)  [B1 0.159, ORC 0.106]
[  70000] loss=0.4164 logical=0.3189 leak=0.0975 train_ler=0.555 lr=2.19e-04 420.9 it/s
[  70100] loss=0.4295 logical=0.3302 leak=0.0993 train_ler=0.574 lr=2.19e-04 4.1 it/s
[  70200] loss=0.4468 logical=0.3461 leak=0.1007 train_ler=0.621 lr=2.19e-04 4.1 it/s
[  70300] loss=0.4440 logical=0.3435 leak=0.1005 train_ler=0.672 lr=2.19e-04 4.1 it/s
[  70400] loss=0.4125 logical=0.3180 leak=0.0945 train_ler=0.594 lr=2.19e-04 4.1 it/s
[  70500] loss=0.4546 logical=0.3549 leak=0.0997 train_ler=0.688 lr=2.18e-04 4.1 it/s
[  70600] loss=0.4193 logical=0.3242 leak=0.0951 train_ler=0.613 lr=2.18e-04 4.1 it/s
[  70700] loss=0.3958 logical=0.2938 leak=0.1020 train_ler=0.566 lr=2.18e-04 4.1 it/s
[  70800] loss=0.4232 logical=0.3247 leak=0.0984 train_ler=0.633 lr=2.18e-04 4.1 it/s
[  70900] loss=0.4218 logical=0.3264 leak=0.0954 train_ler=0.605 lr=2.18e-04 4.1 it/s
[  71000] loss=0.4166 logical=0.3169 leak=0.0998 train_ler=0.590 lr=2.17e-04 4.1 it/s
[  71100] loss=0.4484 logical=0.3434 leak=0.1050 train_ler=0.656 lr=2.17e-04 4.1 it/s
[  71200] loss=0.4520 logical=0.3533 leak=0.0987 train_ler=0.598 lr=2.17e-04 4.1 it/s
[  71300] loss=0.4294 logical=0.3277 leak=0.1017 train_ler=0.625 lr=2.17e-04 4.1 it/s
[  71400] loss=0.4524 logical=0.3522 leak=0.1002 train_ler=0.633 lr=2.17e-04 4.1 it/s
[  71500] loss=0.4418 logical=0.3450 leak=0.0968 train_ler=0.617 lr=2.16e-04 4.1 it/s
[  71600] loss=0.4277 logical=0.3253 leak=0.1024 train_ler=0.602 lr=2.16e-04 4.1 it/s
[  71700] loss=0.4647 logical=0.3642 leak=0.1005 train_ler=0.660 lr=2.16e-04 4.1 it/s
[  71800] loss=0.4033 logical=0.3028 leak=0.1005 train_ler=0.594 lr=2.16e-04 4.1 it/s
[  71900] loss=0.4581 logical=0.3558 leak=0.1023 train_ler=0.652 lr=2.15e-04 4.1 it/s
[  72000] loss=0.4116 logical=0.3137 leak=0.0979 train_ler=0.605 lr=2.15e-04 4.1 it/s
[  72100] loss=0.4387 logical=0.3366 leak=0.1021 train_ler=0.602 lr=2.15e-04 4.1 it/s
[  72200] loss=0.4379 logical=0.3379 leak=0.1000 train_ler=0.609 lr=2.15e-04 4.1 it/s
[  72300] loss=0.3970 logical=0.2918 leak=0.1052 train_ler=0.598 lr=2.15e-04 4.1 it/s
[  72400] loss=0.4108 logical=0.3137 leak=0.0970 train_ler=0.543 lr=2.14e-04 4.1 it/s
[  72500] loss=0.4043 logical=0.3115 leak=0.0928 train_ler=0.598 lr=2.14e-04 4.1 it/s
[  72600] loss=0.4223 logical=0.3279 leak=0.0943 train_ler=0.625 lr=2.14e-04 4.1 it/s
[  72700] loss=0.4284 logical=0.3301 leak=0.0983 train_ler=0.637 lr=2.14e-04 4.1 it/s
[  72800] loss=0.4269 logical=0.3308 leak=0.0962 train_ler=0.645 lr=2.14e-04 4.1 it/s
[  72900] loss=0.4476 logical=0.3447 leak=0.1030 train_ler=0.641 lr=2.13e-04 4.1 it/s
[  73000] loss=0.4341 logical=0.3321 leak=0.1020 train_ler=0.609 lr=2.13e-04 4.1 it/s
[  73100] loss=0.4452 logical=0.3465 leak=0.0987 train_ler=0.625 lr=2.13e-04 4.1 it/s
[  73200] loss=0.4170 logical=0.3181 leak=0.0988 train_ler=0.594 lr=2.13e-04 4.1 it/s
[  73300] loss=0.4174 logical=0.3163 leak=0.1011 train_ler=0.590 lr=2.12e-04 4.1 it/s
[  73400] loss=0.4396 logical=0.3412 leak=0.0984 train_ler=0.633 lr=2.12e-04 4.1 it/s
[  73500] loss=0.4137 logical=0.3136 leak=0.1001 train_ler=0.602 lr=2.12e-04 4.1 it/s
[  73600] loss=0.4504 logical=0.3493 leak=0.1012 train_ler=0.621 lr=2.12e-04 4.1 it/s
[  73700] loss=0.4367 logical=0.3368 leak=0.0999 train_ler=0.613 lr=2.12e-04 4.1 it/s
[  73800] loss=0.3956 logical=0.2964 leak=0.0992 train_ler=0.582 lr=2.11e-04 4.1 it/s
[  73900] loss=0.4270 logical=0.3293 leak=0.0978 train_ler=0.617 lr=2.11e-04 4.1 it/s
[  74000] loss=0.3990 logical=0.3007 leak=0.0983 train_ler=0.594 lr=2.11e-04 4.1 it/s
[  74100] loss=0.3994 logical=0.3064 leak=0.0930 train_ler=0.594 lr=2.11e-04 4.1 it/s
[  74200] loss=0.4186 logical=0.3189 leak=0.0997 train_ler=0.574 lr=2.11e-04 4.1 it/s
[  74300] loss=0.4384 logical=0.3419 leak=0.0965 train_ler=0.645 lr=2.10e-04 4.1 it/s
[  74400] loss=0.4021 logical=0.3011 leak=0.1009 train_ler=0.602 lr=2.10e-04 4.1 it/s
[  74500] loss=0.4009 logical=0.3036 leak=0.0973 train_ler=0.531 lr=2.10e-04 4.1 it/s
[  74600] loss=0.4252 logical=0.3232 leak=0.1020 train_ler=0.574 lr=2.10e-04 4.1 it/s
[  74700] loss=0.4347 logical=0.3325 leak=0.1022 train_ler=0.645 lr=2.09e-04 4.1 it/s
[  74800] loss=0.4512 logical=0.3536 leak=0.0976 train_ler=0.621 lr=2.09e-04 4.1 it/s
[  74900] loss=0.4345 logical=0.3349 leak=0.0996 train_ler=0.633 lr=2.09e-04 4.1 it/s
[eval 75000] val LER=0.6107 (12213/20000) leak P/R=0.624/0.090 | T2-2 shots LER=0.6205 (1241/2000)  [B1 0.159, ORC 0.106]
[  75000] loss=0.4005 logical=0.2994 leak=0.1011 train_ler=0.551 lr=2.09e-04 425.2 it/s
[  75100] loss=0.4230 logical=0.3257 leak=0.0973 train_ler=0.613 lr=2.09e-04 4.1 it/s
[  75200] loss=0.4123 logical=0.3176 leak=0.0947 train_ler=0.590 lr=2.08e-04 4.1 it/s
[  75300] loss=0.4280 logical=0.3269 leak=0.1011 train_ler=0.609 lr=2.08e-04 4.1 it/s
[  75400] loss=0.3921 logical=0.2897 leak=0.1024 train_ler=0.559 lr=2.08e-04 4.1 it/s
[  75500] loss=0.4348 logical=0.3361 leak=0.0987 train_ler=0.594 lr=2.08e-04 4.1 it/s
[  75600] loss=0.4174 logical=0.3180 leak=0.0995 train_ler=0.574 lr=2.07e-04 4.1 it/s
[  75700] loss=0.4349 logical=0.3344 leak=0.1005 train_ler=0.621 lr=2.07e-04 4.1 it/s
[  75800] loss=0.4056 logical=0.3054 leak=0.1002 train_ler=0.602 lr=2.07e-04 4.1 it/s
[  75900] loss=0.3995 logical=0.2985 leak=0.1011 train_ler=0.586 lr=2.07e-04 4.1 it/s
[  76000] loss=0.4281 logical=0.3330 leak=0.0951 train_ler=0.617 lr=2.07e-04 4.1 it/s
[  76100] loss=0.4525 logical=0.3484 leak=0.1040 train_ler=0.602 lr=2.06e-04 4.1 it/s
[  76200] loss=0.4444 logical=0.3429 leak=0.1015 train_ler=0.645 lr=2.06e-04 4.1 it/s
[  76300] loss=0.4265 logical=0.3332 leak=0.0933 train_ler=0.629 lr=2.06e-04 4.1 it/s
[  76400] loss=0.4276 logical=0.3311 leak=0.0965 train_ler=0.645 lr=2.06e-04 4.1 it/s
[  76500] loss=0.4307 logical=0.3297 leak=0.1010 train_ler=0.645 lr=2.05e-04 4.1 it/s
[  76600] loss=0.4156 logical=0.3130 leak=0.1026 train_ler=0.641 lr=2.05e-04 4.1 it/s
[  76700] loss=0.4393 logical=0.3368 leak=0.1025 train_ler=0.633 lr=2.05e-04 4.1 it/s
[  76800] loss=0.4423 logical=0.3435 leak=0.0988 train_ler=0.605 lr=2.05e-04 4.1 it/s
[  76900] loss=0.3946 logical=0.2953 leak=0.0993 train_ler=0.574 lr=2.05e-04 4.1 it/s
[  77000] loss=0.4589 logical=0.3544 leak=0.1045 train_ler=0.652 lr=2.04e-04 4.1 it/s
[  77100] loss=0.4342 logical=0.3360 leak=0.0982 train_ler=0.598 lr=2.04e-04 4.1 it/s
[  77200] loss=0.4255 logical=0.3273 leak=0.0981 train_ler=0.617 lr=2.04e-04 4.1 it/s
[  77300] loss=0.4222 logical=0.3242 leak=0.0980 train_ler=0.605 lr=2.04e-04 4.1 it/s
[  77400] loss=0.4212 logical=0.3201 leak=0.1010 train_ler=0.621 lr=2.03e-04 4.1 it/s
[  77500] loss=0.4314 logical=0.3300 leak=0.1014 train_ler=0.609 lr=2.03e-04 4.1 it/s
[  77600] loss=0.4097 logical=0.3125 leak=0.0972 train_ler=0.598 lr=2.03e-04 4.1 it/s
[  77700] loss=0.3961 logical=0.2981 leak=0.0979 train_ler=0.598 lr=2.03e-04 4.1 it/s
[  77800] loss=0.4156 logical=0.3175 leak=0.0981 train_ler=0.613 lr=2.03e-04 4.1 it/s
[  77900] loss=0.4262 logical=0.3292 leak=0.0970 train_ler=0.625 lr=2.02e-04 4.1 it/s
[  78000] loss=0.4481 logical=0.3442 leak=0.1038 train_ler=0.598 lr=2.02e-04 4.1 it/s
[  78100] loss=0.3937 logical=0.2964 leak=0.0972 train_ler=0.539 lr=2.02e-04 4.1 it/s
[  78200] loss=0.4139 logical=0.3163 leak=0.0976 train_ler=0.574 lr=2.02e-04 4.1 it/s
[  78300] loss=0.4520 logical=0.3498 leak=0.1022 train_ler=0.594 lr=2.02e-04 4.1 it/s
[  78400] loss=0.3932 logical=0.2965 leak=0.0967 train_ler=0.551 lr=2.01e-04 4.1 it/s
[  78500] loss=0.4228 logical=0.3273 leak=0.0954 train_ler=0.602 lr=2.01e-04 4.1 it/s
[  78600] loss=0.4207 logical=0.3245 leak=0.0962 train_ler=0.648 lr=2.01e-04 4.1 it/s
[  78700] loss=0.4499 logical=0.3503 leak=0.0996 train_ler=0.613 lr=2.01e-04 4.1 it/s
[  78800] loss=0.3888 logical=0.2941 leak=0.0948 train_ler=0.531 lr=2.00e-04 4.1 it/s
[  78900] loss=0.3896 logical=0.2936 leak=0.0960 train_ler=0.578 lr=2.00e-04 4.1 it/s
[  79000] loss=0.4147 logical=0.3188 leak=0.0958 train_ler=0.652 lr=2.00e-04 4.1 it/s
[  79100] loss=0.4156 logical=0.3172 leak=0.0983 train_ler=0.586 lr=2.00e-04 4.1 it/s
[  79200] loss=0.4261 logical=0.3230 leak=0.1031 train_ler=0.617 lr=1.99e-04 4.1 it/s
[  79300] loss=0.4320 logical=0.3287 leak=0.1032 train_ler=0.629 lr=1.99e-04 4.1 it/s
[  79400] loss=0.4299 logical=0.3317 leak=0.0983 train_ler=0.625 lr=1.99e-04 4.1 it/s
[  79500] loss=0.4264 logical=0.3264 leak=0.1000 train_ler=0.594 lr=1.99e-04 4.1 it/s
[  79600] loss=0.4433 logical=0.3401 leak=0.1031 train_ler=0.648 lr=1.99e-04 4.1 it/s
[  79700] loss=0.3983 logical=0.2978 leak=0.1004 train_ler=0.590 lr=1.98e-04 4.1 it/s
[  79800] loss=0.4024 logical=0.3025 leak=0.0999 train_ler=0.582 lr=1.98e-04 4.1 it/s
[  79900] loss=0.4372 logical=0.3361 leak=0.1012 train_ler=0.621 lr=1.98e-04 4.1 it/s
[eval 80000] val LER=0.5995 (11989/20000) leak P/R=0.617/0.096 | T2-2 shots LER=0.6095 (1219/2000)  [B1 0.159, ORC 0.106]
[  80000] loss=0.4132 logical=0.3152 leak=0.0979 train_ler=0.625 lr=1.98e-04 405.0 it/s
[  80100] loss=0.4171 logical=0.3190 leak=0.0981 train_ler=0.582 lr=1.97e-04 4.1 it/s
[  80200] loss=0.4151 logical=0.3153 leak=0.0999 train_ler=0.602 lr=1.97e-04 4.1 it/s
[  80300] loss=0.4404 logical=0.3420 leak=0.0984 train_ler=0.586 lr=1.97e-04 4.1 it/s
[  80400] loss=0.4626 logical=0.3582 leak=0.1045 train_ler=0.645 lr=1.97e-04 4.1 it/s
[  80500] loss=0.3733 logical=0.2762 leak=0.0970 train_ler=0.516 lr=1.97e-04 4.1 it/s
[  80600] loss=0.3877 logical=0.2924 leak=0.0953 train_ler=0.574 lr=1.96e-04 4.1 it/s
[  80700] loss=0.4142 logical=0.3139 leak=0.1002 train_ler=0.586 lr=1.96e-04 4.1 it/s
[  80800] loss=0.4308 logical=0.3273 leak=0.1035 train_ler=0.605 lr=1.96e-04 4.1 it/s
[  80900] loss=0.4262 logical=0.3291 leak=0.0971 train_ler=0.574 lr=1.96e-04 4.1 it/s
[  81000] loss=0.3893 logical=0.2928 leak=0.0965 train_ler=0.551 lr=1.95e-04 4.1 it/s
[  81100] loss=0.4315 logical=0.3354 leak=0.0961 train_ler=0.625 lr=1.95e-04 4.1 it/s
[  81200] loss=0.4175 logical=0.3135 leak=0.1040 train_ler=0.590 lr=1.95e-04 4.1 it/s
[  81300] loss=0.4227 logical=0.3264 leak=0.0963 train_ler=0.613 lr=1.95e-04 4.1 it/s
[  81400] loss=0.3939 logical=0.2942 leak=0.0997 train_ler=0.527 lr=1.95e-04 4.1 it/s
[  81500] loss=0.3744 logical=0.2758 leak=0.0987 train_ler=0.527 lr=1.94e-04 4.1 it/s
[  81600] loss=0.4324 logical=0.3361 leak=0.0963 train_ler=0.617 lr=1.94e-04 4.1 it/s
[  81700] loss=0.4053 logical=0.3044 leak=0.1009 train_ler=0.617 lr=1.94e-04 4.1 it/s
[  81800] loss=0.3899 logical=0.2900 leak=0.0999 train_ler=0.559 lr=1.94e-04 4.1 it/s
[  81900] loss=0.4238 logical=0.3277 leak=0.0960 train_ler=0.598 lr=1.93e-04 4.1 it/s
[  82000] loss=0.4160 logical=0.3167 leak=0.0992 train_ler=0.586 lr=1.93e-04 4.1 it/s
[  82100] loss=0.3956 logical=0.2984 leak=0.0972 train_ler=0.566 lr=1.93e-04 4.1 it/s
[  82200] loss=0.4402 logical=0.3399 leak=0.1004 train_ler=0.641 lr=1.93e-04 4.1 it/s
[  82300] loss=0.4020 logical=0.3063 leak=0.0956 train_ler=0.586 lr=1.93e-04 4.1 it/s
[  82400] loss=0.4205 logical=0.3249 leak=0.0956 train_ler=0.586 lr=1.92e-04 4.1 it/s
[  82500] loss=0.4374 logical=0.3378 leak=0.0996 train_ler=0.629 lr=1.92e-04 4.1 it/s
[  82600] loss=0.4084 logical=0.3082 leak=0.1003 train_ler=0.594 lr=1.92e-04 4.1 it/s
[  82700] loss=0.4297 logical=0.3277 leak=0.1020 train_ler=0.613 lr=1.92e-04 4.1 it/s
[  82800] loss=0.4034 logical=0.3075 leak=0.0960 train_ler=0.586 lr=1.91e-04 4.1 it/s
[  82900] loss=0.4341 logical=0.3309 leak=0.1032 train_ler=0.629 lr=1.91e-04 4.1 it/s
[  83000] loss=0.3589 logical=0.2690 leak=0.0899 train_ler=0.543 lr=1.91e-04 4.1 it/s
[  83100] loss=0.4098 logical=0.3106 leak=0.0992 train_ler=0.609 lr=1.91e-04 4.1 it/s
[  83200] loss=0.3911 logical=0.2947 leak=0.0964 train_ler=0.559 lr=1.90e-04 4.1 it/s
[  83300] loss=0.4062 logical=0.3059 leak=0.1003 train_ler=0.547 lr=1.90e-04 4.1 it/s
[  83400] loss=0.3920 logical=0.2927 leak=0.0993 train_ler=0.574 lr=1.90e-04 4.1 it/s
[  83500] loss=0.4095 logical=0.3082 leak=0.1013 train_ler=0.586 lr=1.90e-04 4.1 it/s
[  83600] loss=0.4081 logical=0.3138 leak=0.0943 train_ler=0.598 lr=1.90e-04 4.1 it/s
[  83700] loss=0.4311 logical=0.3301 leak=0.1011 train_ler=0.598 lr=1.89e-04 4.1 it/s
[  83800] loss=0.4381 logical=0.3363 leak=0.1018 train_ler=0.590 lr=1.89e-04 4.1 it/s
[  83900] loss=0.3826 logical=0.2880 leak=0.0945 train_ler=0.551 lr=1.89e-04 4.1 it/s
[  84000] loss=0.4512 logical=0.3549 leak=0.0963 train_ler=0.668 lr=1.89e-04 4.1 it/s
[  84100] loss=0.4242 logical=0.3259 leak=0.0983 train_ler=0.605 lr=1.88e-04 4.1 it/s
[  84200] loss=0.4398 logical=0.3370 leak=0.1029 train_ler=0.602 lr=1.88e-04 4.1 it/s
[  84300] loss=0.4373 logical=0.3354 leak=0.1020 train_ler=0.609 lr=1.88e-04 4.1 it/s
[  84400] loss=0.3885 logical=0.2910 leak=0.0974 train_ler=0.543 lr=1.88e-04 4.1 it/s
[  84500] loss=0.4501 logical=0.3467 leak=0.1034 train_ler=0.641 lr=1.87e-04 4.1 it/s
[  84600] loss=0.4058 logical=0.3061 leak=0.0997 train_ler=0.605 lr=1.87e-04 4.1 it/s
[  84700] loss=0.4160 logical=0.3198 leak=0.0962 train_ler=0.594 lr=1.87e-04 4.1 it/s
[  84800] loss=0.4335 logical=0.3350 leak=0.0986 train_ler=0.594 lr=1.87e-04 4.1 it/s
[  84900] loss=0.4231 logical=0.3237 leak=0.0994 train_ler=0.594 lr=1.87e-04 4.1 it/s
[eval 85000] val LER=0.5930 (11861/20000) leak P/R=0.622/0.094 | T2-2 shots LER=0.5985 (1197/2000)  [B1 0.159, ORC 0.106]
[  85000] loss=0.4497 logical=0.3421 leak=0.1077 train_ler=0.660 lr=1.86e-04 401.7 it/s
[  85100] loss=0.4352 logical=0.3302 leak=0.1050 train_ler=0.582 lr=1.86e-04 4.1 it/s
[  85200] loss=0.4034 logical=0.3010 leak=0.1023 train_ler=0.566 lr=1.86e-04 4.1 it/s
[  85300] loss=0.3891 logical=0.2921 leak=0.0971 train_ler=0.559 lr=1.86e-04 4.1 it/s
[  85400] loss=0.3901 logical=0.2896 leak=0.1005 train_ler=0.527 lr=1.85e-04 4.1 it/s
[  85500] loss=0.3889 logical=0.2905 leak=0.0984 train_ler=0.523 lr=1.85e-04 4.1 it/s
[  85600] loss=0.4312 logical=0.3318 leak=0.0994 train_ler=0.582 lr=1.85e-04 4.1 it/s
[  85700] loss=0.3879 logical=0.2912 leak=0.0968 train_ler=0.551 lr=1.85e-04 4.1 it/s
[  85800] loss=0.4093 logical=0.3091 leak=0.1002 train_ler=0.586 lr=1.84e-04 4.1 it/s
[  85900] loss=0.4157 logical=0.3157 leak=0.1001 train_ler=0.559 lr=1.84e-04 4.1 it/s
[  86000] loss=0.3997 logical=0.2989 leak=0.1009 train_ler=0.555 lr=1.84e-04 4.1 it/s
[  86100] loss=0.4166 logical=0.3186 leak=0.0980 train_ler=0.566 lr=1.84e-04 4.1 it/s
[  86200] loss=0.3839 logical=0.2867 leak=0.0972 train_ler=0.508 lr=1.84e-04 4.1 it/s
[  86300] loss=0.4117 logical=0.3124 leak=0.0994 train_ler=0.582 lr=1.83e-04 4.1 it/s
[  86400] loss=0.4341 logical=0.3344 leak=0.0997 train_ler=0.598 lr=1.83e-04 4.1 it/s
[  86500] loss=0.4526 logical=0.3588 leak=0.0938 train_ler=0.633 lr=1.83e-04 4.1 it/s
[  86600] loss=0.3982 logical=0.2990 leak=0.0992 train_ler=0.559 lr=1.83e-04 4.1 it/s
[  86700] loss=0.4124 logical=0.3158 leak=0.0966 train_ler=0.562 lr=1.82e-04 4.1 it/s
[  86800] loss=0.4247 logical=0.3272 leak=0.0975 train_ler=0.586 lr=1.82e-04 4.1 it/s
[  86900] loss=0.3984 logical=0.3001 leak=0.0982 train_ler=0.574 lr=1.82e-04 4.1 it/s
[  87000] loss=0.4460 logical=0.3499 leak=0.0960 train_ler=0.625 lr=1.82e-04 4.1 it/s
[  87100] loss=0.4045 logical=0.3091 leak=0.0954 train_ler=0.578 lr=1.81e-04 4.1 it/s
[  87200] loss=0.4236 logical=0.3256 leak=0.0981 train_ler=0.602 lr=1.81e-04 4.1 it/s
[  87300] loss=0.4363 logical=0.3367 leak=0.0995 train_ler=0.641 lr=1.81e-04 4.1 it/s
[  87400] loss=0.4166 logical=0.3210 leak=0.0956 train_ler=0.578 lr=1.81e-04 4.1 it/s
[  87500] loss=0.3993 logical=0.3031 leak=0.0962 train_ler=0.594 lr=1.81e-04 4.1 it/s
[  87600] loss=0.4064 logical=0.3062 leak=0.1001 train_ler=0.535 lr=1.80e-04 4.1 it/s
[  87700] loss=0.4094 logical=0.3126 leak=0.0968 train_ler=0.578 lr=1.80e-04 4.1 it/s
[  87800] loss=0.4234 logical=0.3256 leak=0.0977 train_ler=0.598 lr=1.80e-04 4.1 it/s
[  87900] loss=0.4171 logical=0.3196 leak=0.0975 train_ler=0.613 lr=1.80e-04 4.1 it/s
[  88000] loss=0.4068 logical=0.3048 leak=0.1020 train_ler=0.566 lr=1.79e-04 4.1 it/s
[  88100] loss=0.4432 logical=0.3485 leak=0.0947 train_ler=0.602 lr=1.79e-04 4.1 it/s
[  88200] loss=0.4385 logical=0.3360 leak=0.1025 train_ler=0.633 lr=1.79e-04 4.1 it/s
[  88300] loss=0.4301 logical=0.3348 leak=0.0954 train_ler=0.629 lr=1.79e-04 4.1 it/s
[  88400] loss=0.4171 logical=0.3180 leak=0.0991 train_ler=0.613 lr=1.78e-04 4.1 it/s
[  88500] loss=0.4224 logical=0.3200 leak=0.1024 train_ler=0.562 lr=1.78e-04 4.1 it/s
[  88600] loss=0.4216 logical=0.3232 leak=0.0984 train_ler=0.590 lr=1.78e-04 4.1 it/s
[  88700] loss=0.4294 logical=0.3290 leak=0.1004 train_ler=0.586 lr=1.78e-04 4.1 it/s
[  88800] loss=0.4266 logical=0.3300 leak=0.0966 train_ler=0.625 lr=1.78e-04 4.1 it/s
[  88900] loss=0.4128 logical=0.3172 leak=0.0956 train_ler=0.562 lr=1.77e-04 4.1 it/s
[  89000] loss=0.4000 logical=0.3006 leak=0.0994 train_ler=0.586 lr=1.77e-04 4.1 it/s
[  89100] loss=0.3826 logical=0.2857 leak=0.0969 train_ler=0.559 lr=1.77e-04 4.1 it/s
[  89200] loss=0.4022 logical=0.3016 leak=0.1007 train_ler=0.574 lr=1.77e-04 4.1 it/s
[  89300] loss=0.3987 logical=0.3042 leak=0.0945 train_ler=0.562 lr=1.76e-04 4.1 it/s
[  89400] loss=0.4055 logical=0.3081 leak=0.0974 train_ler=0.578 lr=1.76e-04 4.1 it/s
[  89500] loss=0.4169 logical=0.3226 leak=0.0943 train_ler=0.605 lr=1.76e-04 4.1 it/s
[  89600] loss=0.4508 logical=0.3493 leak=0.1015 train_ler=0.625 lr=1.76e-04 4.1 it/s
[  89700] loss=0.3952 logical=0.2985 leak=0.0967 train_ler=0.520 lr=1.75e-04 4.1 it/s
[  89800] loss=0.4073 logical=0.3087 leak=0.0986 train_ler=0.559 lr=1.75e-04 4.1 it/s
[  89900] loss=0.4132 logical=0.3139 leak=0.0993 train_ler=0.590 lr=1.75e-04 4.1 it/s
[eval 90000] val LER=0.5873 (11745/20000) leak P/R=0.617/0.101 | T2-2 shots LER=0.5900 (1180/2000)  [B1 0.159, ORC 0.106]
[  90000] loss=0.4319 logical=0.3337 leak=0.0983 train_ler=0.586 lr=1.75e-04 411.8 it/s
[  90100] loss=0.4133 logical=0.3131 leak=0.1002 train_ler=0.574 lr=1.75e-04 4.1 it/s
[  90200] loss=0.4412 logical=0.3385 leak=0.1026 train_ler=0.609 lr=1.74e-04 4.1 it/s
[  90300] loss=0.3954 logical=0.2968 leak=0.0986 train_ler=0.574 lr=1.74e-04 4.1 it/s
[  90400] loss=0.4313 logical=0.3264 leak=0.1048 train_ler=0.590 lr=1.74e-04 4.1 it/s
[  90500] loss=0.4127 logical=0.3119 leak=0.1008 train_ler=0.613 lr=1.74e-04 4.1 it/s
[  90600] loss=0.4264 logical=0.3267 leak=0.0998 train_ler=0.594 lr=1.73e-04 4.1 it/s
[  90700] loss=0.4011 logical=0.3043 leak=0.0968 train_ler=0.586 lr=1.73e-04 4.1 it/s
[  90800] loss=0.3933 logical=0.2907 leak=0.1026 train_ler=0.543 lr=1.73e-04 4.1 it/s
[  90900] loss=0.4459 logical=0.3433 leak=0.1026 train_ler=0.648 lr=1.73e-04 4.1 it/s
[  91000] loss=0.4003 logical=0.3048 leak=0.0955 train_ler=0.535 lr=1.72e-04 4.1 it/s
[  91100] loss=0.4220 logical=0.3202 leak=0.1019 train_ler=0.562 lr=1.72e-04 4.1 it/s
[  91200] loss=0.4328 logical=0.3327 leak=0.1001 train_ler=0.582 lr=1.72e-04 4.1 it/s
[  91300] loss=0.4509 logical=0.3541 leak=0.0968 train_ler=0.613 lr=1.72e-04 4.1 it/s
[  91400] loss=0.4219 logical=0.3175 leak=0.1044 train_ler=0.605 lr=1.71e-04 4.1 it/s
[  91500] loss=0.3959 logical=0.3000 leak=0.0959 train_ler=0.598 lr=1.71e-04 4.1 it/s
[  91600] loss=0.4078 logical=0.3074 leak=0.1004 train_ler=0.578 lr=1.71e-04 4.1 it/s
[  91700] loss=0.3779 logical=0.2789 leak=0.0990 train_ler=0.566 lr=1.71e-04 4.1 it/s
[  91800] loss=0.4488 logical=0.3517 leak=0.0972 train_ler=0.629 lr=1.71e-04 4.1 it/s
[  91900] loss=0.3941 logical=0.2949 leak=0.0992 train_ler=0.551 lr=1.70e-04 4.1 it/s
[  92000] loss=0.3974 logical=0.3001 leak=0.0973 train_ler=0.547 lr=1.70e-04 4.1 it/s
[  92100] loss=0.4182 logical=0.3176 leak=0.1006 train_ler=0.605 lr=1.70e-04 4.1 it/s
[  92200] loss=0.4118 logical=0.3156 leak=0.0962 train_ler=0.594 lr=1.70e-04 4.1 it/s
[  92300] loss=0.3834 logical=0.2872 leak=0.0962 train_ler=0.535 lr=1.69e-04 4.1 it/s
[  92400] loss=0.3955 logical=0.2973 leak=0.0982 train_ler=0.566 lr=1.69e-04 4.1 it/s
[  92500] loss=0.3993 logical=0.2991 leak=0.1001 train_ler=0.566 lr=1.69e-04 4.1 it/s
[  92600] loss=0.4444 logical=0.3435 leak=0.1009 train_ler=0.621 lr=1.69e-04 4.1 it/s
[  92700] loss=0.4050 logical=0.3080 leak=0.0970 train_ler=0.570 lr=1.68e-04 4.1 it/s
[  92800] loss=0.3954 logical=0.2997 leak=0.0957 train_ler=0.551 lr=1.68e-04 4.1 it/s
[  92900] loss=0.3876 logical=0.2899 leak=0.0977 train_ler=0.555 lr=1.68e-04 4.1 it/s
[  93000] loss=0.3942 logical=0.2931 leak=0.1011 train_ler=0.570 lr=1.68e-04 4.1 it/s
[  93100] loss=0.4086 logical=0.3097 leak=0.0989 train_ler=0.582 lr=1.67e-04 4.1 it/s
[  93200] loss=0.4181 logical=0.3208 leak=0.0973 train_ler=0.586 lr=1.67e-04 4.1 it/s
[  93300] loss=0.3939 logical=0.2965 leak=0.0974 train_ler=0.566 lr=1.67e-04 4.1 it/s
[  93400] loss=0.4176 logical=0.3175 leak=0.1001 train_ler=0.535 lr=1.67e-04 4.1 it/s
[  93500] loss=0.4312 logical=0.3364 leak=0.0948 train_ler=0.590 lr=1.67e-04 4.1 it/s
[  93600] loss=0.3777 logical=0.2806 leak=0.0971 train_ler=0.578 lr=1.66e-04 4.1 it/s
[  93700] loss=0.3951 logical=0.2970 leak=0.0981 train_ler=0.551 lr=1.66e-04 4.1 it/s
[  93800] loss=0.4140 logical=0.3109 leak=0.1031 train_ler=0.594 lr=1.66e-04 4.1 it/s
[  93900] loss=0.4091 logical=0.3080 leak=0.1010 train_ler=0.582 lr=1.66e-04 4.1 it/s
[  94000] loss=0.4049 logical=0.3083 leak=0.0966 train_ler=0.570 lr=1.65e-04 4.1 it/s
[  94100] loss=0.3863 logical=0.2930 leak=0.0933 train_ler=0.535 lr=1.65e-04 4.1 it/s
[  94200] loss=0.4176 logical=0.3170 leak=0.1006 train_ler=0.609 lr=1.65e-04 4.1 it/s
[  94300] loss=0.4080 logical=0.3082 leak=0.0998 train_ler=0.582 lr=1.65e-04 4.1 it/s
[  94400] loss=0.4161 logical=0.3157 leak=0.1004 train_ler=0.598 lr=1.64e-04 4.1 it/s
[  94500] loss=0.4092 logical=0.3116 leak=0.0976 train_ler=0.570 lr=1.64e-04 4.1 it/s
[  94600] loss=0.4090 logical=0.3105 leak=0.0985 train_ler=0.578 lr=1.64e-04 4.1 it/s
[  94700] loss=0.4266 logical=0.3310 leak=0.0956 train_ler=0.570 lr=1.64e-04 4.1 it/s
[  94800] loss=0.3592 logical=0.2619 leak=0.0974 train_ler=0.496 lr=1.63e-04 4.1 it/s
[  94900] loss=0.4229 logical=0.3242 leak=0.0988 train_ler=0.594 lr=1.63e-04 4.1 it/s
[eval 95000] val LER=0.5894 (11787/20000) leak P/R=0.630/0.096 | T2-2 shots LER=0.5855 (1171/2000)  [B1 0.159, ORC 0.106]
[  95000] loss=0.3986 logical=0.2971 leak=0.1015 train_ler=0.574 lr=1.63e-04 398.5 it/s
[  95100] loss=0.4132 logical=0.3149 leak=0.0983 train_ler=0.602 lr=1.63e-04 4.1 it/s
[  95200] loss=0.4313 logical=0.3264 leak=0.1049 train_ler=0.621 lr=1.63e-04 4.1 it/s
[  95300] loss=0.3965 logical=0.2908 leak=0.1057 train_ler=0.570 lr=1.62e-04 4.1 it/s
[  95400] loss=0.4286 logical=0.3306 leak=0.0980 train_ler=0.555 lr=1.62e-04 4.1 it/s
[  95500] loss=0.3873 logical=0.2892 leak=0.0981 train_ler=0.555 lr=1.62e-04 4.1 it/s
[  95600] loss=0.4134 logical=0.3146 leak=0.0988 train_ler=0.582 lr=1.62e-04 4.1 it/s
[  95700] loss=0.4282 logical=0.3254 leak=0.1028 train_ler=0.594 lr=1.61e-04 4.1 it/s
[  95800] loss=0.3922 logical=0.2968 leak=0.0955 train_ler=0.578 lr=1.61e-04 4.1 it/s
[  95900] loss=0.4315 logical=0.3307 leak=0.1008 train_ler=0.602 lr=1.61e-04 4.1 it/s
[  96000] loss=0.3818 logical=0.2838 leak=0.0980 train_ler=0.531 lr=1.61e-04 4.1 it/s
[  96100] loss=0.4269 logical=0.3303 leak=0.0965 train_ler=0.578 lr=1.60e-04 4.1 it/s
[  96200] loss=0.4350 logical=0.3269 leak=0.1081 train_ler=0.578 lr=1.60e-04 4.1 it/s
[  96300] loss=0.4005 logical=0.3037 leak=0.0969 train_ler=0.535 lr=1.60e-04 4.1 it/s
[  96400] loss=0.3901 logical=0.2903 leak=0.0998 train_ler=0.562 lr=1.60e-04 4.1 it/s
[  96500] loss=0.4090 logical=0.3098 leak=0.0992 train_ler=0.605 lr=1.59e-04 4.1 it/s
[  96600] loss=0.4158 logical=0.3187 leak=0.0971 train_ler=0.578 lr=1.59e-04 4.1 it/s
[  96700] loss=0.3997 logical=0.3017 leak=0.0980 train_ler=0.578 lr=1.59e-04 4.1 it/s
[  96800] loss=0.4433 logical=0.3428 leak=0.1005 train_ler=0.621 lr=1.59e-04 4.1 it/s
[  96900] loss=0.3929 logical=0.2949 leak=0.0980 train_ler=0.523 lr=1.59e-04 4.1 it/s
[  97000] loss=0.3959 logical=0.3004 leak=0.0955 train_ler=0.586 lr=1.58e-04 4.1 it/s
[  97100] loss=0.3967 logical=0.3029 leak=0.0939 train_ler=0.559 lr=1.58e-04 4.1 it/s
[  97200] loss=0.4124 logical=0.3147 leak=0.0977 train_ler=0.582 lr=1.58e-04 4.1 it/s
[  97300] loss=0.3931 logical=0.2954 leak=0.0977 train_ler=0.527 lr=1.58e-04 4.1 it/s
[  97400] loss=0.3766 logical=0.2798 leak=0.0968 train_ler=0.539 lr=1.57e-04 4.1 it/s
[  97500] loss=0.4110 logical=0.3139 leak=0.0971 train_ler=0.609 lr=1.57e-04 4.1 it/s
[  97600] loss=0.3746 logical=0.2770 leak=0.0976 train_ler=0.516 lr=1.57e-04 4.1 it/s
[  97700] loss=0.4167 logical=0.3214 leak=0.0953 train_ler=0.590 lr=1.57e-04 4.1 it/s
[  97800] loss=0.3836 logical=0.2838 leak=0.0998 train_ler=0.527 lr=1.56e-04 4.1 it/s
[  97900] loss=0.4055 logical=0.3059 leak=0.0996 train_ler=0.547 lr=1.56e-04 4.1 it/s
[  98000] loss=0.3714 logical=0.2738 leak=0.0976 train_ler=0.520 lr=1.56e-04 4.1 it/s
[  98100] loss=0.4008 logical=0.2964 leak=0.1044 train_ler=0.570 lr=1.56e-04 4.1 it/s
[  98200] loss=0.4122 logical=0.3123 leak=0.0998 train_ler=0.547 lr=1.55e-04 4.1 it/s
[  98300] loss=0.3885 logical=0.2974 leak=0.0912 train_ler=0.582 lr=1.55e-04 4.1 it/s
[  98400] loss=0.4040 logical=0.3050 leak=0.0989 train_ler=0.535 lr=1.55e-04 4.1 it/s
[  98500] loss=0.3726 logical=0.2764 leak=0.0962 train_ler=0.535 lr=1.55e-04 4.1 it/s
[  98600] loss=0.4308 logical=0.3292 leak=0.1016 train_ler=0.590 lr=1.54e-04 4.1 it/s
[  98700] loss=0.4111 logical=0.3115 leak=0.0996 train_ler=0.578 lr=1.54e-04 4.1 it/s
[  98800] loss=0.4038 logical=0.3070 leak=0.0968 train_ler=0.566 lr=1.54e-04 4.1 it/s
[  98900] loss=0.4065 logical=0.3110 leak=0.0955 train_ler=0.551 lr=1.54e-04 4.1 it/s
[  99000] loss=0.4114 logical=0.3122 leak=0.0992 train_ler=0.582 lr=1.54e-04 4.1 it/s
[  99100] loss=0.4104 logical=0.3170 leak=0.0934 train_ler=0.574 lr=1.53e-04 4.1 it/s
[  99200] loss=0.4365 logical=0.3343 leak=0.1022 train_ler=0.629 lr=1.53e-04 4.1 it/s
[  99300] loss=0.4117 logical=0.3126 leak=0.0991 train_ler=0.574 lr=1.53e-04 4.1 it/s
[  99400] loss=0.4326 logical=0.3258 leak=0.1067 train_ler=0.621 lr=1.53e-04 4.1 it/s
[  99500] loss=0.4142 logical=0.3123 leak=0.1019 train_ler=0.566 lr=1.52e-04 4.1 it/s
[  99600] loss=0.4003 logical=0.3025 leak=0.0978 train_ler=0.578 lr=1.52e-04 4.1 it/s
[  99700] loss=0.4012 logical=0.3014 leak=0.0998 train_ler=0.543 lr=1.52e-04 4.1 it/s
[  99800] loss=0.4002 logical=0.3028 leak=0.0974 train_ler=0.578 lr=1.52e-04 4.1 it/s
[  99900] loss=0.3745 logical=0.2768 leak=0.0977 train_ler=0.508 lr=1.51e-04 4.1 it/s
[eval 100000] val LER=0.5752 (11503/20000) leak P/R=0.626/0.099 | T2-2 shots LER=0.5735 (1147/2000)  [B1 0.159, ORC 0.106]
[ 100000] loss=0.4104 logical=0.3080 leak=0.1023 train_ler=0.566 lr=1.51e-04 401.7 it/s
[ 100100] loss=0.4030 logical=0.3041 leak=0.0989 train_ler=0.586 lr=1.51e-04 4.1 it/s
[ 100200] loss=0.3911 logical=0.2947 leak=0.0964 train_ler=0.535 lr=1.51e-04 4.1 it/s
[ 100300] loss=0.4014 logical=0.2987 leak=0.1027 train_ler=0.562 lr=1.50e-04 4.1 it/s
[ 100400] loss=0.3879 logical=0.2916 leak=0.0963 train_ler=0.543 lr=1.50e-04 4.1 it/s
[ 100500] loss=0.4214 logical=0.3185 leak=0.1029 train_ler=0.578 lr=1.50e-04 4.1 it/s
[ 100600] loss=0.4387 logical=0.3409 leak=0.0978 train_ler=0.664 lr=1.50e-04 4.1 it/s
[ 100700] loss=0.4002 logical=0.2997 leak=0.1005 train_ler=0.570 lr=1.50e-04 4.1 it/s
[ 100800] loss=0.3969 logical=0.2969 leak=0.1000 train_ler=0.570 lr=1.49e-04 4.1 it/s
[ 100900] loss=0.4073 logical=0.3089 leak=0.0984 train_ler=0.578 lr=1.49e-04 4.1 it/s
[ 101000] loss=0.3881 logical=0.2887 leak=0.0994 train_ler=0.555 lr=1.49e-04 4.1 it/s
[ 101100] loss=0.3921 logical=0.2918 leak=0.1003 train_ler=0.562 lr=1.49e-04 4.1 it/s
[ 101200] loss=0.4123 logical=0.3145 leak=0.0978 train_ler=0.566 lr=1.48e-04 4.1 it/s
[ 101300] loss=0.4215 logical=0.3209 leak=0.1006 train_ler=0.629 lr=1.48e-04 4.1 it/s
[ 101400] loss=0.4325 logical=0.3329 leak=0.0997 train_ler=0.625 lr=1.48e-04 4.1 it/s
[ 101500] loss=0.3857 logical=0.2876 leak=0.0981 train_ler=0.582 lr=1.48e-04 4.1 it/s
[ 101600] loss=0.4206 logical=0.3240 leak=0.0966 train_ler=0.570 lr=1.47e-04 4.1 it/s
[ 101700] loss=0.3938 logical=0.3007 leak=0.0930 train_ler=0.582 lr=1.47e-04 4.1 it/s
[ 101800] loss=0.3922 logical=0.2941 leak=0.0980 train_ler=0.523 lr=1.47e-04 4.1 it/s
[ 101900] loss=0.3622 logical=0.2661 leak=0.0960 train_ler=0.539 lr=1.47e-04 4.1 it/s
[ 102000] loss=0.3865 logical=0.2872 leak=0.0993 train_ler=0.531 lr=1.46e-04 4.1 it/s
[ 102100] loss=0.3764 logical=0.2818 leak=0.0946 train_ler=0.527 lr=1.46e-04 4.1 it/s
[ 102200] loss=0.4078 logical=0.3070 leak=0.1008 train_ler=0.555 lr=1.46e-04 4.1 it/s
[ 102300] loss=0.4178 logical=0.3190 leak=0.0988 train_ler=0.605 lr=1.46e-04 4.1 it/s
[ 102400] loss=0.3755 logical=0.2761 leak=0.0995 train_ler=0.543 lr=1.46e-04 4.1 it/s
[ 102500] loss=0.4330 logical=0.3340 leak=0.0989 train_ler=0.613 lr=1.45e-04 4.1 it/s
[ 102600] loss=0.3746 logical=0.2755 leak=0.0991 train_ler=0.512 lr=1.45e-04 4.1 it/s
[ 102700] loss=0.3913 logical=0.2956 leak=0.0957 train_ler=0.566 lr=1.45e-04 4.1 it/s
[ 102800] loss=0.4203 logical=0.3201 leak=0.1002 train_ler=0.633 lr=1.45e-04 4.1 it/s
[ 102900] loss=0.4124 logical=0.3133 leak=0.0990 train_ler=0.586 lr=1.44e-04 4.1 it/s
[ 103000] loss=0.3906 logical=0.2963 leak=0.0943 train_ler=0.555 lr=1.44e-04 4.1 it/s
[ 103100] loss=0.4154 logical=0.3181 leak=0.0972 train_ler=0.586 lr=1.44e-04 4.1 it/s
[ 103200] loss=0.4274 logical=0.3239 leak=0.1035 train_ler=0.586 lr=1.44e-04 4.1 it/s
[ 103300] loss=0.4095 logical=0.3084 leak=0.1010 train_ler=0.555 lr=1.43e-04 4.1 it/s
[ 103400] loss=0.4118 logical=0.3176 leak=0.0941 train_ler=0.570 lr=1.43e-04 4.1 it/s
[ 103500] loss=0.4389 logical=0.3390 leak=0.0999 train_ler=0.605 lr=1.43e-04 4.1 it/s
[ 103600] loss=0.4088 logical=0.3081 leak=0.1007 train_ler=0.574 lr=1.43e-04 4.1 it/s
[ 103700] loss=0.3865 logical=0.2885 leak=0.0980 train_ler=0.551 lr=1.42e-04 4.1 it/s
[ 103800] loss=0.4100 logical=0.3103 leak=0.0997 train_ler=0.570 lr=1.42e-04 4.1 it/s
[ 103900] loss=0.3968 logical=0.3009 leak=0.0959 train_ler=0.570 lr=1.42e-04 4.1 it/s
[ 104000] loss=0.4064 logical=0.3038 leak=0.1025 train_ler=0.547 lr=1.42e-04 4.1 it/s
[ 104100] loss=0.3932 logical=0.2939 leak=0.0992 train_ler=0.520 lr=1.41e-04 4.1 it/s
[ 104200] loss=0.4381 logical=0.3357 leak=0.1023 train_ler=0.574 lr=1.41e-04 4.1 it/s
[ 104300] loss=0.3853 logical=0.2882 leak=0.0971 train_ler=0.539 lr=1.41e-04 4.1 it/s
[ 104400] loss=0.3816 logical=0.2820 leak=0.0996 train_ler=0.559 lr=1.41e-04 4.1 it/s
[ 104500] loss=0.3960 logical=0.2984 leak=0.0976 train_ler=0.559 lr=1.41e-04 4.1 it/s
[ 104600] loss=0.4047 logical=0.3100 leak=0.0947 train_ler=0.578 lr=1.40e-04 4.1 it/s
[ 104700] loss=0.3914 logical=0.2929 leak=0.0985 train_ler=0.574 lr=1.40e-04 4.1 it/s
[ 104800] loss=0.4192 logical=0.3172 leak=0.1020 train_ler=0.594 lr=1.40e-04 4.1 it/s
[ 104900] loss=0.3902 logical=0.2921 leak=0.0980 train_ler=0.582 lr=1.40e-04 4.1 it/s
[eval 105000] val LER=0.5704 (11408/20000) leak P/R=0.620/0.101 | T2-2 shots LER=0.5760 (1152/2000)  [B1 0.159, ORC 0.106]
[ 105000] loss=0.3921 logical=0.2954 leak=0.0967 train_ler=0.590 lr=1.39e-04 397.5 it/s
[ 105100] loss=0.4045 logical=0.3069 leak=0.0976 train_ler=0.586 lr=1.39e-04 4.1 it/s
[ 105200] loss=0.3816 logical=0.2807 leak=0.1009 train_ler=0.559 lr=1.39e-04 4.1 it/s
[ 105300] loss=0.4296 logical=0.3306 leak=0.0990 train_ler=0.605 lr=1.39e-04 4.1 it/s
[ 105400] loss=0.4125 logical=0.3128 leak=0.0997 train_ler=0.613 lr=1.38e-04 4.1 it/s
[ 105500] loss=0.3912 logical=0.2894 leak=0.1018 train_ler=0.582 lr=1.38e-04 4.1 it/s
[ 105600] loss=0.3690 logical=0.2744 leak=0.0945 train_ler=0.520 lr=1.38e-04 4.1 it/s
[ 105700] loss=0.3805 logical=0.2848 leak=0.0957 train_ler=0.559 lr=1.38e-04 4.1 it/s
[ 105800] loss=0.4152 logical=0.3176 leak=0.0976 train_ler=0.578 lr=1.37e-04 4.1 it/s
[ 105900] loss=0.3925 logical=0.2975 leak=0.0950 train_ler=0.555 lr=1.37e-04 4.1 it/s
[ 106000] loss=0.3833 logical=0.2841 leak=0.0992 train_ler=0.516 lr=1.37e-04 4.1 it/s
[ 106100] loss=0.3933 logical=0.2944 leak=0.0989 train_ler=0.598 lr=1.37e-04 4.1 it/s
[ 106200] loss=0.4059 logical=0.3066 leak=0.0994 train_ler=0.570 lr=1.37e-04 4.1 it/s
[ 106300] loss=0.3566 logical=0.2606 leak=0.0960 train_ler=0.523 lr=1.36e-04 4.1 it/s
[ 106400] loss=0.4492 logical=0.3510 leak=0.0981 train_ler=0.641 lr=1.36e-04 4.1 it/s
[ 106500] loss=0.4074 logical=0.3040 leak=0.1034 train_ler=0.578 lr=1.36e-04 4.1 it/s
[ 106600] loss=0.3922 logical=0.2940 leak=0.0982 train_ler=0.527 lr=1.36e-04 4.1 it/s
[ 106700] loss=0.3797 logical=0.2829 leak=0.0968 train_ler=0.551 lr=1.35e-04 4.1 it/s
[ 106800] loss=0.4033 logical=0.2998 leak=0.1035 train_ler=0.570 lr=1.35e-04 4.1 it/s
[ 106900] loss=0.4179 logical=0.3169 leak=0.1010 train_ler=0.590 lr=1.35e-04 4.1 it/s
[ 107000] loss=0.3785 logical=0.2805 leak=0.0980 train_ler=0.527 lr=1.35e-04 4.1 it/s
[ 107100] loss=0.4032 logical=0.3009 leak=0.1022 train_ler=0.527 lr=1.34e-04 4.1 it/s
[ 107200] loss=0.4074 logical=0.3140 leak=0.0934 train_ler=0.539 lr=1.34e-04 4.1 it/s
[ 107300] loss=0.4089 logical=0.3102 leak=0.0988 train_ler=0.586 lr=1.34e-04 4.1 it/s
[ 107400] loss=0.3786 logical=0.2795 leak=0.0991 train_ler=0.527 lr=1.34e-04 4.1 it/s
[ 107500] loss=0.3675 logical=0.2727 leak=0.0948 train_ler=0.512 lr=1.33e-04 4.1 it/s
[ 107600] loss=0.4124 logical=0.3121 leak=0.1003 train_ler=0.566 lr=1.33e-04 4.1 it/s
[ 107700] loss=0.4408 logical=0.3357 leak=0.1052 train_ler=0.602 lr=1.33e-04 4.1 it/s
[ 107800] loss=0.4076 logical=0.3087 leak=0.0990 train_ler=0.547 lr=1.33e-04 4.1 it/s
[ 107900] loss=0.4137 logical=0.3137 leak=0.1000 train_ler=0.559 lr=1.33e-04 4.1 it/s
[ 108000] loss=0.3741 logical=0.2751 leak=0.0991 train_ler=0.543 lr=1.32e-04 4.1 it/s
[ 108100] loss=0.3759 logical=0.2786 leak=0.0973 train_ler=0.543 lr=1.32e-04 4.1 it/s
[ 108200] loss=0.3864 logical=0.2894 leak=0.0970 train_ler=0.543 lr=1.32e-04 4.1 it/s
[ 108300] loss=0.4187 logical=0.3164 leak=0.1023 train_ler=0.570 lr=1.32e-04 4.1 it/s
[ 108400] loss=0.3968 logical=0.2968 leak=0.1001 train_ler=0.562 lr=1.31e-04 4.1 it/s
[ 108500] loss=0.4002 logical=0.3034 leak=0.0968 train_ler=0.559 lr=1.31e-04 4.1 it/s
[ 108600] loss=0.3974 logical=0.2981 leak=0.0992 train_ler=0.559 lr=1.31e-04 4.1 it/s
[ 108700] loss=0.3850 logical=0.2892 leak=0.0958 train_ler=0.551 lr=1.31e-04 4.1 it/s
[ 108800] loss=0.3731 logical=0.2741 leak=0.0990 train_ler=0.551 lr=1.30e-04 4.1 it/s
[ 108900] loss=0.4020 logical=0.3071 leak=0.0949 train_ler=0.602 lr=1.30e-04 4.1 it/s
[ 109000] loss=0.4312 logical=0.3320 leak=0.0992 train_ler=0.598 lr=1.30e-04 4.1 it/s
[ 109100] loss=0.3899 logical=0.2918 leak=0.0981 train_ler=0.512 lr=1.30e-04 4.1 it/s
[ 109200] loss=0.4053 logical=0.3082 leak=0.0971 train_ler=0.570 lr=1.29e-04 4.1 it/s
[ 109300] loss=0.4241 logical=0.3272 leak=0.0969 train_ler=0.582 lr=1.29e-04 4.1 it/s
[ 109400] loss=0.4182 logical=0.3199 leak=0.0983 train_ler=0.578 lr=1.29e-04 4.1 it/s
[ 109500] loss=0.4173 logical=0.3193 leak=0.0980 train_ler=0.594 lr=1.29e-04 4.1 it/s
[ 109600] loss=0.3872 logical=0.2895 leak=0.0977 train_ler=0.555 lr=1.29e-04 4.1 it/s
[ 109700] loss=0.4206 logical=0.3219 leak=0.0987 train_ler=0.535 lr=1.28e-04 4.1 it/s
[ 109800] loss=0.3945 logical=0.2946 leak=0.0999 train_ler=0.566 lr=1.28e-04 4.1 it/s
[ 109900] loss=0.4163 logical=0.3173 leak=0.0990 train_ler=0.566 lr=1.28e-04 4.1 it/s
[eval 110000] val LER=0.5627 (11254/20000) leak P/R=0.636/0.097 | T2-2 shots LER=0.5710 (1142/2000)  [B1 0.159, ORC 0.106]
[ 110000] loss=0.3680 logical=0.2676 leak=0.1004 train_ler=0.512 lr=1.28e-04 403.3 it/s
[ 110100] loss=0.4147 logical=0.3157 leak=0.0989 train_ler=0.566 lr=1.27e-04 4.1 it/s
[ 110200] loss=0.4111 logical=0.3114 leak=0.0996 train_ler=0.570 lr=1.27e-04 4.1 it/s
[ 110300] loss=0.3829 logical=0.2832 leak=0.0997 train_ler=0.543 lr=1.27e-04 4.1 it/s
[ 110400] loss=0.3983 logical=0.3001 leak=0.0982 train_ler=0.559 lr=1.27e-04 4.1 it/s
[ 110500] loss=0.3840 logical=0.2875 leak=0.0965 train_ler=0.551 lr=1.26e-04 4.1 it/s
[ 110600] loss=0.3970 logical=0.3016 leak=0.0954 train_ler=0.602 lr=1.26e-04 4.1 it/s
[ 110700] loss=0.3905 logical=0.2958 leak=0.0947 train_ler=0.535 lr=1.26e-04 4.1 it/s
[ 110800] loss=0.4220 logical=0.3262 leak=0.0958 train_ler=0.559 lr=1.26e-04 4.1 it/s
[ 110900] loss=0.3959 logical=0.2939 leak=0.1020 train_ler=0.535 lr=1.25e-04 4.1 it/s
[ 111000] loss=0.3973 logical=0.2982 leak=0.0991 train_ler=0.520 lr=1.25e-04 4.1 it/s
[ 111100] loss=0.3802 logical=0.2864 leak=0.0938 train_ler=0.527 lr=1.25e-04 4.1 it/s
[ 111200] loss=0.3855 logical=0.2896 leak=0.0960 train_ler=0.523 lr=1.25e-04 4.1 it/s
[ 111300] loss=0.3778 logical=0.2793 leak=0.0985 train_ler=0.527 lr=1.25e-04 4.1 it/s
[ 111400] loss=0.3650 logical=0.2709 leak=0.0941 train_ler=0.594 lr=1.24e-04 4.1 it/s
[ 111500] loss=0.4257 logical=0.3265 leak=0.0992 train_ler=0.586 lr=1.24e-04 4.1 it/s
[ 111600] loss=0.3902 logical=0.2944 leak=0.0958 train_ler=0.547 lr=1.24e-04 4.1 it/s
[ 111700] loss=0.3883 logical=0.2884 leak=0.0999 train_ler=0.539 lr=1.24e-04 4.1 it/s
[ 111800] loss=0.4033 logical=0.3045 leak=0.0988 train_ler=0.570 lr=1.23e-04 4.1 it/s
[ 111900] loss=0.3983 logical=0.2979 leak=0.1004 train_ler=0.574 lr=1.23e-04 4.1 it/s
[ 112000] loss=0.4141 logical=0.3145 leak=0.0996 train_ler=0.566 lr=1.23e-04 4.1 it/s
[ 112100] loss=0.3560 logical=0.2557 leak=0.1003 train_ler=0.504 lr=1.23e-04 4.1 it/s
[ 112200] loss=0.3810 logical=0.2890 leak=0.0919 train_ler=0.527 lr=1.22e-04 4.1 it/s
[ 112300] loss=0.4141 logical=0.3127 leak=0.1014 train_ler=0.535 lr=1.22e-04 4.1 it/s
[ 112400] loss=0.3890 logical=0.2881 leak=0.1009 train_ler=0.566 lr=1.22e-04 4.1 it/s
[ 112500] loss=0.3937 logical=0.2944 leak=0.0992 train_ler=0.574 lr=1.22e-04 4.1 it/s
[ 112600] loss=0.3911 logical=0.2955 leak=0.0956 train_ler=0.539 lr=1.22e-04 4.1 it/s
[ 112700] loss=0.4139 logical=0.3134 leak=0.1005 train_ler=0.574 lr=1.21e-04 4.1 it/s
[ 112800] loss=0.4278 logical=0.3263 leak=0.1015 train_ler=0.590 lr=1.21e-04 4.1 it/s
[ 112900] loss=0.4117 logical=0.3107 leak=0.1010 train_ler=0.555 lr=1.21e-04 4.1 it/s
[ 113000] loss=0.4100 logical=0.3113 leak=0.0986 train_ler=0.566 lr=1.21e-04 4.1 it/s
[ 113100] loss=0.4136 logical=0.3148 leak=0.0989 train_ler=0.582 lr=1.20e-04 4.1 it/s
[ 113200] loss=0.3789 logical=0.2833 leak=0.0957 train_ler=0.496 lr=1.20e-04 4.1 it/s
[ 113300] loss=0.4149 logical=0.3153 leak=0.0997 train_ler=0.582 lr=1.20e-04 4.1 it/s
[ 113400] loss=0.4153 logical=0.3166 leak=0.0987 train_ler=0.574 lr=1.20e-04 4.1 it/s
[ 113500] loss=0.3822 logical=0.2878 leak=0.0944 train_ler=0.574 lr=1.19e-04 4.1 it/s
[ 113600] loss=0.4037 logical=0.3064 leak=0.0973 train_ler=0.570 lr=1.19e-04 4.1 it/s
[ 113700] loss=0.3886 logical=0.2911 leak=0.0975 train_ler=0.547 lr=1.19e-04 4.1 it/s
[ 113800] loss=0.3734 logical=0.2740 leak=0.0993 train_ler=0.492 lr=1.19e-04 4.1 it/s
[ 113900] loss=0.3976 logical=0.2973 leak=0.1003 train_ler=0.535 lr=1.19e-04 4.1 it/s
[ 114000] loss=0.3778 logical=0.2797 leak=0.0981 train_ler=0.520 lr=1.18e-04 4.1 it/s
[ 114100] loss=0.3940 logical=0.2939 leak=0.1001 train_ler=0.523 lr=1.18e-04 4.1 it/s
[ 114200] loss=0.3816 logical=0.2846 leak=0.0969 train_ler=0.551 lr=1.18e-04 4.1 it/s
[ 114300] loss=0.4140 logical=0.3147 leak=0.0993 train_ler=0.566 lr=1.18e-04 4.1 it/s
[ 114400] loss=0.3836 logical=0.2850 leak=0.0986 train_ler=0.539 lr=1.17e-04 4.1 it/s
[ 114500] loss=0.4283 logical=0.3322 leak=0.0961 train_ler=0.629 lr=1.17e-04 4.1 it/s
[ 114600] loss=0.3804 logical=0.2799 leak=0.1005 train_ler=0.574 lr=1.17e-04 4.1 it/s
[ 114700] loss=0.4369 logical=0.3375 leak=0.0994 train_ler=0.559 lr=1.17e-04 4.1 it/s
[ 114800] loss=0.3970 logical=0.2967 leak=0.1003 train_ler=0.531 lr=1.16e-04 4.1 it/s
[ 114900] loss=0.3908 logical=0.2918 leak=0.0990 train_ler=0.547 lr=1.16e-04 4.1 it/s
[eval 115000] val LER=0.5603 (11206/20000) leak P/R=0.635/0.098 | T2-2 shots LER=0.5695 (1139/2000)  [B1 0.159, ORC 0.106]
[ 115000] loss=0.3822 logical=0.2843 leak=0.0978 train_ler=0.547 lr=1.16e-04 412.2 it/s
[ 115100] loss=0.3651 logical=0.2676 leak=0.0975 train_ler=0.520 lr=1.16e-04 4.1 it/s
[ 115200] loss=0.4223 logical=0.3211 leak=0.1011 train_ler=0.594 lr=1.16e-04 4.1 it/s
[ 115300] loss=0.4173 logical=0.3205 leak=0.0968 train_ler=0.566 lr=1.15e-04 4.1 it/s
[ 115400] loss=0.3966 logical=0.2990 leak=0.0977 train_ler=0.523 lr=1.15e-04 4.1 it/s
[ 115500] loss=0.4178 logical=0.3201 leak=0.0977 train_ler=0.562 lr=1.15e-04 4.1 it/s
[ 115600] loss=0.4034 logical=0.3069 leak=0.0965 train_ler=0.582 lr=1.15e-04 4.1 it/s
[ 115700] loss=0.3831 logical=0.2857 leak=0.0974 train_ler=0.523 lr=1.14e-04 4.1 it/s
[ 115800] loss=0.3712 logical=0.2748 leak=0.0964 train_ler=0.539 lr=1.14e-04 4.1 it/s
[ 115900] loss=0.4099 logical=0.3121 leak=0.0977 train_ler=0.562 lr=1.14e-04 4.1 it/s
[ 116000] loss=0.3948 logical=0.2934 leak=0.1014 train_ler=0.527 lr=1.14e-04 4.1 it/s
[ 116100] loss=0.4062 logical=0.3094 leak=0.0968 train_ler=0.535 lr=1.13e-04 4.1 it/s
[ 116200] loss=0.3945 logical=0.2956 leak=0.0989 train_ler=0.559 lr=1.13e-04 4.1 it/s
[ 116300] loss=0.4073 logical=0.3096 leak=0.0977 train_ler=0.570 lr=1.13e-04 4.1 it/s
[ 116400] loss=0.3619 logical=0.2628 leak=0.0991 train_ler=0.496 lr=1.13e-04 4.1 it/s
[ 116500] loss=0.4207 logical=0.3216 leak=0.0990 train_ler=0.598 lr=1.13e-04 4.1 it/s
[ 116600] loss=0.4233 logical=0.3275 leak=0.0957 train_ler=0.594 lr=1.12e-04 4.1 it/s
[ 116700] loss=0.3610 logical=0.2648 leak=0.0962 train_ler=0.531 lr=1.12e-04 4.1 it/s
[ 116800] loss=0.4037 logical=0.3081 leak=0.0956 train_ler=0.562 lr=1.12e-04 4.1 it/s
[ 116900] loss=0.3894 logical=0.2895 leak=0.0999 train_ler=0.578 lr=1.12e-04 4.1 it/s
[ 117000] loss=0.3938 logical=0.2925 leak=0.1014 train_ler=0.555 lr=1.11e-04 4.1 it/s
[ 117100] loss=0.3845 logical=0.2866 leak=0.0979 train_ler=0.516 lr=1.11e-04 4.1 it/s
[ 117200] loss=0.3796 logical=0.2830 leak=0.0966 train_ler=0.535 lr=1.11e-04 4.1 it/s
[ 117300] loss=0.4076 logical=0.3061 leak=0.1016 train_ler=0.578 lr=1.11e-04 4.1 it/s
[ 117400] loss=0.4163 logical=0.3177 leak=0.0986 train_ler=0.570 lr=1.10e-04 4.1 it/s
[ 117500] loss=0.4006 logical=0.3036 leak=0.0971 train_ler=0.531 lr=1.10e-04 4.1 it/s
[ 117600] loss=0.3930 logical=0.2949 leak=0.0980 train_ler=0.543 lr=1.10e-04 4.1 it/s
[ 117700] loss=0.3964 logical=0.3023 leak=0.0941 train_ler=0.539 lr=1.10e-04 4.1 it/s
[ 117800] loss=0.3912 logical=0.2898 leak=0.1014 train_ler=0.586 lr=1.10e-04 4.1 it/s
[ 117900] loss=0.3706 logical=0.2702 leak=0.1004 train_ler=0.512 lr=1.09e-04 4.1 it/s
[ 118000] loss=0.3922 logical=0.2940 leak=0.0982 train_ler=0.508 lr=1.09e-04 4.1 it/s
[ 118100] loss=0.4086 logical=0.3094 leak=0.0993 train_ler=0.578 lr=1.09e-04 4.1 it/s
[ 118200] loss=0.3796 logical=0.2846 leak=0.0950 train_ler=0.523 lr=1.09e-04 4.1 it/s
[ 118300] loss=0.4276 logical=0.3246 leak=0.1030 train_ler=0.586 lr=1.08e-04 4.1 it/s
[ 118400] loss=0.3960 logical=0.3010 leak=0.0950 train_ler=0.547 lr=1.08e-04 4.1 it/s
[ 118500] loss=0.3902 logical=0.2920 leak=0.0982 train_ler=0.555 lr=1.08e-04 4.1 it/s
[ 118600] loss=0.3971 logical=0.2992 leak=0.0979 train_ler=0.574 lr=1.08e-04 4.1 it/s
[ 118700] loss=0.3795 logical=0.2829 leak=0.0965 train_ler=0.566 lr=1.07e-04 4.1 it/s
[ 118800] loss=0.3898 logical=0.2984 leak=0.0914 train_ler=0.535 lr=1.07e-04 4.1 it/s
[ 118900] loss=0.4012 logical=0.3104 leak=0.0908 train_ler=0.594 lr=1.07e-04 4.1 it/s
[ 119000] loss=0.4156 logical=0.3169 leak=0.0987 train_ler=0.551 lr=1.07e-04 4.1 it/s
[ 119100] loss=0.4294 logical=0.3324 leak=0.0969 train_ler=0.574 lr=1.07e-04 4.1 it/s
[ 119200] loss=0.3876 logical=0.2861 leak=0.1015 train_ler=0.531 lr=1.06e-04 4.1 it/s
[ 119300] loss=0.3900 logical=0.2911 leak=0.0988 train_ler=0.535 lr=1.06e-04 4.1 it/s
[ 119400] loss=0.3848 logical=0.2870 leak=0.0978 train_ler=0.543 lr=1.06e-04 4.1 it/s
[ 119500] loss=0.3960 logical=0.3032 leak=0.0928 train_ler=0.551 lr=1.06e-04 4.1 it/s
[ 119600] loss=0.4041 logical=0.3065 leak=0.0975 train_ler=0.535 lr=1.05e-04 4.1 it/s
[ 119700] loss=0.4110 logical=0.3100 leak=0.1010 train_ler=0.574 lr=1.05e-04 4.1 it/s
[ 119800] loss=0.3918 logical=0.2947 leak=0.0971 train_ler=0.562 lr=1.05e-04 4.1 it/s
[ 119900] loss=0.4023 logical=0.2997 leak=0.1026 train_ler=0.570 lr=1.05e-04 4.1 it/s
[eval 120000] val LER=0.5511 (11022/20000) leak P/R=0.633/0.099 | T2-2 shots LER=0.5460 (1092/2000)  [B1 0.159, ORC 0.106]
[ 120000] loss=0.3974 logical=0.2934 leak=0.1040 train_ler=0.539 lr=1.05e-04 407.4 it/s
[ 120100] loss=0.3850 logical=0.2894 leak=0.0956 train_ler=0.500 lr=1.04e-04 4.1 it/s
[ 120200] loss=0.4452 logical=0.3487 leak=0.0966 train_ler=0.613 lr=1.04e-04 4.1 it/s
[ 120300] loss=0.3556 logical=0.2567 leak=0.0988 train_ler=0.504 lr=1.04e-04 4.1 it/s
[ 120400] loss=0.4276 logical=0.3269 leak=0.1007 train_ler=0.570 lr=1.04e-04 4.1 it/s
[ 120500] loss=0.4157 logical=0.3167 leak=0.0990 train_ler=0.559 lr=1.03e-04 4.1 it/s
[ 120600] loss=0.3607 logical=0.2645 leak=0.0962 train_ler=0.516 lr=1.03e-04 4.1 it/s
[ 120700] loss=0.3975 logical=0.2984 leak=0.0991 train_ler=0.551 lr=1.03e-04 4.1 it/s
[ 120800] loss=0.3429 logical=0.2407 leak=0.1022 train_ler=0.477 lr=1.03e-04 4.1 it/s
[ 120900] loss=0.4034 logical=0.3044 leak=0.0990 train_ler=0.555 lr=1.03e-04 4.1 it/s
[ 121000] loss=0.4093 logical=0.3098 leak=0.0995 train_ler=0.602 lr=1.02e-04 4.1 it/s
[ 121100] loss=0.3806 logical=0.2841 leak=0.0965 train_ler=0.531 lr=1.02e-04 4.1 it/s
[ 121200] loss=0.3854 logical=0.2884 leak=0.0970 train_ler=0.559 lr=1.02e-04 4.1 it/s
[ 121300] loss=0.3795 logical=0.2793 leak=0.1002 train_ler=0.520 lr=1.02e-04 4.1 it/s
[ 121400] loss=0.3668 logical=0.2677 leak=0.0991 train_ler=0.473 lr=1.01e-04 4.1 it/s
[ 121500] loss=0.3689 logical=0.2733 leak=0.0957 train_ler=0.520 lr=1.01e-04 4.1 it/s
[ 121600] loss=0.4042 logical=0.3081 leak=0.0961 train_ler=0.547 lr=1.01e-04 4.1 it/s
[ 121700] loss=0.3818 logical=0.2848 leak=0.0970 train_ler=0.562 lr=1.01e-04 4.1 it/s
[ 121800] loss=0.3719 logical=0.2700 leak=0.1019 train_ler=0.516 lr=1.01e-04 4.1 it/s
[ 121900] loss=0.3957 logical=0.3026 leak=0.0931 train_ler=0.586 lr=1.00e-04 4.1 it/s
[ 122000] loss=0.4340 logical=0.3320 leak=0.1021 train_ler=0.582 lr=1.00e-04 4.1 it/s
[ 122100] loss=0.4061 logical=0.3030 leak=0.1030 train_ler=0.578 lr=9.98e-05 4.1 it/s
[ 122200] loss=0.4192 logical=0.3174 leak=0.1018 train_ler=0.578 lr=9.96e-05 4.1 it/s
[ 122300] loss=0.3903 logical=0.2954 leak=0.0950 train_ler=0.574 lr=9.94e-05 4.1 it/s
[ 122400] loss=0.3981 logical=0.3034 leak=0.0947 train_ler=0.535 lr=9.92e-05 4.1 it/s
[ 122500] loss=0.3810 logical=0.2835 leak=0.0976 train_ler=0.496 lr=9.89e-05 4.1 it/s
[ 122600] loss=0.3736 logical=0.2738 leak=0.0997 train_ler=0.539 lr=9.87e-05 4.1 it/s
[ 122700] loss=0.3926 logical=0.2907 leak=0.1018 train_ler=0.539 lr=9.85e-05 4.1 it/s
[ 122800] loss=0.3757 logical=0.2788 leak=0.0968 train_ler=0.531 lr=9.83e-05 4.1 it/s
[ 122900] loss=0.3808 logical=0.2855 leak=0.0953 train_ler=0.547 lr=9.81e-05 4.1 it/s
[ 123000] loss=0.3707 logical=0.2771 leak=0.0935 train_ler=0.512 lr=9.78e-05 4.1 it/s
[ 123100] loss=0.3858 logical=0.2931 leak=0.0927 train_ler=0.508 lr=9.76e-05 4.1 it/s
[ 123200] loss=0.4095 logical=0.3092 leak=0.1004 train_ler=0.590 lr=9.74e-05 4.1 it/s
[ 123300] loss=0.3909 logical=0.2921 leak=0.0988 train_ler=0.574 lr=9.72e-05 4.1 it/s
[ 123400] loss=0.3699 logical=0.2758 leak=0.0941 train_ler=0.539 lr=9.69e-05 4.1 it/s
[ 123500] loss=0.3946 logical=0.2932 leak=0.1015 train_ler=0.551 lr=9.67e-05 4.1 it/s
[ 123600] loss=0.4321 logical=0.3298 leak=0.1023 train_ler=0.582 lr=9.65e-05 4.1 it/s
[ 123700] loss=0.3840 logical=0.2816 leak=0.1024 train_ler=0.527 lr=9.63e-05 4.1 it/s
[ 123800] loss=0.3688 logical=0.2719 leak=0.0969 train_ler=0.477 lr=9.61e-05 4.1 it/s
[ 123900] loss=0.4026 logical=0.3060 leak=0.0966 train_ler=0.594 lr=9.58e-05 4.1 it/s
[ 124000] loss=0.3695 logical=0.2713 leak=0.0982 train_ler=0.523 lr=9.56e-05 4.1 it/s
[ 124100] loss=0.4162 logical=0.3160 leak=0.1001 train_ler=0.590 lr=9.54e-05 4.1 it/s
[ 124200] loss=0.3700 logical=0.2712 leak=0.0988 train_ler=0.523 lr=9.52e-05 4.1 it/s
[ 124300] loss=0.4151 logical=0.3163 leak=0.0989 train_ler=0.590 lr=9.50e-05 4.1 it/s
[ 124400] loss=0.3748 logical=0.2804 leak=0.0944 train_ler=0.570 lr=9.47e-05 4.1 it/s
[ 124500] loss=0.3705 logical=0.2761 leak=0.0944 train_ler=0.547 lr=9.45e-05 4.1 it/s
[ 124600] loss=0.4070 logical=0.3093 leak=0.0976 train_ler=0.551 lr=9.43e-05 4.1 it/s
[ 124700] loss=0.3972 logical=0.2990 leak=0.0982 train_ler=0.551 lr=9.41e-05 4.1 it/s
[ 124800] loss=0.3808 logical=0.2819 leak=0.0989 train_ler=0.566 lr=9.39e-05 4.1 it/s
[ 124900] loss=0.3621 logical=0.2654 leak=0.0968 train_ler=0.496 lr=9.36e-05 4.1 it/s
[eval 125000] val LER=0.5497 (10995/20000) leak P/R=0.651/0.092 | T2-2 shots LER=0.5410 (1082/2000)  [B1 0.159, ORC 0.106]
[ 125000] loss=0.4121 logical=0.3146 leak=0.0975 train_ler=0.574 lr=9.34e-05 409.9 it/s
[ 125100] loss=0.3763 logical=0.2774 leak=0.0989 train_ler=0.547 lr=9.32e-05 4.1 it/s
[ 125200] loss=0.4101 logical=0.3086 leak=0.1015 train_ler=0.602 lr=9.30e-05 4.1 it/s
[ 125300] loss=0.4009 logical=0.3046 leak=0.0964 train_ler=0.559 lr=9.28e-05 4.1 it/s
[ 125400] loss=0.3936 logical=0.2970 leak=0.0966 train_ler=0.527 lr=9.25e-05 4.1 it/s
[ 125500] loss=0.3946 logical=0.2950 leak=0.0996 train_ler=0.559 lr=9.23e-05 4.1 it/s
[ 125600] loss=0.4120 logical=0.3125 leak=0.0995 train_ler=0.582 lr=9.21e-05 4.1 it/s
[ 125700] loss=0.4056 logical=0.3048 leak=0.1008 train_ler=0.562 lr=9.19e-05 4.1 it/s
[ 125800] loss=0.4079 logical=0.3080 leak=0.0999 train_ler=0.539 lr=9.17e-05 4.1 it/s
[ 125900] loss=0.3954 logical=0.2979 leak=0.0974 train_ler=0.559 lr=9.15e-05 4.1 it/s
[ 126000] loss=0.4023 logical=0.3023 leak=0.1001 train_ler=0.570 lr=9.12e-05 4.1 it/s
[ 126100] loss=0.4076 logical=0.3173 leak=0.0903 train_ler=0.520 lr=9.10e-05 4.1 it/s
[ 126200] loss=0.4158 logical=0.3181 leak=0.0977 train_ler=0.602 lr=9.08e-05 4.1 it/s
[ 126300] loss=0.3689 logical=0.2720 leak=0.0969 train_ler=0.516 lr=9.06e-05 4.1 it/s
[ 126400] loss=0.3893 logical=0.2892 leak=0.1000 train_ler=0.539 lr=9.04e-05 4.1 it/s
[ 126500] loss=0.3704 logical=0.2729 leak=0.0975 train_ler=0.551 lr=9.01e-05 4.1 it/s
[ 126600] loss=0.3600 logical=0.2640 leak=0.0959 train_ler=0.496 lr=8.99e-05 4.1 it/s
[ 126700] loss=0.3996 logical=0.2992 leak=0.1003 train_ler=0.523 lr=8.97e-05 4.1 it/s
[ 126800] loss=0.3803 logical=0.2812 leak=0.0991 train_ler=0.535 lr=8.95e-05 4.1 it/s
[ 126900] loss=0.3914 logical=0.2914 leak=0.1000 train_ler=0.586 lr=8.93e-05 4.1 it/s
[ 127000] loss=0.3636 logical=0.2685 leak=0.0951 train_ler=0.516 lr=8.91e-05 4.1 it/s
[ 127100] loss=0.3958 logical=0.2996 leak=0.0961 train_ler=0.547 lr=8.88e-05 4.1 it/s
[ 127200] loss=0.3953 logical=0.2940 leak=0.1013 train_ler=0.547 lr=8.86e-05 4.1 it/s
[ 127300] loss=0.3955 logical=0.2945 leak=0.1010 train_ler=0.578 lr=8.84e-05 4.1 it/s
[ 127400] loss=0.3503 logical=0.2563 leak=0.0940 train_ler=0.492 lr=8.82e-05 4.1 it/s
[ 127500] loss=0.3764 logical=0.2793 leak=0.0971 train_ler=0.531 lr=8.80e-05 4.1 it/s
[ 127600] loss=0.3551 logical=0.2617 leak=0.0934 train_ler=0.539 lr=8.78e-05 4.1 it/s
[ 127700] loss=0.3485 logical=0.2500 leak=0.0985 train_ler=0.504 lr=8.76e-05 4.1 it/s
[ 127800] loss=0.4115 logical=0.3158 leak=0.0957 train_ler=0.574 lr=8.73e-05 4.1 it/s
[ 127900] loss=0.3974 logical=0.2982 leak=0.0992 train_ler=0.551 lr=8.71e-05 4.1 it/s
[ 128000] loss=0.4190 logical=0.3182 leak=0.1008 train_ler=0.578 lr=8.69e-05 4.1 it/s
[ 128100] loss=0.3621 logical=0.2667 leak=0.0953 train_ler=0.531 lr=8.67e-05 4.1 it/s
[ 128200] loss=0.3985 logical=0.2986 leak=0.0999 train_ler=0.500 lr=8.65e-05 4.1 it/s
[ 128300] loss=0.3974 logical=0.2970 leak=0.1004 train_ler=0.523 lr=8.63e-05 4.1 it/s
[ 128400] loss=0.4058 logical=0.3076 leak=0.0981 train_ler=0.555 lr=8.60e-05 4.1 it/s
[ 128500] loss=0.4166 logical=0.3136 leak=0.1030 train_ler=0.562 lr=8.58e-05 4.1 it/s
[ 128600] loss=0.3494 logical=0.2465 leak=0.1029 train_ler=0.496 lr=8.56e-05 4.1 it/s
[ 128700] loss=0.3769 logical=0.2796 leak=0.0974 train_ler=0.520 lr=8.54e-05 4.1 it/s
[ 128800] loss=0.3919 logical=0.2897 leak=0.1022 train_ler=0.539 lr=8.52e-05 4.1 it/s
[ 128900] loss=0.4109 logical=0.3085 leak=0.1024 train_ler=0.566 lr=8.50e-05 4.1 it/s
[ 129000] loss=0.3854 logical=0.2847 leak=0.1006 train_ler=0.547 lr=8.48e-05 4.1 it/s
[ 129100] loss=0.3781 logical=0.2790 leak=0.0991 train_ler=0.512 lr=8.46e-05 4.1 it/s
[ 129200] loss=0.3861 logical=0.2898 leak=0.0963 train_ler=0.555 lr=8.43e-05 4.1 it/s
[ 129300] loss=0.3969 logical=0.2999 leak=0.0970 train_ler=0.555 lr=8.41e-05 4.1 it/s
[ 129400] loss=0.4241 logical=0.3235 leak=0.1006 train_ler=0.570 lr=8.39e-05 4.1 it/s
[ 129500] loss=0.3842 logical=0.2800 leak=0.1042 train_ler=0.527 lr=8.37e-05 4.1 it/s
[ 129600] loss=0.4173 logical=0.3193 leak=0.0980 train_ler=0.586 lr=8.35e-05 4.1 it/s
[ 129700] loss=0.3888 logical=0.2964 leak=0.0924 train_ler=0.516 lr=8.33e-05 4.1 it/s
[ 129800] loss=0.4066 logical=0.3055 leak=0.1011 train_ler=0.570 lr=8.31e-05 4.1 it/s
[ 129900] loss=0.3785 logical=0.2763 leak=0.1022 train_ler=0.527 lr=8.29e-05 4.1 it/s
[eval 130000] val LER=0.5444 (10889/20000) leak P/R=0.640/0.098 | T2-2 shots LER=0.5425 (1085/2000)  [B1 0.159, ORC 0.106]
[ 130000] loss=0.3903 logical=0.2903 leak=0.1000 train_ler=0.539 lr=8.26e-05 413.5 it/s
[ 130100] loss=0.3920 logical=0.2958 leak=0.0962 train_ler=0.574 lr=8.24e-05 4.1 it/s
[ 130200] loss=0.3976 logical=0.2958 leak=0.1018 train_ler=0.551 lr=8.22e-05 4.1 it/s
[ 130300] loss=0.4098 logical=0.3082 leak=0.1016 train_ler=0.562 lr=8.20e-05 4.1 it/s
[ 130400] loss=0.3614 logical=0.2658 leak=0.0956 train_ler=0.520 lr=8.18e-05 4.1 it/s
[ 130500] loss=0.4246 logical=0.3278 leak=0.0968 train_ler=0.539 lr=8.16e-05 4.1 it/s
[ 130600] loss=0.3695 logical=0.2749 leak=0.0946 train_ler=0.480 lr=8.14e-05 4.1 it/s
[ 130700] loss=0.3928 logical=0.2938 leak=0.0990 train_ler=0.535 lr=8.12e-05 4.1 it/s
[ 130800] loss=0.3719 logical=0.2748 leak=0.0971 train_ler=0.508 lr=8.10e-05 4.1 it/s
[ 130900] loss=0.3759 logical=0.2782 leak=0.0977 train_ler=0.527 lr=8.07e-05 4.1 it/s
[ 131000] loss=0.3942 logical=0.2937 leak=0.1005 train_ler=0.523 lr=8.05e-05 4.1 it/s
[ 131100] loss=0.3880 logical=0.2852 leak=0.1027 train_ler=0.543 lr=8.03e-05 4.1 it/s
[ 131200] loss=0.3780 logical=0.2851 leak=0.0930 train_ler=0.523 lr=8.01e-05 4.1 it/s
[ 131300] loss=0.3895 logical=0.2944 leak=0.0951 train_ler=0.531 lr=7.99e-05 4.1 it/s
[ 131400] loss=0.3968 logical=0.2973 leak=0.0995 train_ler=0.539 lr=7.97e-05 4.1 it/s
[ 131500] loss=0.4100 logical=0.3082 leak=0.1018 train_ler=0.531 lr=7.95e-05 4.1 it/s
[ 131600] loss=0.3922 logical=0.2927 leak=0.0995 train_ler=0.547 lr=7.93e-05 4.1 it/s
[ 131700] loss=0.3830 logical=0.2865 leak=0.0965 train_ler=0.516 lr=7.91e-05 4.1 it/s
[ 131800] loss=0.3951 logical=0.2932 leak=0.1019 train_ler=0.543 lr=7.89e-05 4.1 it/s
[ 131900] loss=0.3581 logical=0.2603 leak=0.0978 train_ler=0.508 lr=7.87e-05 4.1 it/s
[ 132000] loss=0.3853 logical=0.2905 leak=0.0948 train_ler=0.551 lr=7.84e-05 4.1 it/s
[ 132100] loss=0.3526 logical=0.2604 leak=0.0921 train_ler=0.484 lr=7.82e-05 4.1 it/s
[ 132200] loss=0.3831 logical=0.2854 leak=0.0977 train_ler=0.512 lr=7.80e-05 4.1 it/s
[ 132300] loss=0.3709 logical=0.2713 leak=0.0996 train_ler=0.520 lr=7.78e-05 4.1 it/s
[ 132400] loss=0.4277 logical=0.3261 leak=0.1017 train_ler=0.613 lr=7.76e-05 4.1 it/s
[ 132500] loss=0.3675 logical=0.2765 leak=0.0910 train_ler=0.508 lr=7.74e-05 4.1 it/s
[ 132600] loss=0.3964 logical=0.3000 leak=0.0964 train_ler=0.559 lr=7.72e-05 4.1 it/s
[ 132700] loss=0.4322 logical=0.3302 leak=0.1020 train_ler=0.586 lr=7.70e-05 4.1 it/s
[ 132800] loss=0.3707 logical=0.2700 leak=0.1007 train_ler=0.527 lr=7.68e-05 4.1 it/s
[ 132900] loss=0.3717 logical=0.2747 leak=0.0970 train_ler=0.555 lr=7.66e-05 4.1 it/s
[ 133000] loss=0.4278 logical=0.3284 leak=0.0993 train_ler=0.617 lr=7.64e-05 4.1 it/s
[ 133100] loss=0.3973 logical=0.3006 leak=0.0966 train_ler=0.574 lr=7.62e-05 4.1 it/s
[ 133200] loss=0.4060 logical=0.3083 leak=0.0977 train_ler=0.531 lr=7.60e-05 4.1 it/s
[ 133300] loss=0.3757 logical=0.2818 leak=0.0940 train_ler=0.520 lr=7.58e-05 4.1 it/s
[ 133400] loss=0.3792 logical=0.2787 leak=0.1005 train_ler=0.500 lr=7.55e-05 4.1 it/s
[ 133500] loss=0.4014 logical=0.3054 leak=0.0960 train_ler=0.547 lr=7.53e-05 4.1 it/s
[ 133600] loss=0.3798 logical=0.2840 leak=0.0958 train_ler=0.508 lr=7.51e-05 4.1 it/s
[ 133700] loss=0.3983 logical=0.2945 leak=0.1039 train_ler=0.570 lr=7.49e-05 4.1 it/s
[ 133800] loss=0.3965 logical=0.2980 leak=0.0985 train_ler=0.496 lr=7.47e-05 4.1 it/s
[ 133900] loss=0.3923 logical=0.2950 leak=0.0973 train_ler=0.566 lr=7.45e-05 4.1 it/s
[ 134000] loss=0.4116 logical=0.3104 leak=0.1012 train_ler=0.566 lr=7.43e-05 4.1 it/s
[ 134100] loss=0.4011 logical=0.3038 leak=0.0974 train_ler=0.582 lr=7.41e-05 4.1 it/s
[ 134200] loss=0.3656 logical=0.2730 leak=0.0926 train_ler=0.500 lr=7.39e-05 4.1 it/s
[ 134300] loss=0.3743 logical=0.2789 leak=0.0954 train_ler=0.523 lr=7.37e-05 4.1 it/s
[ 134400] loss=0.3955 logical=0.2979 leak=0.0976 train_ler=0.551 lr=7.35e-05 4.1 it/s
[ 134500] loss=0.3774 logical=0.2799 leak=0.0975 train_ler=0.562 lr=7.33e-05 4.1 it/s
[ 134600] loss=0.3615 logical=0.2646 leak=0.0968 train_ler=0.488 lr=7.31e-05 4.1 it/s
[ 134700] loss=0.3777 logical=0.2785 leak=0.0992 train_ler=0.531 lr=7.29e-05 4.1 it/s
[ 134800] loss=0.4057 logical=0.3075 leak=0.0982 train_ler=0.574 lr=7.27e-05 4.1 it/s
[ 134900] loss=0.3739 logical=0.2760 leak=0.0979 train_ler=0.523 lr=7.25e-05 4.1 it/s
[eval 135000] val LER=0.5379 (10758/20000) leak P/R=0.635/0.104 | T2-2 shots LER=0.5435 (1087/2000)  [B1 0.159, ORC 0.106]
[ 135000] loss=0.4018 logical=0.3054 leak=0.0964 train_ler=0.555 lr=7.23e-05 400.7 it/s
[ 135100] loss=0.3760 logical=0.2789 leak=0.0971 train_ler=0.555 lr=7.21e-05 4.1 it/s
[ 135200] loss=0.3972 logical=0.2978 leak=0.0994 train_ler=0.523 lr=7.19e-05 4.1 it/s
[ 135300] loss=0.4209 logical=0.3185 leak=0.1024 train_ler=0.574 lr=7.17e-05 4.1 it/s
[ 135400] loss=0.3806 logical=0.2778 leak=0.1028 train_ler=0.547 lr=7.15e-05 4.1 it/s
[ 135500] loss=0.3650 logical=0.2648 leak=0.1002 train_ler=0.527 lr=7.13e-05 4.1 it/s
[ 135600] loss=0.3744 logical=0.2732 leak=0.1012 train_ler=0.508 lr=7.11e-05 4.1 it/s
[ 135700] loss=0.4077 logical=0.3063 leak=0.1014 train_ler=0.562 lr=7.09e-05 4.1 it/s
[ 135800] loss=0.3904 logical=0.2947 leak=0.0958 train_ler=0.555 lr=7.07e-05 4.1 it/s
[ 135900] loss=0.3797 logical=0.2820 leak=0.0977 train_ler=0.516 lr=7.05e-05 4.1 it/s
[ 136000] loss=0.3822 logical=0.2872 leak=0.0950 train_ler=0.527 lr=7.03e-05 4.1 it/s
[ 136100] loss=0.3645 logical=0.2704 leak=0.0940 train_ler=0.520 lr=7.01e-05 4.1 it/s
[ 136200] loss=0.3689 logical=0.2729 leak=0.0960 train_ler=0.531 lr=6.99e-05 4.1 it/s
[ 136300] loss=0.4003 logical=0.3014 leak=0.0989 train_ler=0.566 lr=6.97e-05 4.1 it/s
[ 136400] loss=0.3676 logical=0.2703 leak=0.0973 train_ler=0.527 lr=6.95e-05 4.1 it/s
[ 136500] loss=0.3850 logical=0.2850 leak=0.1000 train_ler=0.492 lr=6.93e-05 4.1 it/s
[ 136600] loss=0.3666 logical=0.2666 leak=0.1000 train_ler=0.527 lr=6.91e-05 4.1 it/s
[ 136700] loss=0.3832 logical=0.2853 leak=0.0979 train_ler=0.574 lr=6.89e-05 4.1 it/s
[ 136800] loss=0.4241 logical=0.3266 leak=0.0975 train_ler=0.590 lr=6.87e-05 4.1 it/s
[ 136900] loss=0.3646 logical=0.2666 leak=0.0980 train_ler=0.523 lr=6.85e-05 4.1 it/s
[ 137000] loss=0.3591 logical=0.2582 leak=0.1009 train_ler=0.512 lr=6.83e-05 4.1 it/s
[ 137100] loss=0.3791 logical=0.2847 leak=0.0944 train_ler=0.555 lr=6.81e-05 4.1 it/s
[ 137200] loss=0.3897 logical=0.2924 leak=0.0973 train_ler=0.555 lr=6.79e-05 4.1 it/s
[ 137300] loss=0.3783 logical=0.2772 leak=0.1011 train_ler=0.500 lr=6.77e-05 4.1 it/s
[ 137400] loss=0.3754 logical=0.2759 leak=0.0996 train_ler=0.508 lr=6.75e-05 4.1 it/s
[ 137500] loss=0.3698 logical=0.2704 leak=0.0994 train_ler=0.566 lr=6.73e-05 4.1 it/s
[ 137600] loss=0.3781 logical=0.2782 leak=0.0999 train_ler=0.559 lr=6.71e-05 4.1 it/s
[ 137700] loss=0.3969 logical=0.2935 leak=0.1034 train_ler=0.547 lr=6.69e-05 4.1 it/s
[ 137800] loss=0.3892 logical=0.2929 leak=0.0962 train_ler=0.551 lr=6.67e-05 4.1 it/s
[ 137900] loss=0.3955 logical=0.2973 leak=0.0982 train_ler=0.547 lr=6.65e-05 4.1 it/s
[ 138000] loss=0.4071 logical=0.3071 leak=0.0999 train_ler=0.559 lr=6.63e-05 4.1 it/s
[ 138100] loss=0.3920 logical=0.2880 leak=0.1040 train_ler=0.559 lr=6.61e-05 4.1 it/s
[ 138200] loss=0.3827 logical=0.2848 leak=0.0979 train_ler=0.539 lr=6.59e-05 4.1 it/s
[ 138300] loss=0.4248 logical=0.3279 leak=0.0968 train_ler=0.574 lr=6.57e-05 4.1 it/s
[ 138400] loss=0.3798 logical=0.2819 leak=0.0979 train_ler=0.539 lr=6.55e-05 4.1 it/s
[ 138500] loss=0.3753 logical=0.2792 leak=0.0961 train_ler=0.520 lr=6.53e-05 4.1 it/s
[ 138600] loss=0.3780 logical=0.2824 leak=0.0956 train_ler=0.559 lr=6.51e-05 4.1 it/s
[ 138700] loss=0.3965 logical=0.2980 leak=0.0985 train_ler=0.559 lr=6.49e-05 4.1 it/s
[ 138800] loss=0.3975 logical=0.2993 leak=0.0982 train_ler=0.531 lr=6.47e-05 4.1 it/s
[ 138900] loss=0.4028 logical=0.3007 leak=0.1021 train_ler=0.555 lr=6.45e-05 4.1 it/s
[ 139000] loss=0.3799 logical=0.2865 leak=0.0933 train_ler=0.496 lr=6.43e-05 4.1 it/s
[ 139100] loss=0.3617 logical=0.2654 leak=0.0963 train_ler=0.508 lr=6.41e-05 4.1 it/s
[ 139200] loss=0.3723 logical=0.2727 leak=0.0996 train_ler=0.523 lr=6.40e-05 4.1 it/s
[ 139300] loss=0.3488 logical=0.2541 leak=0.0947 train_ler=0.473 lr=6.38e-05 4.1 it/s
[ 139400] loss=0.4000 logical=0.3036 leak=0.0964 train_ler=0.555 lr=6.36e-05 4.1 it/s
[ 139500] loss=0.4031 logical=0.3109 leak=0.0922 train_ler=0.547 lr=6.34e-05 4.1 it/s
[ 139600] loss=0.3769 logical=0.2814 leak=0.0955 train_ler=0.590 lr=6.32e-05 4.1 it/s
[ 139700] loss=0.3812 logical=0.2821 leak=0.0990 train_ler=0.516 lr=6.30e-05 4.1 it/s
[ 139800] loss=0.3817 logical=0.2843 leak=0.0974 train_ler=0.504 lr=6.28e-05 4.1 it/s
[ 139900] loss=0.3792 logical=0.2862 leak=0.0930 train_ler=0.547 lr=6.26e-05 4.1 it/s
[eval 140000] val LER=0.5353 (10706/20000) leak P/R=0.630/0.108 | T2-2 shots LER=0.5410 (1082/2000)  [B1 0.159, ORC 0.106]
[ 140000] loss=0.3907 logical=0.2922 leak=0.0984 train_ler=0.539 lr=6.24e-05 410.9 it/s
[ 140100] loss=0.4162 logical=0.3182 leak=0.0980 train_ler=0.555 lr=6.22e-05 4.1 it/s
[ 140200] loss=0.3919 logical=0.2978 leak=0.0941 train_ler=0.551 lr=6.20e-05 4.1 it/s
[ 140300] loss=0.3642 logical=0.2704 leak=0.0938 train_ler=0.531 lr=6.18e-05 4.1 it/s
[ 140400] loss=0.3782 logical=0.2799 leak=0.0982 train_ler=0.547 lr=6.16e-05 4.1 it/s
[ 140500] loss=0.3968 logical=0.2967 leak=0.1002 train_ler=0.586 lr=6.14e-05 4.1 it/s
[ 140600] loss=0.3661 logical=0.2679 leak=0.0982 train_ler=0.508 lr=6.13e-05 4.1 it/s
[ 140700] loss=0.3849 logical=0.2851 leak=0.0998 train_ler=0.527 lr=6.11e-05 4.1 it/s
[ 140800] loss=0.3907 logical=0.2918 leak=0.0989 train_ler=0.527 lr=6.09e-05 4.1 it/s
[ 140900] loss=0.3795 logical=0.2819 leak=0.0976 train_ler=0.523 lr=6.07e-05 4.1 it/s
[ 141000] loss=0.3867 logical=0.2845 leak=0.1022 train_ler=0.555 lr=6.05e-05 4.1 it/s
[ 141100] loss=0.3930 logical=0.2989 leak=0.0942 train_ler=0.527 lr=6.03e-05 4.1 it/s
[ 141200] loss=0.3930 logical=0.2979 leak=0.0951 train_ler=0.547 lr=6.01e-05 4.1 it/s
[ 141300] loss=0.3768 logical=0.2787 leak=0.0981 train_ler=0.535 lr=5.99e-05 4.1 it/s
[ 141400] loss=0.3950 logical=0.2976 leak=0.0975 train_ler=0.551 lr=5.97e-05 4.1 it/s
[ 141500] loss=0.3934 logical=0.2970 leak=0.0965 train_ler=0.578 lr=5.95e-05 4.1 it/s
[ 141600] loss=0.3721 logical=0.2726 leak=0.0995 train_ler=0.539 lr=5.94e-05 4.1 it/s
[ 141700] loss=0.3856 logical=0.2836 leak=0.1020 train_ler=0.559 lr=5.92e-05 4.1 it/s
[ 141800] loss=0.3835 logical=0.2863 leak=0.0973 train_ler=0.547 lr=5.90e-05 4.1 it/s
[ 141900] loss=0.4139 logical=0.3151 leak=0.0988 train_ler=0.547 lr=5.88e-05 4.1 it/s
[ 142000] loss=0.3821 logical=0.2807 leak=0.1014 train_ler=0.523 lr=5.86e-05 4.1 it/s
[ 142100] loss=0.3826 logical=0.2820 leak=0.1006 train_ler=0.508 lr=5.84e-05 4.1 it/s
[ 142200] loss=0.3604 logical=0.2616 leak=0.0987 train_ler=0.484 lr=5.82e-05 4.1 it/s
[ 142300] loss=0.4068 logical=0.3077 leak=0.0991 train_ler=0.570 lr=5.80e-05 4.1 it/s
[ 142400] loss=0.3699 logical=0.2717 leak=0.0982 train_ler=0.531 lr=5.79e-05 4.1 it/s
[ 142500] loss=0.4202 logical=0.3198 leak=0.1004 train_ler=0.574 lr=5.77e-05 4.1 it/s
[ 142600] loss=0.3725 logical=0.2730 leak=0.0994 train_ler=0.516 lr=5.75e-05 4.1 it/s
[ 142700] loss=0.3670 logical=0.2700 leak=0.0970 train_ler=0.484 lr=5.73e-05 4.1 it/s
[ 142800] loss=0.3826 logical=0.2877 leak=0.0949 train_ler=0.543 lr=5.71e-05 4.1 it/s
[ 142900] loss=0.3761 logical=0.2736 leak=0.1026 train_ler=0.496 lr=5.69e-05 4.1 it/s
[ 143000] loss=0.3782 logical=0.2774 leak=0.1008 train_ler=0.559 lr=5.67e-05 4.1 it/s
[ 143100] loss=0.3548 logical=0.2546 leak=0.1002 train_ler=0.500 lr=5.66e-05 4.1 it/s
[ 143200] loss=0.3709 logical=0.2766 leak=0.0943 train_ler=0.527 lr=5.64e-05 4.1 it/s
[ 143300] loss=0.3651 logical=0.2690 leak=0.0960 train_ler=0.539 lr=5.62e-05 4.1 it/s
[ 143400] loss=0.3890 logical=0.2883 leak=0.1007 train_ler=0.520 lr=5.60e-05 4.1 it/s
[ 143500] loss=0.3916 logical=0.2909 leak=0.1008 train_ler=0.527 lr=5.58e-05 4.1 it/s
[ 143600] loss=0.3932 logical=0.2921 leak=0.1011 train_ler=0.562 lr=5.56e-05 4.1 it/s
[ 143700] loss=0.3752 logical=0.2817 leak=0.0934 train_ler=0.527 lr=5.54e-05 4.1 it/s
[ 143800] loss=0.3927 logical=0.2955 leak=0.0972 train_ler=0.555 lr=5.53e-05 4.1 it/s
[ 143900] loss=0.3657 logical=0.2641 leak=0.1016 train_ler=0.516 lr=5.51e-05 4.1 it/s
[ 144000] loss=0.3602 logical=0.2642 leak=0.0960 train_ler=0.496 lr=5.49e-05 4.1 it/s
[ 144100] loss=0.4201 logical=0.3220 leak=0.0980 train_ler=0.555 lr=5.47e-05 4.1 it/s
[ 144200] loss=0.3764 logical=0.2826 leak=0.0938 train_ler=0.559 lr=5.45e-05 4.1 it/s
[ 144300] loss=0.3599 logical=0.2632 leak=0.0967 train_ler=0.508 lr=5.43e-05 4.1 it/s
[ 144400] loss=0.3795 logical=0.2835 leak=0.0960 train_ler=0.520 lr=5.42e-05 4.1 it/s
[ 144500] loss=0.3488 logical=0.2556 leak=0.0931 train_ler=0.504 lr=5.40e-05 4.1 it/s
[ 144600] loss=0.3962 logical=0.2943 leak=0.1019 train_ler=0.555 lr=5.38e-05 4.1 it/s
[ 144700] loss=0.3739 logical=0.2705 leak=0.1034 train_ler=0.520 lr=5.36e-05 4.1 it/s
[ 144800] loss=0.3865 logical=0.2872 leak=0.0993 train_ler=0.523 lr=5.34e-05 4.1 it/s
[ 144900] loss=0.3547 logical=0.2589 leak=0.0957 train_ler=0.484 lr=5.33e-05 4.1 it/s
[eval 145000] val LER=0.5339 (10677/20000) leak P/R=0.631/0.104 | T2-2 shots LER=0.5305 (1061/2000)  [B1 0.159, ORC 0.106]
[ 145000] loss=0.3848 logical=0.2885 leak=0.0963 train_ler=0.543 lr=5.31e-05 408.9 it/s
[ 145100] loss=0.3718 logical=0.2769 leak=0.0949 train_ler=0.531 lr=5.29e-05 4.1 it/s
[ 145200] loss=0.3698 logical=0.2713 leak=0.0984 train_ler=0.535 lr=5.27e-05 4.1 it/s
[ 145300] loss=0.3662 logical=0.2664 leak=0.0998 train_ler=0.477 lr=5.25e-05 4.1 it/s
[ 145400] loss=0.3839 logical=0.2836 leak=0.1002 train_ler=0.531 lr=5.24e-05 4.1 it/s
[ 145500] loss=0.3727 logical=0.2771 leak=0.0956 train_ler=0.500 lr=5.22e-05 4.1 it/s
[ 145600] loss=0.4059 logical=0.3038 leak=0.1021 train_ler=0.562 lr=5.20e-05 4.1 it/s
[ 145700] loss=0.3711 logical=0.2751 leak=0.0960 train_ler=0.508 lr=5.18e-05 4.1 it/s
[ 145800] loss=0.3523 logical=0.2558 leak=0.0965 train_ler=0.496 lr=5.16e-05 4.1 it/s
[ 145900] loss=0.3751 logical=0.2811 leak=0.0940 train_ler=0.539 lr=5.15e-05 4.1 it/s
[ 146000] loss=0.3381 logical=0.2405 leak=0.0976 train_ler=0.465 lr=5.13e-05 4.1 it/s
[ 146100] loss=0.3697 logical=0.2704 leak=0.0993 train_ler=0.520 lr=5.11e-05 4.1 it/s
[ 146200] loss=0.4141 logical=0.3169 leak=0.0972 train_ler=0.574 lr=5.09e-05 4.1 it/s
[ 146300] loss=0.3903 logical=0.2889 leak=0.1014 train_ler=0.555 lr=5.07e-05 4.1 it/s
[ 146400] loss=0.3983 logical=0.2984 leak=0.0999 train_ler=0.555 lr=5.06e-05 4.1 it/s
[ 146500] loss=0.3768 logical=0.2820 leak=0.0948 train_ler=0.508 lr=5.04e-05 4.1 it/s
[ 146600] loss=0.4051 logical=0.3074 leak=0.0976 train_ler=0.543 lr=5.02e-05 4.1 it/s
[ 146700] loss=0.3940 logical=0.2912 leak=0.1028 train_ler=0.539 lr=5.00e-05 4.1 it/s
[ 146800] loss=0.4074 logical=0.3144 leak=0.0930 train_ler=0.566 lr=4.99e-05 4.1 it/s
[ 146900] loss=0.3881 logical=0.2926 leak=0.0955 train_ler=0.570 lr=4.97e-05 4.1 it/s
[ 147000] loss=0.3936 logical=0.2959 leak=0.0978 train_ler=0.578 lr=4.95e-05 4.1 it/s
[ 147100] loss=0.3722 logical=0.2757 leak=0.0965 train_ler=0.527 lr=4.93e-05 4.1 it/s
[ 147200] loss=0.4140 logical=0.3147 leak=0.0993 train_ler=0.598 lr=4.92e-05 4.1 it/s
[ 147300] loss=0.3637 logical=0.2684 leak=0.0953 train_ler=0.477 lr=4.90e-05 4.1 it/s
[ 147400] loss=0.3786 logical=0.2821 leak=0.0965 train_ler=0.562 lr=4.88e-05 4.1 it/s
[ 147500] loss=0.3619 logical=0.2630 leak=0.0989 train_ler=0.500 lr=4.86e-05 4.1 it/s
[ 147600] loss=0.4106 logical=0.3125 leak=0.0981 train_ler=0.559 lr=4.85e-05 4.1 it/s
[ 147700] loss=0.3921 logical=0.2933 leak=0.0987 train_ler=0.516 lr=4.83e-05 4.1 it/s
[ 147800] loss=0.4038 logical=0.3068 leak=0.0969 train_ler=0.551 lr=4.81e-05 4.1 it/s
[ 147900] loss=0.3525 logical=0.2588 leak=0.0937 train_ler=0.488 lr=4.79e-05 4.0 it/s
[ 148000] loss=0.3810 logical=0.2858 leak=0.0952 train_ler=0.570 lr=4.78e-05 4.1 it/s
[ 148100] loss=0.3865 logical=0.2834 leak=0.1031 train_ler=0.520 lr=4.76e-05 4.1 it/s
[ 148200] loss=0.3776 logical=0.2805 leak=0.0971 train_ler=0.512 lr=4.74e-05 4.1 it/s
[ 148300] loss=0.4029 logical=0.3013 leak=0.1015 train_ler=0.551 lr=4.72e-05 4.1 it/s
[ 148400] loss=0.4084 logical=0.3095 leak=0.0989 train_ler=0.559 lr=4.71e-05 4.1 it/s
[ 148500] loss=0.3888 logical=0.2875 leak=0.1013 train_ler=0.531 lr=4.69e-05 4.1 it/s
[ 148600] loss=0.3630 logical=0.2688 leak=0.0942 train_ler=0.516 lr=4.67e-05 4.1 it/s
[ 148700] loss=0.3624 logical=0.2664 leak=0.0959 train_ler=0.496 lr=4.66e-05 4.1 it/s
[ 148800] loss=0.3991 logical=0.3013 leak=0.0978 train_ler=0.539 lr=4.64e-05 4.1 it/s
[ 148900] loss=0.3672 logical=0.2750 leak=0.0923 train_ler=0.516 lr=4.62e-05 4.1 it/s
[ 149000] loss=0.3760 logical=0.2824 leak=0.0936 train_ler=0.516 lr=4.60e-05 4.1 it/s
[ 149100] loss=0.4046 logical=0.3070 leak=0.0976 train_ler=0.547 lr=4.59e-05 4.1 it/s
[ 149200] loss=0.3782 logical=0.2843 leak=0.0939 train_ler=0.539 lr=4.57e-05 4.1 it/s
[ 149300] loss=0.3923 logical=0.2959 leak=0.0964 train_ler=0.523 lr=4.55e-05 4.1 it/s
[ 149400] loss=0.3907 logical=0.2877 leak=0.1029 train_ler=0.508 lr=4.54e-05 4.1 it/s
[ 149500] loss=0.3802 logical=0.2808 leak=0.0994 train_ler=0.535 lr=4.52e-05 4.1 it/s
[ 149600] loss=0.3514 logical=0.2550 leak=0.0964 train_ler=0.484 lr=4.50e-05 4.1 it/s
[ 149700] loss=0.3921 logical=0.2970 leak=0.0951 train_ler=0.570 lr=4.49e-05 4.1 it/s
[ 149800] loss=0.3427 logical=0.2488 leak=0.0939 train_ler=0.508 lr=4.47e-05 4.1 it/s
[ 149900] loss=0.3650 logical=0.2671 leak=0.0979 train_ler=0.461 lr=4.45e-05 4.1 it/s
[eval 150000] val LER=0.5314 (10629/20000) leak P/R=0.634/0.104 | T2-2 shots LER=0.5295 (1059/2000)  [B1 0.159, ORC 0.106]
[ 150000] loss=0.3762 logical=0.2791 leak=0.0971 train_ler=0.531 lr=4.44e-05 415.7 it/s
[ 150100] loss=0.3883 logical=0.2892 leak=0.0991 train_ler=0.551 lr=4.42e-05 4.1 it/s
[ 150200] loss=0.4310 logical=0.3325 leak=0.0985 train_ler=0.586 lr=4.40e-05 4.1 it/s
[ 150300] loss=0.3514 logical=0.2611 leak=0.0902 train_ler=0.512 lr=4.39e-05 4.1 it/s
[ 150400] loss=0.3496 logical=0.2511 leak=0.0985 train_ler=0.488 lr=4.37e-05 4.1 it/s
[ 150500] loss=0.3525 logical=0.2542 leak=0.0984 train_ler=0.457 lr=4.35e-05 4.1 it/s
[ 150600] loss=0.3734 logical=0.2772 leak=0.0962 train_ler=0.480 lr=4.33e-05 4.1 it/s
[ 150700] loss=0.3734 logical=0.2732 leak=0.1002 train_ler=0.496 lr=4.32e-05 4.1 it/s
[ 150800] loss=0.3599 logical=0.2634 leak=0.0965 train_ler=0.504 lr=4.30e-05 4.1 it/s
[ 150900] loss=0.4139 logical=0.3192 leak=0.0947 train_ler=0.543 lr=4.29e-05 4.1 it/s
[ 151000] loss=0.3652 logical=0.2684 leak=0.0968 train_ler=0.496 lr=4.27e-05 4.1 it/s
[ 151100] loss=0.3662 logical=0.2722 leak=0.0939 train_ler=0.531 lr=4.25e-05 4.1 it/s
[ 151200] loss=0.3913 logical=0.2959 leak=0.0954 train_ler=0.551 lr=4.24e-05 4.1 it/s
[ 151300] loss=0.3887 logical=0.2884 leak=0.1003 train_ler=0.492 lr=4.22e-05 4.1 it/s
[ 151400] loss=0.3709 logical=0.2726 leak=0.0983 train_ler=0.492 lr=4.20e-05 4.1 it/s
[ 151500] loss=0.3405 logical=0.2399 leak=0.1006 train_ler=0.492 lr=4.19e-05 4.1 it/s
[ 151600] loss=0.3481 logical=0.2584 leak=0.0897 train_ler=0.484 lr=4.17e-05 4.1 it/s
[ 151700] loss=0.3640 logical=0.2657 leak=0.0983 train_ler=0.516 lr=4.15e-05 4.1 it/s
[ 151800] loss=0.3850 logical=0.2885 leak=0.0965 train_ler=0.547 lr=4.14e-05 4.1 it/s
[ 151900] loss=0.3884 logical=0.2917 leak=0.0967 train_ler=0.531 lr=4.12e-05 4.1 it/s
[ 152000] loss=0.3598 logical=0.2667 leak=0.0931 train_ler=0.477 lr=4.10e-05 4.1 it/s
[ 152100] loss=0.3862 logical=0.2917 leak=0.0945 train_ler=0.570 lr=4.09e-05 4.1 it/s
[ 152200] loss=0.3491 logical=0.2543 leak=0.0948 train_ler=0.520 lr=4.07e-05 4.1 it/s
[ 152300] loss=0.3659 logical=0.2709 leak=0.0950 train_ler=0.500 lr=4.06e-05 4.1 it/s
[ 152400] loss=0.3862 logical=0.2881 leak=0.0981 train_ler=0.508 lr=4.04e-05 4.1 it/s
[ 152500] loss=0.3236 logical=0.2317 leak=0.0920 train_ler=0.441 lr=4.02e-05 4.1 it/s
[ 152600] loss=0.3762 logical=0.2800 leak=0.0962 train_ler=0.555 lr=4.01e-05 4.1 it/s
[ 152700] loss=0.3866 logical=0.2925 leak=0.0942 train_ler=0.566 lr=3.99e-05 4.1 it/s
[ 152800] loss=0.4028 logical=0.3069 leak=0.0959 train_ler=0.570 lr=3.98e-05 4.1 it/s
[ 152900] loss=0.3740 logical=0.2793 leak=0.0947 train_ler=0.504 lr=3.96e-05 4.1 it/s
[ 153000] loss=0.3601 logical=0.2632 leak=0.0969 train_ler=0.520 lr=3.94e-05 4.1 it/s
[ 153100] loss=0.3868 logical=0.2840 leak=0.1028 train_ler=0.516 lr=3.93e-05 4.1 it/s
[ 153200] loss=0.3968 logical=0.2973 leak=0.0995 train_ler=0.531 lr=3.91e-05 4.1 it/s
[ 153300] loss=0.3767 logical=0.2839 leak=0.0928 train_ler=0.520 lr=3.90e-05 4.1 it/s
[ 153400] loss=0.4208 logical=0.3212 leak=0.0995 train_ler=0.602 lr=3.88e-05 4.1 it/s
[ 153500] loss=0.3779 logical=0.2781 leak=0.0998 train_ler=0.520 lr=3.86e-05 4.1 it/s
[ 153600] loss=0.3881 logical=0.2864 leak=0.1017 train_ler=0.547 lr=3.85e-05 4.1 it/s
[ 153700] loss=0.3613 logical=0.2613 leak=0.1000 train_ler=0.500 lr=3.83e-05 4.1 it/s
[ 153800] loss=0.4051 logical=0.3069 leak=0.0982 train_ler=0.570 lr=3.82e-05 4.1 it/s
[ 153900] loss=0.3973 logical=0.2984 leak=0.0990 train_ler=0.570 lr=3.80e-05 4.1 it/s
[ 154000] loss=0.3789 logical=0.2792 leak=0.0996 train_ler=0.523 lr=3.78e-05 4.1 it/s
[ 154100] loss=0.3819 logical=0.2804 leak=0.1015 train_ler=0.523 lr=3.77e-05 4.1 it/s
[ 154200] loss=0.4042 logical=0.2999 leak=0.1043 train_ler=0.578 lr=3.75e-05 4.1 it/s
[ 154300] loss=0.3608 logical=0.2628 leak=0.0980 train_ler=0.484 lr=3.74e-05 4.1 it/s
[ 154400] loss=0.3856 logical=0.2878 leak=0.0978 train_ler=0.527 lr=3.72e-05 4.1 it/s
[ 154500] loss=0.3971 logical=0.2977 leak=0.0994 train_ler=0.543 lr=3.71e-05 4.1 it/s
[ 154600] loss=0.3869 logical=0.2864 leak=0.1005 train_ler=0.508 lr=3.69e-05 4.1 it/s
[ 154700] loss=0.3838 logical=0.2891 leak=0.0947 train_ler=0.527 lr=3.68e-05 4.1 it/s
[ 154800] loss=0.3749 logical=0.2768 leak=0.0980 train_ler=0.500 lr=3.66e-05 4.1 it/s
[ 154900] loss=0.3394 logical=0.2443 leak=0.0951 train_ler=0.469 lr=3.64e-05 4.1 it/s
[eval 155000] val LER=0.5307 (10614/20000) leak P/R=0.634/0.107 | T2-2 shots LER=0.5295 (1059/2000)  [B1 0.159, ORC 0.106]
[ 155000] loss=0.3534 logical=0.2560 leak=0.0974 train_ler=0.465 lr=3.63e-05 413.2 it/s
[ 155100] loss=0.3882 logical=0.2892 leak=0.0990 train_ler=0.555 lr=3.61e-05 4.1 it/s
[ 155200] loss=0.3783 logical=0.2804 leak=0.0979 train_ler=0.508 lr=3.60e-05 4.1 it/s
[ 155300] loss=0.4084 logical=0.3089 leak=0.0995 train_ler=0.562 lr=3.58e-05 4.1 it/s
[ 155400] loss=0.3735 logical=0.2782 leak=0.0953 train_ler=0.500 lr=3.57e-05 4.1 it/s
[ 155500] loss=0.3902 logical=0.2905 leak=0.0997 train_ler=0.535 lr=3.55e-05 4.1 it/s
[ 155600] loss=0.3632 logical=0.2608 leak=0.1024 train_ler=0.508 lr=3.54e-05 4.1 it/s
[ 155700] loss=0.3498 logical=0.2533 leak=0.0965 train_ler=0.500 lr=3.52e-05 4.1 it/s
[ 155800] loss=0.3741 logical=0.2784 leak=0.0957 train_ler=0.527 lr=3.51e-05 4.1 it/s
[ 155900] loss=0.3557 logical=0.2559 leak=0.0998 train_ler=0.488 lr=3.49e-05 4.1 it/s
[ 156000] loss=0.3791 logical=0.2790 leak=0.1001 train_ler=0.516 lr=3.48e-05 4.1 it/s
[ 156100] loss=0.3901 logical=0.2931 leak=0.0970 train_ler=0.562 lr=3.46e-05 4.1 it/s
[ 156200] loss=0.3630 logical=0.2669 leak=0.0961 train_ler=0.508 lr=3.45e-05 4.1 it/s
[ 156300] loss=0.3523 logical=0.2498 leak=0.1025 train_ler=0.473 lr=3.43e-05 4.1 it/s
[ 156400] loss=0.3811 logical=0.2857 leak=0.0954 train_ler=0.531 lr=3.42e-05 4.1 it/s
[ 156500] loss=0.3788 logical=0.2830 leak=0.0958 train_ler=0.543 lr=3.40e-05 4.1 it/s
[ 156600] loss=0.3851 logical=0.2906 leak=0.0944 train_ler=0.500 lr=3.39e-05 4.1 it/s
[ 156700] loss=0.3968 logical=0.2975 leak=0.0993 train_ler=0.578 lr=3.37e-05 4.1 it/s
[ 156800] loss=0.3639 logical=0.2668 leak=0.0971 train_ler=0.484 lr=3.36e-05 4.1 it/s
[ 156900] loss=0.3606 logical=0.2647 leak=0.0959 train_ler=0.488 lr=3.34e-05 4.1 it/s
[ 157000] loss=0.3919 logical=0.2936 leak=0.0983 train_ler=0.531 lr=3.33e-05 4.1 it/s
[ 157100] loss=0.3690 logical=0.2707 leak=0.0982 train_ler=0.508 lr=3.31e-05 4.1 it/s
[ 157200] loss=0.3763 logical=0.2787 leak=0.0976 train_ler=0.555 lr=3.30e-05 4.1 it/s
[ 157300] loss=0.3694 logical=0.2719 leak=0.0975 train_ler=0.492 lr=3.28e-05 4.1 it/s
[ 157400] loss=0.3528 logical=0.2572 leak=0.0956 train_ler=0.508 lr=3.27e-05 4.1 it/s
[ 157500] loss=0.3999 logical=0.3016 leak=0.0983 train_ler=0.543 lr=3.25e-05 4.1 it/s
[ 157600] loss=0.3896 logical=0.2890 leak=0.1006 train_ler=0.473 lr=3.24e-05 4.1 it/s
[ 157700] loss=0.3791 logical=0.2807 leak=0.0983 train_ler=0.492 lr=3.22e-05 4.1 it/s
[ 157800] loss=0.3767 logical=0.2769 leak=0.0998 train_ler=0.535 lr=3.21e-05 4.1 it/s
[ 157900] loss=0.3742 logical=0.2740 leak=0.1002 train_ler=0.531 lr=3.19e-05 4.1 it/s
[ 158000] loss=0.3970 logical=0.3044 leak=0.0926 train_ler=0.578 lr=3.18e-05 4.1 it/s
[ 158100] loss=0.3588 logical=0.2614 leak=0.0974 train_ler=0.461 lr=3.16e-05 4.1 it/s
[ 158200] loss=0.3609 logical=0.2659 leak=0.0949 train_ler=0.469 lr=3.15e-05 4.1 it/s
[ 158300] loss=0.3728 logical=0.2792 leak=0.0936 train_ler=0.523 lr=3.13e-05 4.1 it/s
[ 158400] loss=0.3538 logical=0.2561 leak=0.0977 train_ler=0.508 lr=3.12e-05 4.1 it/s
[ 158500] loss=0.3966 logical=0.2999 leak=0.0967 train_ler=0.551 lr=3.11e-05 4.1 it/s
[ 158600] loss=0.3868 logical=0.2871 leak=0.0997 train_ler=0.543 lr=3.09e-05 4.1 it/s
[ 158700] loss=0.4013 logical=0.3006 leak=0.1007 train_ler=0.535 lr=3.08e-05 4.1 it/s
[ 158800] loss=0.4148 logical=0.3150 leak=0.0998 train_ler=0.598 lr=3.06e-05 4.1 it/s
[ 158900] loss=0.3898 logical=0.2906 leak=0.0992 train_ler=0.578 lr=3.05e-05 4.1 it/s
[ 159000] loss=0.3878 logical=0.2930 leak=0.0948 train_ler=0.562 lr=3.03e-05 4.1 it/s
[ 159100] loss=0.3722 logical=0.2718 leak=0.1003 train_ler=0.484 lr=3.02e-05 4.1 it/s
[ 159200] loss=0.4107 logical=0.3105 leak=0.1002 train_ler=0.566 lr=3.01e-05 4.1 it/s
[ 159300] loss=0.3822 logical=0.2867 leak=0.0955 train_ler=0.516 lr=2.99e-05 4.1 it/s
[ 159400] loss=0.4087 logical=0.3113 leak=0.0974 train_ler=0.559 lr=2.98e-05 4.1 it/s
[ 159500] loss=0.3398 logical=0.2402 leak=0.0997 train_ler=0.496 lr=2.96e-05 4.1 it/s
[ 159600] loss=0.4185 logical=0.3189 leak=0.0996 train_ler=0.555 lr=2.95e-05 4.1 it/s
[ 159700] loss=0.3516 logical=0.2555 leak=0.0962 train_ler=0.500 lr=2.93e-05 4.1 it/s
[ 159800] loss=0.3855 logical=0.2864 leak=0.0991 train_ler=0.500 lr=2.92e-05 4.1 it/s
[ 159900] loss=0.3617 logical=0.2669 leak=0.0948 train_ler=0.516 lr=2.91e-05 4.1 it/s
[eval 160000] val LER=0.5272 (10545/20000) leak P/R=0.637/0.105 | T2-2 shots LER=0.5250 (1050/2000)  [B1 0.159, ORC 0.106]
[ 160000] loss=0.3413 logical=0.2489 leak=0.0924 train_ler=0.500 lr=2.89e-05 409.1 it/s
[ 160100] loss=0.3660 logical=0.2634 leak=0.1026 train_ler=0.477 lr=2.88e-05 4.1 it/s
[ 160200] loss=0.3649 logical=0.2669 leak=0.0980 train_ler=0.492 lr=2.86e-05 4.1 it/s
[ 160300] loss=0.3449 logical=0.2510 leak=0.0939 train_ler=0.469 lr=2.85e-05 4.1 it/s
[ 160400] loss=0.4178 logical=0.3219 leak=0.0959 train_ler=0.570 lr=2.84e-05 4.1 it/s
[ 160500] loss=0.4064 logical=0.3082 leak=0.0982 train_ler=0.582 lr=2.82e-05 4.1 it/s
[ 160600] loss=0.3600 logical=0.2624 leak=0.0976 train_ler=0.484 lr=2.81e-05 4.1 it/s
[ 160700] loss=0.3645 logical=0.2705 leak=0.0940 train_ler=0.527 lr=2.80e-05 4.1 it/s
[ 160800] loss=0.3581 logical=0.2562 leak=0.1020 train_ler=0.500 lr=2.78e-05 4.1 it/s
[ 160900] loss=0.3668 logical=0.2711 leak=0.0957 train_ler=0.523 lr=2.77e-05 4.1 it/s
[ 161000] loss=0.3909 logical=0.2973 leak=0.0936 train_ler=0.535 lr=2.75e-05 4.1 it/s
[ 161100] loss=0.3560 logical=0.2579 leak=0.0981 train_ler=0.484 lr=2.74e-05 4.1 it/s
[ 161200] loss=0.3724 logical=0.2752 leak=0.0972 train_ler=0.504 lr=2.73e-05 4.1 it/s
[ 161300] loss=0.3480 logical=0.2532 leak=0.0948 train_ler=0.484 lr=2.71e-05 4.1 it/s
[ 161400] loss=0.3626 logical=0.2629 leak=0.0997 train_ler=0.523 lr=2.70e-05 4.1 it/s
[ 161500] loss=0.3430 logical=0.2480 leak=0.0950 train_ler=0.453 lr=2.69e-05 4.1 it/s
[ 161600] loss=0.3793 logical=0.2807 leak=0.0985 train_ler=0.520 lr=2.67e-05 4.1 it/s
[ 161700] loss=0.3682 logical=0.2734 leak=0.0948 train_ler=0.527 lr=2.66e-05 4.1 it/s
[ 161800] loss=0.3606 logical=0.2647 leak=0.0959 train_ler=0.465 lr=2.65e-05 4.1 it/s
[ 161900] loss=0.4015 logical=0.3011 leak=0.1004 train_ler=0.566 lr=2.63e-05 4.1 it/s
[ 162000] loss=0.3809 logical=0.2804 leak=0.1006 train_ler=0.531 lr=2.62e-05 4.1 it/s
[ 162100] loss=0.3892 logical=0.2940 leak=0.0952 train_ler=0.559 lr=2.61e-05 4.1 it/s
[ 162200] loss=0.3905 logical=0.2919 leak=0.0986 train_ler=0.512 lr=2.59e-05 4.1 it/s
[ 162300] loss=0.3724 logical=0.2799 leak=0.0925 train_ler=0.539 lr=2.58e-05 4.1 it/s
[ 162400] loss=0.3968 logical=0.2979 leak=0.0989 train_ler=0.555 lr=2.57e-05 4.1 it/s
[ 162500] loss=0.3773 logical=0.2795 leak=0.0978 train_ler=0.539 lr=2.55e-05 4.1 it/s
[ 162600] loss=0.3621 logical=0.2676 leak=0.0945 train_ler=0.488 lr=2.54e-05 4.1 it/s
[ 162700] loss=0.3715 logical=0.2732 leak=0.0983 train_ler=0.477 lr=2.53e-05 4.1 it/s
[ 162800] loss=0.3921 logical=0.2926 leak=0.0994 train_ler=0.547 lr=2.51e-05 4.1 it/s
[ 162900] loss=0.3715 logical=0.2709 leak=0.1006 train_ler=0.516 lr=2.50e-05 4.1 it/s
[ 163000] loss=0.3709 logical=0.2747 leak=0.0962 train_ler=0.508 lr=2.49e-05 4.1 it/s
[ 163100] loss=0.3863 logical=0.2918 leak=0.0946 train_ler=0.520 lr=2.47e-05 4.1 it/s
[ 163200] loss=0.3491 logical=0.2499 leak=0.0993 train_ler=0.477 lr=2.46e-05 4.1 it/s
[ 163300] loss=0.3813 logical=0.2873 leak=0.0939 train_ler=0.523 lr=2.45e-05 4.1 it/s
[ 163400] loss=0.3897 logical=0.2884 leak=0.1013 train_ler=0.531 lr=2.44e-05 4.1 it/s
[ 163500] loss=0.3806 logical=0.2809 leak=0.0997 train_ler=0.562 lr=2.42e-05 4.1 it/s
[ 163600] loss=0.3837 logical=0.2870 leak=0.0967 train_ler=0.531 lr=2.41e-05 4.1 it/s
[ 163700] loss=0.3729 logical=0.2732 leak=0.0996 train_ler=0.527 lr=2.40e-05 4.1 it/s
[ 163800] loss=0.3600 logical=0.2615 leak=0.0985 train_ler=0.520 lr=2.38e-05 4.1 it/s
[ 163900] loss=0.3661 logical=0.2690 leak=0.0971 train_ler=0.496 lr=2.37e-05 4.1 it/s
[ 164000] loss=0.4019 logical=0.3006 leak=0.1013 train_ler=0.504 lr=2.36e-05 4.1 it/s
[ 164100] loss=0.3786 logical=0.2799 leak=0.0987 train_ler=0.512 lr=2.35e-05 4.1 it/s
[ 164200] loss=0.3851 logical=0.2855 leak=0.0995 train_ler=0.531 lr=2.33e-05 4.1 it/s
[ 164300] loss=0.3548 logical=0.2612 leak=0.0936 train_ler=0.484 lr=2.32e-05 4.1 it/s
[ 164400] loss=0.3585 logical=0.2682 leak=0.0903 train_ler=0.465 lr=2.31e-05 4.1 it/s
[ 164500] loss=0.3720 logical=0.2731 leak=0.0989 train_ler=0.477 lr=2.29e-05 4.1 it/s
[ 164600] loss=0.3609 logical=0.2602 leak=0.1006 train_ler=0.516 lr=2.28e-05 4.1 it/s
[ 164700] loss=0.3854 logical=0.2859 leak=0.0995 train_ler=0.516 lr=2.27e-05 4.1 it/s
[ 164800] loss=0.3853 logical=0.2916 leak=0.0937 train_ler=0.555 lr=2.26e-05 4.1 it/s
[ 164900] loss=0.3868 logical=0.2886 leak=0.0982 train_ler=0.531 lr=2.24e-05 4.1 it/s
[eval 165000] val LER=0.5235 (10471/20000) leak P/R=0.628/0.111 | T2-2 shots LER=0.5185 (1037/2000)  [B1 0.159, ORC 0.106]
[ 165000] loss=0.3687 logical=0.2750 leak=0.0937 train_ler=0.488 lr=2.23e-05 413.3 it/s
[ 165100] loss=0.3726 logical=0.2746 leak=0.0980 train_ler=0.516 lr=2.22e-05 4.1 it/s
[ 165200] loss=0.3834 logical=0.2835 leak=0.0999 train_ler=0.543 lr=2.21e-05 4.1 it/s
[ 165300] loss=0.3785 logical=0.2762 leak=0.1023 train_ler=0.523 lr=2.19e-05 4.1 it/s
[ 165400] loss=0.3889 logical=0.2919 leak=0.0970 train_ler=0.516 lr=2.18e-05 4.1 it/s
[ 165500] loss=0.3671 logical=0.2711 leak=0.0960 train_ler=0.496 lr=2.17e-05 4.1 it/s
[ 165600] loss=0.3377 logical=0.2391 leak=0.0986 train_ler=0.480 lr=2.16e-05 4.1 it/s
[ 165700] loss=0.3700 logical=0.2745 leak=0.0955 train_ler=0.531 lr=2.15e-05 4.1 it/s
[ 165800] loss=0.3857 logical=0.2842 leak=0.1015 train_ler=0.520 lr=2.13e-05 4.1 it/s
[ 165900] loss=0.3804 logical=0.2817 leak=0.0987 train_ler=0.531 lr=2.12e-05 4.1 it/s
[ 166000] loss=0.3625 logical=0.2677 leak=0.0948 train_ler=0.473 lr=2.11e-05 4.1 it/s
[ 166100] loss=0.3721 logical=0.2745 leak=0.0976 train_ler=0.500 lr=2.10e-05 4.1 it/s
[ 166200] loss=0.3853 logical=0.2891 leak=0.0962 train_ler=0.527 lr=2.09e-05 4.1 it/s
[ 166300] loss=0.3951 logical=0.2981 leak=0.0970 train_ler=0.531 lr=2.07e-05 4.1 it/s
[ 166400] loss=0.3856 logical=0.2921 leak=0.0936 train_ler=0.523 lr=2.06e-05 4.1 it/s
[ 166500] loss=0.3758 logical=0.2778 leak=0.0981 train_ler=0.492 lr=2.05e-05 4.1 it/s
[ 166600] loss=0.3755 logical=0.2795 leak=0.0960 train_ler=0.500 lr=2.04e-05 4.1 it/s
[ 166700] loss=0.3725 logical=0.2761 leak=0.0965 train_ler=0.496 lr=2.03e-05 4.1 it/s
[ 166800] loss=0.3520 logical=0.2584 leak=0.0936 train_ler=0.469 lr=2.01e-05 4.1 it/s
[ 166900] loss=0.3679 logical=0.2724 leak=0.0955 train_ler=0.520 lr=2.00e-05 4.1 it/s
[ 167000] loss=0.3663 logical=0.2666 leak=0.0997 train_ler=0.477 lr=1.99e-05 4.1 it/s
[ 167100] loss=0.3696 logical=0.2699 leak=0.0996 train_ler=0.504 lr=1.98e-05 4.1 it/s
[ 167200] loss=0.3746 logical=0.2774 leak=0.0972 train_ler=0.504 lr=1.97e-05 4.1 it/s
[ 167300] loss=0.3625 logical=0.2658 leak=0.0967 train_ler=0.523 lr=1.95e-05 4.1 it/s
[ 167400] loss=0.4195 logical=0.3159 leak=0.1036 train_ler=0.602 lr=1.94e-05 4.1 it/s
[ 167500] loss=0.3723 logical=0.2770 leak=0.0953 train_ler=0.535 lr=1.93e-05 4.1 it/s
[ 167600] loss=0.4021 logical=0.2988 leak=0.1033 train_ler=0.551 lr=1.92e-05 4.1 it/s
[ 167700] loss=0.3438 logical=0.2513 leak=0.0925 train_ler=0.508 lr=1.91e-05 4.1 it/s
[ 167800] loss=0.3697 logical=0.2745 leak=0.0953 train_ler=0.516 lr=1.90e-05 4.1 it/s
[ 167900] loss=0.3626 logical=0.2639 leak=0.0988 train_ler=0.492 lr=1.89e-05 4.1 it/s
[ 168000] loss=0.3779 logical=0.2761 leak=0.1018 train_ler=0.492 lr=1.87e-05 4.1 it/s
[ 168100] loss=0.3723 logical=0.2761 leak=0.0962 train_ler=0.516 lr=1.86e-05 4.1 it/s
[ 168200] loss=0.3388 logical=0.2384 leak=0.1004 train_ler=0.453 lr=1.85e-05 4.1 it/s
[ 168300] loss=0.3626 logical=0.2703 leak=0.0923 train_ler=0.504 lr=1.84e-05 4.1 it/s
[ 168400] loss=0.3363 logical=0.2432 leak=0.0931 train_ler=0.457 lr=1.83e-05 4.1 it/s
[ 168500] loss=0.4186 logical=0.3150 leak=0.1036 train_ler=0.547 lr=1.82e-05 4.1 it/s
[ 168600] loss=0.3791 logical=0.2816 leak=0.0975 train_ler=0.527 lr=1.81e-05 4.1 it/s
[ 168700] loss=0.3772 logical=0.2784 leak=0.0988 train_ler=0.535 lr=1.79e-05 4.1 it/s
[ 168800] loss=0.3688 logical=0.2744 leak=0.0944 train_ler=0.504 lr=1.78e-05 4.1 it/s
[ 168900] loss=0.3494 logical=0.2549 leak=0.0945 train_ler=0.496 lr=1.77e-05 4.1 it/s
[ 169000] loss=0.3926 logical=0.2933 leak=0.0992 train_ler=0.527 lr=1.76e-05 4.1 it/s
[ 169100] loss=0.3708 logical=0.2725 leak=0.0983 train_ler=0.477 lr=1.75e-05 4.1 it/s
[ 169200] loss=0.3583 logical=0.2614 leak=0.0968 train_ler=0.512 lr=1.74e-05 4.1 it/s
[ 169300] loss=0.3952 logical=0.2988 leak=0.0964 train_ler=0.523 lr=1.73e-05 4.1 it/s
[ 169400] loss=0.4040 logical=0.3053 leak=0.0987 train_ler=0.551 lr=1.72e-05 4.1 it/s
[ 169500] loss=0.3624 logical=0.2695 leak=0.0929 train_ler=0.516 lr=1.71e-05 4.1 it/s
[ 169600] loss=0.4016 logical=0.3062 leak=0.0954 train_ler=0.602 lr=1.69e-05 4.1 it/s
[ 169700] loss=0.3594 logical=0.2640 leak=0.0954 train_ler=0.535 lr=1.68e-05 4.1 it/s
[ 169800] loss=0.3719 logical=0.2734 leak=0.0985 train_ler=0.492 lr=1.67e-05 4.1 it/s
[ 169900] loss=0.3786 logical=0.2855 leak=0.0931 train_ler=0.520 lr=1.66e-05 4.1 it/s
[eval 170000] val LER=0.5210 (10419/20000) leak P/R=0.634/0.109 | T2-2 shots LER=0.5190 (1038/2000)  [B1 0.159, ORC 0.106]
[ 170000] loss=0.3589 logical=0.2615 leak=0.0973 train_ler=0.512 lr=1.65e-05 413.3 it/s
[ 170100] loss=0.3803 logical=0.2807 leak=0.0997 train_ler=0.508 lr=1.64e-05 4.1 it/s
[ 170200] loss=0.3530 logical=0.2534 leak=0.0996 train_ler=0.508 lr=1.63e-05 4.1 it/s
[ 170300] loss=0.4083 logical=0.3074 leak=0.1009 train_ler=0.531 lr=1.62e-05 4.1 it/s
[ 170400] loss=0.3802 logical=0.2799 leak=0.1003 train_ler=0.527 lr=1.61e-05 4.1 it/s
[ 170500] loss=0.3739 logical=0.2796 leak=0.0943 train_ler=0.496 lr=1.60e-05 4.1 it/s
[ 170600] loss=0.3931 logical=0.2957 leak=0.0974 train_ler=0.539 lr=1.59e-05 4.1 it/s
[ 170700] loss=0.4304 logical=0.3316 leak=0.0988 train_ler=0.609 lr=1.58e-05 4.1 it/s
[ 170800] loss=0.3416 logical=0.2495 leak=0.0921 train_ler=0.457 lr=1.57e-05 4.1 it/s
[ 170900] loss=0.3586 logical=0.2641 leak=0.0945 train_ler=0.484 lr=1.56e-05 4.1 it/s
[ 171000] loss=0.3466 logical=0.2533 leak=0.0933 train_ler=0.508 lr=1.54e-05 4.1 it/s
[ 171100] loss=0.3955 logical=0.2938 leak=0.1017 train_ler=0.570 lr=1.53e-05 4.1 it/s
[ 171200] loss=0.3386 logical=0.2405 leak=0.0981 train_ler=0.465 lr=1.52e-05 4.1 it/s
[ 171300] loss=0.3712 logical=0.2705 leak=0.1007 train_ler=0.551 lr=1.51e-05 4.1 it/s
[ 171400] loss=0.3897 logical=0.2936 leak=0.0961 train_ler=0.523 lr=1.50e-05 4.1 it/s
[ 171500] loss=0.3603 logical=0.2621 leak=0.0982 train_ler=0.469 lr=1.49e-05 4.1 it/s
[ 171600] loss=0.3751 logical=0.2802 leak=0.0949 train_ler=0.469 lr=1.48e-05 4.1 it/s
[ 171700] loss=0.3850 logical=0.2896 leak=0.0954 train_ler=0.543 lr=1.47e-05 4.1 it/s
[ 171800] loss=0.3507 logical=0.2496 leak=0.1011 train_ler=0.445 lr=1.46e-05 4.1 it/s
[ 171900] loss=0.3860 logical=0.2871 leak=0.0988 train_ler=0.523 lr=1.45e-05 4.1 it/s
[ 172000] loss=0.3655 logical=0.2621 leak=0.1034 train_ler=0.496 lr=1.44e-05 4.1 it/s
[ 172100] loss=0.3796 logical=0.2773 leak=0.1023 train_ler=0.508 lr=1.43e-05 4.1 it/s
[ 172200] loss=0.4041 logical=0.3016 leak=0.1025 train_ler=0.598 lr=1.42e-05 4.1 it/s
[ 172300] loss=0.3956 logical=0.2950 leak=0.1006 train_ler=0.520 lr=1.41e-05 4.1 it/s
[ 172400] loss=0.3887 logical=0.2904 leak=0.0983 train_ler=0.566 lr=1.40e-05 4.1 it/s
[ 172500] loss=0.3556 logical=0.2607 leak=0.0950 train_ler=0.504 lr=1.39e-05 4.1 it/s
[ 172600] loss=0.3640 logical=0.2702 leak=0.0939 train_ler=0.496 lr=1.38e-05 4.1 it/s
[ 172700] loss=0.3502 logical=0.2581 leak=0.0921 train_ler=0.484 lr=1.37e-05 4.1 it/s
[ 172800] loss=0.3516 logical=0.2546 leak=0.0971 train_ler=0.469 lr=1.36e-05 4.1 it/s
[ 172900] loss=0.3816 logical=0.2840 leak=0.0976 train_ler=0.531 lr=1.35e-05 4.1 it/s
[ 173000] loss=0.3621 logical=0.2623 leak=0.0997 train_ler=0.492 lr=1.34e-05 4.1 it/s
[ 173100] loss=0.3611 logical=0.2632 leak=0.0979 train_ler=0.523 lr=1.33e-05 4.1 it/s
[ 173200] loss=0.3636 logical=0.2651 leak=0.0985 train_ler=0.457 lr=1.32e-05 4.1 it/s
[ 173300] loss=0.3433 logical=0.2433 leak=0.1000 train_ler=0.461 lr=1.31e-05 4.1 it/s
[ 173400] loss=0.3594 logical=0.2590 leak=0.1004 train_ler=0.527 lr=1.30e-05 4.1 it/s
[ 173500] loss=0.3549 logical=0.2570 leak=0.0979 train_ler=0.508 lr=1.29e-05 4.1 it/s
[ 173600] loss=0.3749 logical=0.2799 leak=0.0950 train_ler=0.551 lr=1.28e-05 4.1 it/s
[ 173700] loss=0.3978 logical=0.3022 leak=0.0957 train_ler=0.539 lr=1.27e-05 4.1 it/s
[ 173800] loss=0.3797 logical=0.2817 leak=0.0980 train_ler=0.527 lr=1.26e-05 4.1 it/s
[ 173900] loss=0.3311 logical=0.2379 leak=0.0931 train_ler=0.418 lr=1.26e-05 4.1 it/s
[ 174000] loss=0.3818 logical=0.2838 leak=0.0980 train_ler=0.496 lr=1.25e-05 4.1 it/s
[ 174100] loss=0.3603 logical=0.2621 leak=0.0982 train_ler=0.512 lr=1.24e-05 4.1 it/s
[ 174200] loss=0.3764 logical=0.2815 leak=0.0950 train_ler=0.535 lr=1.23e-05 4.1 it/s
[ 174300] loss=0.3395 logical=0.2444 leak=0.0951 train_ler=0.449 lr=1.22e-05 4.1 it/s
[ 174400] loss=0.3475 logical=0.2512 leak=0.0964 train_ler=0.500 lr=1.21e-05 4.1 it/s
[ 174500] loss=0.3749 logical=0.2747 leak=0.1002 train_ler=0.512 lr=1.20e-05 4.1 it/s
[ 174600] loss=0.3878 logical=0.2878 leak=0.1000 train_ler=0.516 lr=1.19e-05 4.1 it/s
[ 174700] loss=0.3924 logical=0.2943 leak=0.0981 train_ler=0.547 lr=1.18e-05 4.1 it/s
[ 174800] loss=0.4166 logical=0.3200 leak=0.0965 train_ler=0.555 lr=1.17e-05 4.1 it/s
[ 174900] loss=0.3645 logical=0.2676 leak=0.0969 train_ler=0.527 lr=1.16e-05 4.1 it/s
[eval 175000] val LER=0.5189 (10378/20000) leak P/R=0.634/0.108 | T2-2 shots LER=0.5115 (1023/2000)  [B1 0.159, ORC 0.106]
[ 175000] loss=0.4214 logical=0.3187 leak=0.1027 train_ler=0.551 lr=1.15e-05 411.6 it/s
[ 175100] loss=0.3789 logical=0.2795 leak=0.0994 train_ler=0.512 lr=1.14e-05 4.1 it/s
[ 175200] loss=0.3775 logical=0.2839 leak=0.0935 train_ler=0.512 lr=1.14e-05 4.1 it/s
[ 175300] loss=0.3477 logical=0.2493 leak=0.0984 train_ler=0.504 lr=1.13e-05 4.1 it/s
[ 175400] loss=0.3654 logical=0.2689 leak=0.0965 train_ler=0.527 lr=1.12e-05 4.1 it/s
[ 175500] loss=0.3766 logical=0.2772 leak=0.0994 train_ler=0.496 lr=1.11e-05 4.1 it/s
[ 175600] loss=0.3720 logical=0.2763 leak=0.0957 train_ler=0.523 lr=1.10e-05 4.1 it/s
[ 175700] loss=0.3666 logical=0.2689 leak=0.0977 train_ler=0.512 lr=1.09e-05 4.1 it/s
[ 175800] loss=0.3764 logical=0.2811 leak=0.0953 train_ler=0.492 lr=1.08e-05 4.1 it/s
[ 175900] loss=0.3733 logical=0.2788 leak=0.0945 train_ler=0.535 lr=1.07e-05 4.1 it/s
[ 176000] loss=0.3769 logical=0.2805 leak=0.0963 train_ler=0.531 lr=1.06e-05 4.1 it/s
[ 176100] loss=0.4017 logical=0.3024 leak=0.0994 train_ler=0.539 lr=1.06e-05 4.1 it/s
[ 176200] loss=0.4117 logical=0.3139 leak=0.0978 train_ler=0.570 lr=1.05e-05 4.1 it/s
[ 176300] loss=0.3670 logical=0.2709 leak=0.0961 train_ler=0.523 lr=1.04e-05 4.1 it/s
[ 176400] loss=0.3711 logical=0.2710 leak=0.1002 train_ler=0.523 lr=1.03e-05 4.1 it/s
[ 176500] loss=0.4129 logical=0.3169 leak=0.0960 train_ler=0.539 lr=1.02e-05 4.1 it/s
[ 176600] loss=0.4072 logical=0.3070 leak=0.1002 train_ler=0.566 lr=1.01e-05 4.1 it/s
[ 176700] loss=0.3636 logical=0.2681 leak=0.0955 train_ler=0.480 lr=1.00e-05 4.1 it/s
[ 176800] loss=0.4298 logical=0.3280 leak=0.1018 train_ler=0.578 lr=9.95e-06 4.1 it/s
[ 176900] loss=0.3518 logical=0.2558 leak=0.0960 train_ler=0.484 lr=9.86e-06 4.1 it/s
[ 177000] loss=0.3477 logical=0.2472 leak=0.1005 train_ler=0.477 lr=9.78e-06 4.1 it/s
[ 177100] loss=0.3676 logical=0.2720 leak=0.0957 train_ler=0.512 lr=9.70e-06 4.1 it/s
[ 177200] loss=0.3984 logical=0.3030 leak=0.0954 train_ler=0.578 lr=9.61e-06 4.1 it/s
[ 177300] loss=0.3830 logical=0.2854 leak=0.0976 train_ler=0.523 lr=9.53e-06 4.1 it/s
[ 177400] loss=0.3806 logical=0.2794 leak=0.1012 train_ler=0.531 lr=9.45e-06 4.1 it/s
[ 177500] loss=0.3509 logical=0.2568 leak=0.0941 train_ler=0.500 lr=9.36e-06 4.1 it/s
[ 177600] loss=0.3811 logical=0.2850 leak=0.0960 train_ler=0.562 lr=9.28e-06 4.1 it/s
[ 177700] loss=0.3735 logical=0.2737 leak=0.0998 train_ler=0.531 lr=9.20e-06 4.1 it/s
[ 177800] loss=0.3812 logical=0.2852 leak=0.0960 train_ler=0.543 lr=9.12e-06 4.1 it/s
[ 177900] loss=0.3880 logical=0.2904 leak=0.0976 train_ler=0.527 lr=9.04e-06 4.1 it/s
[ 178000] loss=0.3448 logical=0.2483 leak=0.0965 train_ler=0.504 lr=8.96e-06 4.1 it/s
[ 178100] loss=0.3688 logical=0.2667 leak=0.1021 train_ler=0.484 lr=8.88e-06 4.1 it/s
[ 178200] loss=0.3956 logical=0.2991 leak=0.0965 train_ler=0.539 lr=8.80e-06 4.1 it/s
[ 178300] loss=0.3723 logical=0.2758 leak=0.0965 train_ler=0.512 lr=8.72e-06 4.1 it/s
[ 178400] loss=0.3652 logical=0.2689 leak=0.0962 train_ler=0.512 lr=8.64e-06 4.1 it/s
[ 178500] loss=0.3605 logical=0.2608 leak=0.0997 train_ler=0.488 lr=8.56e-06 4.1 it/s
[ 178600] loss=0.3509 logical=0.2560 leak=0.0949 train_ler=0.512 lr=8.48e-06 4.1 it/s
[ 178700] loss=0.3730 logical=0.2791 leak=0.0940 train_ler=0.523 lr=8.40e-06 4.1 it/s
[ 178800] loss=0.3674 logical=0.2675 leak=0.0999 train_ler=0.492 lr=8.32e-06 4.1 it/s
[ 178900] loss=0.3714 logical=0.2740 leak=0.0974 train_ler=0.547 lr=8.25e-06 4.1 it/s
[ 179000] loss=0.3803 logical=0.2834 leak=0.0969 train_ler=0.512 lr=8.17e-06 4.1 it/s
[ 179100] loss=0.3775 logical=0.2749 leak=0.1026 train_ler=0.500 lr=8.09e-06 4.1 it/s
[ 179200] loss=0.4176 logical=0.3178 leak=0.0998 train_ler=0.543 lr=8.01e-06 4.1 it/s
[ 179300] loss=0.3441 logical=0.2484 leak=0.0957 train_ler=0.512 lr=7.94e-06 4.1 it/s
[ 179400] loss=0.3703 logical=0.2776 leak=0.0927 train_ler=0.500 lr=7.86e-06 4.1 it/s
[ 179500] loss=0.4240 logical=0.3301 leak=0.0939 train_ler=0.559 lr=7.79e-06 4.1 it/s
[ 179600] loss=0.3418 logical=0.2423 leak=0.0995 train_ler=0.480 lr=7.71e-06 4.1 it/s
[ 179700] loss=0.3922 logical=0.2904 leak=0.1018 train_ler=0.492 lr=7.64e-06 4.1 it/s
[ 179800] loss=0.3490 logical=0.2510 leak=0.0980 train_ler=0.473 lr=7.56e-06 4.1 it/s
[ 179900] loss=0.3886 logical=0.2947 leak=0.0940 train_ler=0.520 lr=7.49e-06 4.1 it/s
[eval 180000] val LER=0.5180 (10359/20000) leak P/R=0.640/0.106 | T2-2 shots LER=0.5175 (1035/2000)  [B1 0.159, ORC 0.106]
[ 180000] loss=0.3869 logical=0.2871 leak=0.0998 train_ler=0.516 lr=7.41e-06 406.1 it/s
[ 180100] loss=0.3846 logical=0.2843 leak=0.1004 train_ler=0.508 lr=7.34e-06 4.1 it/s
[ 180200] loss=0.3585 logical=0.2603 leak=0.0982 train_ler=0.461 lr=7.27e-06 4.1 it/s
[ 180300] loss=0.3638 logical=0.2652 leak=0.0987 train_ler=0.504 lr=7.20e-06 4.1 it/s
[ 180400] loss=0.3458 logical=0.2482 leak=0.0976 train_ler=0.477 lr=7.12e-06 4.1 it/s
[ 180500] loss=0.3851 logical=0.2861 leak=0.0990 train_ler=0.484 lr=7.05e-06 4.1 it/s
[ 180600] loss=0.3461 logical=0.2500 leak=0.0961 train_ler=0.484 lr=6.98e-06 4.1 it/s
[ 180700] loss=0.3927 logical=0.2908 leak=0.1019 train_ler=0.555 lr=6.91e-06 4.1 it/s
[ 180800] loss=0.3484 logical=0.2522 leak=0.0961 train_ler=0.480 lr=6.84e-06 4.1 it/s
[ 180900] loss=0.3559 logical=0.2627 leak=0.0932 train_ler=0.516 lr=6.77e-06 4.1 it/s
[ 181000] loss=0.3780 logical=0.2788 leak=0.0992 train_ler=0.547 lr=6.70e-06 4.1 it/s
[ 181100] loss=0.3591 logical=0.2638 leak=0.0953 train_ler=0.484 lr=6.63e-06 4.1 it/s
[ 181200] loss=0.3627 logical=0.2666 leak=0.0960 train_ler=0.508 lr=6.56e-06 4.1 it/s
[ 181300] loss=0.3518 logical=0.2526 leak=0.0992 train_ler=0.453 lr=6.49e-06 4.1 it/s
[ 181400] loss=0.3930 logical=0.2942 leak=0.0988 train_ler=0.551 lr=6.42e-06 4.1 it/s
[ 181500] loss=0.3577 logical=0.2651 leak=0.0926 train_ler=0.473 lr=6.35e-06 4.1 it/s
[ 181600] loss=0.3716 logical=0.2737 leak=0.0978 train_ler=0.531 lr=6.28e-06 4.1 it/s
[ 181700] loss=0.3585 logical=0.2603 leak=0.0982 train_ler=0.496 lr=6.22e-06 4.1 it/s
[ 181800] loss=0.3660 logical=0.2715 leak=0.0945 train_ler=0.480 lr=6.15e-06 4.1 it/s
[ 181900] loss=0.3810 logical=0.2824 leak=0.0986 train_ler=0.508 lr=6.08e-06 4.1 it/s
[ 182000] loss=0.3684 logical=0.2735 leak=0.0949 train_ler=0.543 lr=6.02e-06 4.1 it/s
[ 182100] loss=0.3652 logical=0.2696 leak=0.0956 train_ler=0.496 lr=5.95e-06 4.1 it/s
[ 182200] loss=0.3842 logical=0.2892 leak=0.0949 train_ler=0.492 lr=5.88e-06 4.1 it/s
[ 182300] loss=0.4026 logical=0.3008 leak=0.1017 train_ler=0.531 lr=5.82e-06 4.1 it/s
[ 182400] loss=0.3587 logical=0.2678 leak=0.0910 train_ler=0.496 lr=5.75e-06 4.1 it/s
[ 182500] loss=0.3995 logical=0.3018 leak=0.0977 train_ler=0.551 lr=5.69e-06 4.1 it/s
[ 182600] loss=0.3655 logical=0.2690 leak=0.0964 train_ler=0.512 lr=5.62e-06 4.1 it/s
[ 182700] loss=0.3485 logical=0.2526 leak=0.0960 train_ler=0.449 lr=5.56e-06 4.1 it/s
[ 182800] loss=0.3619 logical=0.2635 leak=0.0984 train_ler=0.480 lr=5.50e-06 4.1 it/s
[ 182900] loss=0.3801 logical=0.2824 leak=0.0976 train_ler=0.508 lr=5.43e-06 4.1 it/s
[ 183000] loss=0.3732 logical=0.2764 leak=0.0968 train_ler=0.473 lr=5.37e-06 4.1 it/s
[ 183100] loss=0.4038 logical=0.3060 leak=0.0978 train_ler=0.555 lr=5.31e-06 4.1 it/s
[ 183200] loss=0.3816 logical=0.2874 leak=0.0942 train_ler=0.516 lr=5.24e-06 4.1 it/s
[ 183300] loss=0.3743 logical=0.2788 leak=0.0955 train_ler=0.531 lr=5.18e-06 4.1 it/s
[ 183400] loss=0.3646 logical=0.2668 leak=0.0978 train_ler=0.484 lr=5.12e-06 4.1 it/s
[ 183500] loss=0.4114 logical=0.3138 leak=0.0976 train_ler=0.570 lr=5.06e-06 4.1 it/s
[ 183600] loss=0.3650 logical=0.2684 leak=0.0966 train_ler=0.520 lr=5.00e-06 4.1 it/s
[ 183700] loss=0.3805 logical=0.2860 leak=0.0944 train_ler=0.500 lr=4.94e-06 4.1 it/s
[ 183800] loss=0.3573 logical=0.2595 leak=0.0978 train_ler=0.492 lr=4.88e-06 4.1 it/s
[ 183900] loss=0.4063 logical=0.3047 leak=0.1016 train_ler=0.539 lr=4.82e-06 4.1 it/s
[ 184000] loss=0.3537 logical=0.2572 leak=0.0965 train_ler=0.496 lr=4.76e-06 4.1 it/s
[ 184100] loss=0.3824 logical=0.2867 leak=0.0957 train_ler=0.527 lr=4.70e-06 4.1 it/s
[ 184200] loss=0.3663 logical=0.2690 leak=0.0973 train_ler=0.469 lr=4.64e-06 4.1 it/s
[ 184300] loss=0.3757 logical=0.2781 leak=0.0976 train_ler=0.516 lr=4.58e-06 4.1 it/s
[ 184400] loss=0.3620 logical=0.2661 leak=0.0959 train_ler=0.516 lr=4.53e-06 4.1 it/s
[ 184500] loss=0.3939 logical=0.2954 leak=0.0985 train_ler=0.590 lr=4.47e-06 4.1 it/s
[ 184600] loss=0.3756 logical=0.2765 leak=0.0991 train_ler=0.516 lr=4.41e-06 4.1 it/s
[ 184700] loss=0.3506 logical=0.2564 leak=0.0942 train_ler=0.473 lr=4.35e-06 4.1 it/s
[ 184800] loss=0.3546 logical=0.2540 leak=0.1005 train_ler=0.488 lr=4.30e-06 4.1 it/s
[ 184900] loss=0.3860 logical=0.2876 leak=0.0983 train_ler=0.480 lr=4.24e-06 4.1 it/s
[eval 185000] val LER=0.5155 (10311/20000) leak P/R=0.636/0.108 | T2-2 shots LER=0.5145 (1029/2000)  [B1 0.159, ORC 0.106]
[ 185000] loss=0.3585 logical=0.2605 leak=0.0980 train_ler=0.480 lr=4.19e-06 409.1 it/s
[ 185100] loss=0.4160 logical=0.3150 leak=0.1010 train_ler=0.590 lr=4.13e-06 4.1 it/s
[ 185200] loss=0.3519 logical=0.2540 leak=0.0979 train_ler=0.516 lr=4.08e-06 4.1 it/s
[ 185300] loss=0.3865 logical=0.2920 leak=0.0945 train_ler=0.559 lr=4.02e-06 4.1 it/s
[ 185400] loss=0.3854 logical=0.2842 leak=0.1012 train_ler=0.492 lr=3.97e-06 4.1 it/s
[ 185500] loss=0.3747 logical=0.2818 leak=0.0930 train_ler=0.512 lr=3.91e-06 4.1 it/s
[ 185600] loss=0.3962 logical=0.2938 leak=0.1024 train_ler=0.535 lr=3.86e-06 4.1 it/s
[ 185700] loss=0.3467 logical=0.2472 leak=0.0995 train_ler=0.484 lr=3.81e-06 4.1 it/s
[ 185800] loss=0.3386 logical=0.2412 leak=0.0974 train_ler=0.461 lr=3.75e-06 4.1 it/s
[ 185900] loss=0.3854 logical=0.2892 leak=0.0962 train_ler=0.543 lr=3.70e-06 4.1 it/s
[ 186000] loss=0.3605 logical=0.2628 leak=0.0976 train_ler=0.516 lr=3.65e-06 4.1 it/s
[ 186100] loss=0.3480 logical=0.2503 leak=0.0976 train_ler=0.469 lr=3.60e-06 4.1 it/s
[ 186200] loss=0.4055 logical=0.3090 leak=0.0966 train_ler=0.609 lr=3.55e-06 4.1 it/s
[ 186300] loss=0.3700 logical=0.2809 leak=0.0890 train_ler=0.520 lr=3.49e-06 4.1 it/s
[ 186400] loss=0.3754 logical=0.2786 leak=0.0968 train_ler=0.531 lr=3.44e-06 4.1 it/s
[ 186500] loss=0.3642 logical=0.2670 leak=0.0972 train_ler=0.484 lr=3.39e-06 4.1 it/s
[ 186600] loss=0.3881 logical=0.2931 leak=0.0950 train_ler=0.543 lr=3.34e-06 4.1 it/s
[ 186700] loss=0.3767 logical=0.2806 leak=0.0961 train_ler=0.531 lr=3.29e-06 4.1 it/s
[ 186800] loss=0.4024 logical=0.3045 leak=0.0979 train_ler=0.527 lr=3.25e-06 4.1 it/s
[ 186900] loss=0.3464 logical=0.2544 leak=0.0921 train_ler=0.484 lr=3.20e-06 4.1 it/s
[ 187000] loss=0.3793 logical=0.2819 leak=0.0974 train_ler=0.531 lr=3.15e-06 4.1 it/s
[ 187100] loss=0.3487 logical=0.2513 leak=0.0974 train_ler=0.457 lr=3.10e-06 4.1 it/s
[ 187200] loss=0.3587 logical=0.2626 leak=0.0961 train_ler=0.477 lr=3.05e-06 4.1 it/s
[ 187300] loss=0.3946 logical=0.2982 leak=0.0964 train_ler=0.574 lr=3.00e-06 4.1 it/s
[ 187400] loss=0.3823 logical=0.2856 leak=0.0967 train_ler=0.520 lr=2.96e-06 4.1 it/s
[ 187500] loss=0.3470 logical=0.2493 leak=0.0977 train_ler=0.480 lr=2.91e-06 4.1 it/s
[ 187600] loss=0.4000 logical=0.2987 leak=0.1013 train_ler=0.559 lr=2.86e-06 4.1 it/s
[ 187700] loss=0.3741 logical=0.2759 leak=0.0983 train_ler=0.512 lr=2.82e-06 4.1 it/s
[ 187800] loss=0.3714 logical=0.2751 leak=0.0963 train_ler=0.508 lr=2.77e-06 4.1 it/s
[ 187900] loss=0.3964 logical=0.2962 leak=0.1002 train_ler=0.535 lr=2.73e-06 4.1 it/s
[ 188000] loss=0.3309 logical=0.2318 leak=0.0991 train_ler=0.445 lr=2.68e-06 4.1 it/s
[ 188100] loss=0.4239 logical=0.3258 leak=0.0981 train_ler=0.566 lr=2.64e-06 4.1 it/s
[ 188200] loss=0.3651 logical=0.2701 leak=0.0951 train_ler=0.500 lr=2.60e-06 4.1 it/s
[ 188300] loss=0.3665 logical=0.2710 leak=0.0955 train_ler=0.484 lr=2.55e-06 4.1 it/s
[ 188400] loss=0.3694 logical=0.2755 leak=0.0938 train_ler=0.504 lr=2.51e-06 4.1 it/s
[ 188500] loss=0.3803 logical=0.2841 leak=0.0962 train_ler=0.566 lr=2.47e-06 4.1 it/s
[ 188600] loss=0.3634 logical=0.2676 leak=0.0958 train_ler=0.527 lr=2.42e-06 4.1 it/s
[ 188700] loss=0.3563 logical=0.2625 leak=0.0938 train_ler=0.496 lr=2.38e-06 4.1 it/s
[ 188800] loss=0.3716 logical=0.2746 leak=0.0970 train_ler=0.523 lr=2.34e-06 4.1 it/s
[ 188900] loss=0.3842 logical=0.2895 leak=0.0947 train_ler=0.516 lr=2.30e-06 4.1 it/s
[ 189000] loss=0.3663 logical=0.2717 leak=0.0947 train_ler=0.520 lr=2.26e-06 4.1 it/s
[ 189100] loss=0.3649 logical=0.2706 leak=0.0943 train_ler=0.520 lr=2.22e-06 4.1 it/s
[ 189200] loss=0.3683 logical=0.2731 leak=0.0952 train_ler=0.492 lr=2.17e-06 4.1 it/s
[ 189300] loss=0.3740 logical=0.2746 leak=0.0994 train_ler=0.512 lr=2.13e-06 4.1 it/s
[ 189400] loss=0.3749 logical=0.2778 leak=0.0970 train_ler=0.500 lr=2.10e-06 4.1 it/s
[ 189500] loss=0.4034 logical=0.3056 leak=0.0978 train_ler=0.559 lr=2.06e-06 4.1 it/s
[ 189600] loss=0.3722 logical=0.2770 leak=0.0951 train_ler=0.559 lr=2.02e-06 4.1 it/s
[ 189700] loss=0.3549 logical=0.2524 leak=0.1025 train_ler=0.516 lr=1.98e-06 4.1 it/s
[ 189800] loss=0.3840 logical=0.2898 leak=0.0943 train_ler=0.582 lr=1.94e-06 4.1 it/s
[ 189900] loss=0.4183 logical=0.3212 leak=0.0971 train_ler=0.605 lr=1.90e-06 4.1 it/s
[eval 190000] val LER=0.5171 (10341/20000) leak P/R=0.635/0.109 | T2-2 shots LER=0.5155 (1031/2000)  [B1 0.159, ORC 0.106]
[ 190000] loss=0.3710 logical=0.2698 leak=0.1012 train_ler=0.477 lr=1.87e-06 400.3 it/s
[ 190100] loss=0.3760 logical=0.2741 leak=0.1020 train_ler=0.488 lr=1.83e-06 4.1 it/s
[ 190200] loss=0.3568 logical=0.2603 leak=0.0965 train_ler=0.500 lr=1.79e-06 4.1 it/s
[ 190300] loss=0.3612 logical=0.2680 leak=0.0933 train_ler=0.504 lr=1.76e-06 4.1 it/s
[ 190400] loss=0.3782 logical=0.2777 leak=0.1005 train_ler=0.520 lr=1.72e-06 4.1 it/s
[ 190500] loss=0.3907 logical=0.2914 leak=0.0994 train_ler=0.531 lr=1.68e-06 4.1 it/s
[ 190600] loss=0.3730 logical=0.2723 leak=0.1008 train_ler=0.496 lr=1.65e-06 4.1 it/s
[ 190700] loss=0.3484 logical=0.2509 leak=0.0976 train_ler=0.477 lr=1.61e-06 4.1 it/s
[ 190800] loss=0.3815 logical=0.2841 leak=0.0975 train_ler=0.523 lr=1.58e-06 4.1 it/s
[ 190900] loss=0.3661 logical=0.2675 leak=0.0986 train_ler=0.516 lr=1.55e-06 4.1 it/s
[ 191000] loss=0.3644 logical=0.2653 leak=0.0991 train_ler=0.539 lr=1.51e-06 4.1 it/s
[ 191100] loss=0.3890 logical=0.2946 leak=0.0944 train_ler=0.566 lr=1.48e-06 4.1 it/s
[ 191200] loss=0.3860 logical=0.2902 leak=0.0958 train_ler=0.531 lr=1.45e-06 4.1 it/s
[ 191300] loss=0.3552 logical=0.2623 leak=0.0929 train_ler=0.492 lr=1.41e-06 4.1 it/s
[ 191400] loss=0.3390 logical=0.2406 leak=0.0984 train_ler=0.453 lr=1.38e-06 4.1 it/s
[ 191500] loss=0.3363 logical=0.2349 leak=0.1015 train_ler=0.445 lr=1.35e-06 4.1 it/s
[ 191600] loss=0.3419 logical=0.2480 leak=0.0939 train_ler=0.492 lr=1.32e-06 4.1 it/s
[ 191700] loss=0.3658 logical=0.2650 leak=0.1008 train_ler=0.465 lr=1.29e-06 4.1 it/s
[ 191800] loss=0.3448 logical=0.2465 leak=0.0984 train_ler=0.488 lr=1.26e-06 4.1 it/s
[ 191900] loss=0.3739 logical=0.2770 leak=0.0970 train_ler=0.469 lr=1.22e-06 4.1 it/s
[ 192000] loss=0.3365 logical=0.2421 leak=0.0944 train_ler=0.469 lr=1.19e-06 4.1 it/s
[ 192100] loss=0.3606 logical=0.2675 leak=0.0931 train_ler=0.488 lr=1.17e-06 4.1 it/s
[ 192200] loss=0.3755 logical=0.2806 leak=0.0948 train_ler=0.523 lr=1.14e-06 4.1 it/s
[ 192300] loss=0.3718 logical=0.2764 leak=0.0954 train_ler=0.500 lr=1.11e-06 4.1 it/s
[ 192400] loss=0.3570 logical=0.2604 leak=0.0966 train_ler=0.484 lr=1.08e-06 4.1 it/s
[ 192500] loss=0.3746 logical=0.2761 leak=0.0985 train_ler=0.496 lr=1.05e-06 4.1 it/s
[ 192600] loss=0.3712 logical=0.2721 leak=0.0991 train_ler=0.473 lr=1.02e-06 4.1 it/s
[ 192700] loss=0.3674 logical=0.2749 leak=0.0924 train_ler=0.504 lr=9.95e-07 4.1 it/s
[ 192800] loss=0.3850 logical=0.2895 leak=0.0955 train_ler=0.523 lr=9.68e-07 4.1 it/s
[ 192900] loss=0.3579 logical=0.2633 leak=0.0947 train_ler=0.473 lr=9.41e-07 4.1 it/s
[ 193000] loss=0.3778 logical=0.2803 leak=0.0974 train_ler=0.527 lr=9.15e-07 4.1 it/s
[ 193100] loss=0.3866 logical=0.2891 leak=0.0975 train_ler=0.500 lr=8.89e-07 4.1 it/s
[ 193200] loss=0.3904 logical=0.2965 leak=0.0939 train_ler=0.531 lr=8.63e-07 4.1 it/s
[ 193300] loss=0.3649 logical=0.2710 leak=0.0940 train_ler=0.484 lr=8.38e-07 4.1 it/s
[ 193400] loss=0.3785 logical=0.2802 leak=0.0982 train_ler=0.527 lr=8.13e-07 4.1 it/s
[ 193500] loss=0.3631 logical=0.2722 leak=0.0908 train_ler=0.535 lr=7.89e-07 4.1 it/s
[ 193600] loss=0.3526 logical=0.2589 leak=0.0937 train_ler=0.453 lr=7.65e-07 4.1 it/s
[ 193700] loss=0.3340 logical=0.2390 leak=0.0950 train_ler=0.438 lr=7.41e-07 4.1 it/s
[ 193800] loss=0.3744 logical=0.2709 leak=0.1035 train_ler=0.484 lr=7.18e-07 4.1 it/s
[ 193900] loss=0.3644 logical=0.2676 leak=0.0968 train_ler=0.531 lr=6.95e-07 4.1 it/s
[ 194000] loss=0.3835 logical=0.2835 leak=0.1000 train_ler=0.512 lr=6.72e-07 4.1 it/s
[ 194100] loss=0.3795 logical=0.2805 leak=0.0990 train_ler=0.520 lr=6.50e-07 4.1 it/s
[ 194200] loss=0.3638 logical=0.2652 leak=0.0986 train_ler=0.520 lr=6.28e-07 4.1 it/s
[ 194300] loss=0.3684 logical=0.2708 leak=0.0976 train_ler=0.523 lr=6.07e-07 4.1 it/s
[ 194400] loss=0.3958 logical=0.2985 leak=0.0974 train_ler=0.590 lr=5.86e-07 4.1 it/s
[ 194500] loss=0.3667 logical=0.2704 leak=0.0963 train_ler=0.488 lr=5.65e-07 4.1 it/s
[ 194600] loss=0.3982 logical=0.3022 leak=0.0960 train_ler=0.520 lr=5.45e-07 4.1 it/s
[ 194700] loss=0.3665 logical=0.2707 leak=0.0959 train_ler=0.508 lr=5.25e-07 4.1 it/s
[ 194800] loss=0.3667 logical=0.2685 leak=0.0983 train_ler=0.492 lr=5.05e-07 4.1 it/s
[ 194900] loss=0.3971 logical=0.3020 leak=0.0951 train_ler=0.516 lr=4.86e-07 4.1 it/s
[eval 195000] val LER=0.5161 (10322/20000) leak P/R=0.637/0.108 | T2-2 shots LER=0.5165 (1033/2000)  [B1 0.159, ORC 0.106]
[ 195000] loss=0.3386 logical=0.2445 leak=0.0941 train_ler=0.465 lr=4.67e-07 426.1 it/s
[ 195100] loss=0.3486 logical=0.2543 leak=0.0943 train_ler=0.477 lr=4.49e-07 4.1 it/s
[ 195200] loss=0.3594 logical=0.2593 leak=0.1001 train_ler=0.500 lr=4.30e-07 4.1 it/s
[ 195300] loss=0.3615 logical=0.2634 leak=0.0982 train_ler=0.492 lr=4.13e-07 4.1 it/s
[ 195400] loss=0.3678 logical=0.2709 leak=0.0969 train_ler=0.504 lr=3.95e-07 4.1 it/s
[ 195500] loss=0.3706 logical=0.2728 leak=0.0978 train_ler=0.469 lr=3.78e-07 4.1 it/s
[ 195600] loss=0.3648 logical=0.2685 leak=0.0963 train_ler=0.465 lr=3.62e-07 4.1 it/s
[ 195700] loss=0.3735 logical=0.2737 leak=0.0998 train_ler=0.504 lr=3.45e-07 4.1 it/s
[ 195800] loss=0.3785 logical=0.2860 leak=0.0925 train_ler=0.527 lr=3.30e-07 4.1 it/s
[ 195900] loss=0.3773 logical=0.2838 leak=0.0935 train_ler=0.520 lr=3.14e-07 4.1 it/s
[ 196000] loss=0.3682 logical=0.2692 leak=0.0990 train_ler=0.512 lr=2.99e-07 4.1 it/s
[ 196100] loss=0.3513 logical=0.2552 leak=0.0961 train_ler=0.484 lr=2.84e-07 4.1 it/s
[ 196200] loss=0.3894 logical=0.2907 leak=0.0987 train_ler=0.523 lr=2.70e-07 4.1 it/s
[ 196300] loss=0.3507 logical=0.2556 leak=0.0951 train_ler=0.492 lr=2.56e-07 4.1 it/s
[ 196400] loss=0.3682 logical=0.2686 leak=0.0996 train_ler=0.539 lr=2.42e-07 4.1 it/s
[ 196500] loss=0.3742 logical=0.2799 leak=0.0943 train_ler=0.484 lr=2.29e-07 4.1 it/s
[ 196600] loss=0.3546 logical=0.2591 leak=0.0954 train_ler=0.488 lr=2.16e-07 4.1 it/s
[ 196700] loss=0.3540 logical=0.2555 leak=0.0985 train_ler=0.465 lr=2.04e-07 4.1 it/s
[ 196800] loss=0.3272 logical=0.2329 leak=0.0943 train_ler=0.441 lr=1.91e-07 4.1 it/s
[ 196900] loss=0.3819 logical=0.2821 leak=0.0998 train_ler=0.504 lr=1.80e-07 4.1 it/s
[ 197000] loss=0.3458 logical=0.2535 leak=0.0923 train_ler=0.441 lr=1.68e-07 4.1 it/s
[ 197100] loss=0.3485 logical=0.2540 leak=0.0945 train_ler=0.504 lr=1.57e-07 4.1 it/s
[ 197200] loss=0.3750 logical=0.2817 leak=0.0933 train_ler=0.531 lr=1.47e-07 4.1 it/s
[ 197300] loss=0.3696 logical=0.2692 leak=0.1004 train_ler=0.523 lr=1.36e-07 4.1 it/s
[ 197400] loss=0.3891 logical=0.2897 leak=0.0994 train_ler=0.555 lr=1.26e-07 4.1 it/s
[ 197500] loss=0.3584 logical=0.2613 leak=0.0971 train_ler=0.496 lr=1.17e-07 4.1 it/s
[ 197600] loss=0.3714 logical=0.2695 leak=0.1019 train_ler=0.535 lr=1.08e-07 4.1 it/s
[ 197700] loss=0.3485 logical=0.2542 leak=0.0943 train_ler=0.500 lr=9.89e-08 4.1 it/s
[ 197800] loss=0.3906 logical=0.2950 leak=0.0957 train_ler=0.523 lr=9.05e-08 4.1 it/s
[ 197900] loss=0.3972 logical=0.3029 leak=0.0943 train_ler=0.539 lr=8.24e-08 4.1 it/s
[ 198000] loss=0.3915 logical=0.2932 leak=0.0983 train_ler=0.527 lr=7.48e-08 4.1 it/s
[ 198100] loss=0.4051 logical=0.3011 leak=0.1039 train_ler=0.523 lr=6.75e-08 4.1 it/s
[ 198200] loss=0.3779 logical=0.2827 leak=0.0952 train_ler=0.523 lr=6.06e-08 4.1 it/s
[ 198300] loss=0.3674 logical=0.2719 leak=0.0956 train_ler=0.527 lr=5.40e-08 4.1 it/s
[ 198400] loss=0.3376 logical=0.2361 leak=0.1015 train_ler=0.465 lr=4.78e-08 4.1 it/s
[ 198500] loss=0.3394 logical=0.2431 leak=0.0963 train_ler=0.480 lr=4.21e-08 4.1 it/s
[ 198600] loss=0.3726 logical=0.2750 leak=0.0975 train_ler=0.531 lr=3.66e-08 4.1 it/s
[ 198700] loss=0.3492 logical=0.2497 leak=0.0994 train_ler=0.504 lr=3.16e-08 4.1 it/s
[ 198800] loss=0.3721 logical=0.2767 leak=0.0954 train_ler=0.508 lr=2.69e-08 4.1 it/s
[ 198900] loss=0.3970 logical=0.2961 leak=0.1009 train_ler=0.539 lr=2.26e-08 4.1 it/s
[ 199000] loss=0.3654 logical=0.2690 leak=0.0964 train_ler=0.523 lr=1.87e-08 4.1 it/s
[ 199100] loss=0.3841 logical=0.2900 leak=0.0941 train_ler=0.539 lr=1.51e-08 4.1 it/s
[ 199200] loss=0.3442 logical=0.2420 leak=0.1022 train_ler=0.449 lr=1.20e-08 4.1 it/s
[ 199300] loss=0.3777 logical=0.2799 leak=0.0978 train_ler=0.523 lr=9.16e-09 4.1 it/s
[ 199400] loss=0.3515 logical=0.2512 leak=0.1003 train_ler=0.504 lr=6.73e-09 4.1 it/s
[ 199500] loss=0.3727 logical=0.2734 leak=0.0993 train_ler=0.535 lr=4.67e-09 4.1 it/s
[ 199600] loss=0.3331 logical=0.2379 leak=0.0953 train_ler=0.457 lr=2.99e-09 4.1 it/s
[ 199700] loss=0.3588 logical=0.2624 leak=0.0964 train_ler=0.512 lr=1.68e-09 4.1 it/s
[ 199800] loss=0.3573 logical=0.2583 leak=0.0990 train_ler=0.477 lr=7.48e-10 4.1 it/s
[ 199900] loss=0.3769 logical=0.2782 leak=0.0987 train_ler=0.484 lr=1.87e-10 4.1 it/s
[eval 200000] val LER=0.5157 (10314/20000) leak P/R=0.636/0.109 | T2-2 shots LER=0.5150 (1030/2000)  [B1 0.159, ORC 0.106]
[done]
