[config] repr=raw single_shot=True tokens=576 params=1,285,122 p=0.004 snr=8.4 beta=0.05 p_leak=0.005 p_seep=0.2 steps=200000 batch=256 device=cuda
[      0] loss=1.3127 logical=0.6827 leak=0.6300 train_ler=0.988 lr=3.00e-07 104.7 it/s
[    100] loss=0.7939 logical=0.6724 leak=0.1215 train_ler=0.996 lr=3.03e-05 2.7 it/s
[    200] loss=0.7871 logical=0.6739 leak=0.1132 train_ler=0.992 lr=6.03e-05 2.7 it/s
[    300] loss=0.7758 logical=0.6672 leak=0.1087 train_ler=0.988 lr=9.03e-05 2.7 it/s
[    400] loss=0.7675 logical=0.6664 leak=0.1011 train_ler=0.988 lr=1.20e-04 2.7 it/s
[    500] loss=0.7628 logical=0.6685 leak=0.0942 train_ler=0.996 lr=1.50e-04 2.7 it/s
[    600] loss=0.7520 logical=0.6668 leak=0.0852 train_ler=0.984 lr=1.80e-04 2.7 it/s
[    700] loss=0.7585 logical=0.6639 leak=0.0947 train_ler=0.988 lr=2.10e-04 2.8 it/s
[    800] loss=0.7554 logical=0.6642 leak=0.0913 train_ler=0.992 lr=2.40e-04 2.8 it/s
[    900] loss=0.7533 logical=0.6641 leak=0.0892 train_ler=0.992 lr=2.70e-04 2.5 it/s
[   1000] loss=0.7548 logical=0.6627 leak=0.0921 train_ler=0.984 lr=3.00e-04 2.2 it/s
[   1100] loss=0.7561 logical=0.6676 leak=0.0885 train_ler=1.000 lr=3.00e-04 2.5 it/s
[   1200] loss=0.7536 logical=0.6649 leak=0.0887 train_ler=1.000 lr=3.00e-04 2.7 it/s
[   1300] loss=0.7489 logical=0.6578 leak=0.0910 train_ler=0.992 lr=3.00e-04 2.7 it/s
[   1400] loss=0.7579 logical=0.6674 leak=0.0905 train_ler=0.992 lr=3.00e-04 2.8 it/s
[   1500] loss=0.7443 logical=0.6537 leak=0.0906 train_ler=0.992 lr=3.00e-04 2.7 it/s
[   1600] loss=0.7486 logical=0.6563 leak=0.0923 train_ler=0.988 lr=3.00e-04 2.7 it/s
[   1700] loss=0.7464 logical=0.6588 leak=0.0876 train_ler=0.996 lr=3.00e-04 2.7 it/s
[   1800] loss=0.7545 logical=0.6630 leak=0.0915 train_ler=0.992 lr=3.00e-04 2.7 it/s
[   1900] loss=0.7545 logical=0.6629 leak=0.0916 train_ler=0.988 lr=3.00e-04 2.7 it/s
[   2000] loss=0.7445 logical=0.6550 leak=0.0894 train_ler=0.984 lr=3.00e-04 2.7 it/s
[   2100] loss=0.7427 logical=0.6572 leak=0.0855 train_ler=0.988 lr=3.00e-04 2.7 it/s
[   2200] loss=0.7379 logical=0.6512 leak=0.0868 train_ler=0.984 lr=3.00e-04 2.8 it/s
[   2300] loss=0.7388 logical=0.6497 leak=0.0891 train_ler=1.000 lr=3.00e-04 2.8 it/s
[   2400] loss=0.7430 logical=0.6523 leak=0.0907 train_ler=0.980 lr=3.00e-04 2.8 it/s
[   2500] loss=0.7481 logical=0.6546 leak=0.0935 train_ler=0.984 lr=3.00e-04 2.8 it/s
[   2600] loss=0.7525 logical=0.6598 leak=0.0927 train_ler=0.992 lr=3.00e-04 2.8 it/s
[   2700] loss=0.7501 logical=0.6576 leak=0.0925 train_ler=0.988 lr=3.00e-04 2.8 it/s
[   2800] loss=0.7369 logical=0.6474 leak=0.0895 train_ler=0.988 lr=3.00e-04 2.8 it/s
[   2900] loss=0.7344 logical=0.6451 leak=0.0893 train_ler=0.992 lr=3.00e-04 2.8 it/s
[   3000] loss=0.7323 logical=0.6428 leak=0.0895 train_ler=0.980 lr=3.00e-04 2.7 it/s
[   3100] loss=0.7394 logical=0.6500 leak=0.0895 train_ler=0.980 lr=3.00e-04 2.7 it/s
[   3200] loss=0.7429 logical=0.6512 leak=0.0917 train_ler=1.000 lr=3.00e-04 2.8 it/s
[   3300] loss=0.7406 logical=0.6505 leak=0.0901 train_ler=0.988 lr=3.00e-04 2.8 it/s
[   3400] loss=0.7313 logical=0.6434 leak=0.0879 train_ler=0.988 lr=3.00e-04 2.7 it/s
[   3500] loss=0.7439 logical=0.6535 leak=0.0904 train_ler=0.984 lr=3.00e-04 2.8 it/s
[   3600] loss=0.7281 logical=0.6403 leak=0.0878 train_ler=0.977 lr=3.00e-04 2.7 it/s
[   3700] loss=0.7420 logical=0.6476 leak=0.0945 train_ler=0.980 lr=3.00e-04 2.8 it/s
[   3800] loss=0.7389 logical=0.6491 leak=0.0897 train_ler=0.988 lr=3.00e-04 2.8 it/s
[   3900] loss=0.7251 logical=0.6340 leak=0.0910 train_ler=0.980 lr=3.00e-04 2.8 it/s
[   4000] loss=0.7468 logical=0.6553 leak=0.0915 train_ler=0.984 lr=3.00e-04 2.8 it/s
[   4100] loss=0.7262 logical=0.6390 leak=0.0871 train_ler=0.984 lr=3.00e-04 2.8 it/s
[   4200] loss=0.7490 logical=0.6581 leak=0.0909 train_ler=0.996 lr=3.00e-04 2.8 it/s
[   4300] loss=0.7363 logical=0.6432 leak=0.0931 train_ler=0.988 lr=3.00e-04 2.8 it/s
[   4400] loss=0.7337 logical=0.6419 leak=0.0918 train_ler=0.973 lr=3.00e-04 2.8 it/s
[   4500] loss=0.7198 logical=0.6316 leak=0.0882 train_ler=0.980 lr=3.00e-04 2.7 it/s
[   4600] loss=0.7244 logical=0.6343 leak=0.0901 train_ler=0.992 lr=3.00e-04 2.8 it/s
[   4700] loss=0.7338 logical=0.6428 leak=0.0910 train_ler=0.992 lr=3.00e-04 2.7 it/s
[   4800] loss=0.7421 logical=0.6517 leak=0.0903 train_ler=0.996 lr=3.00e-04 2.7 it/s
[   4900] loss=0.7314 logical=0.6428 leak=0.0886 train_ler=0.996 lr=3.00e-04 2.7 it/s
[eval 5000] val LER=0.9835 (19670/20000) leak P/R=0.721/0.013 | T2-2 shots LER=0.9865 (1973/2000)  [B1 0.159, ORC 0.106]
[   5000] loss=0.7251 logical=0.6340 leak=0.0911 train_ler=0.984 lr=3.00e-04 273.8 it/s
[   5100] loss=0.7295 logical=0.6417 leak=0.0878 train_ler=0.992 lr=3.00e-04 2.7 it/s
[   5200] loss=0.7194 logical=0.6316 leak=0.0878 train_ler=0.992 lr=3.00e-04 2.8 it/s
[   5300] loss=0.7184 logical=0.6286 leak=0.0898 train_ler=0.980 lr=3.00e-04 2.7 it/s
[   5400] loss=0.7213 logical=0.6320 leak=0.0893 train_ler=0.984 lr=3.00e-04 2.7 it/s
[   5500] loss=0.6959 logical=0.6113 leak=0.0846 train_ler=0.957 lr=3.00e-04 2.7 it/s
[   5600] loss=0.7062 logical=0.6205 leak=0.0858 train_ler=0.973 lr=3.00e-04 2.7 it/s
[   5700] loss=0.7294 logical=0.6382 leak=0.0911 train_ler=0.977 lr=3.00e-04 2.8 it/s
[   5800] loss=0.7105 logical=0.6225 leak=0.0880 train_ler=0.973 lr=3.00e-04 2.8 it/s
[   5900] loss=0.7095 logical=0.6207 leak=0.0888 train_ler=0.980 lr=3.00e-04 2.8 it/s
[   6000] loss=0.7236 logical=0.6338 leak=0.0898 train_ler=0.988 lr=3.00e-04 2.8 it/s
[   6100] loss=0.7201 logical=0.6333 leak=0.0868 train_ler=0.988 lr=3.00e-04 2.8 it/s
[   6200] loss=0.7038 logical=0.6135 leak=0.0903 train_ler=0.969 lr=2.99e-04 2.7 it/s
[   6300] loss=0.7261 logical=0.6412 leak=0.0849 train_ler=0.984 lr=2.99e-04 2.8 it/s
[   6400] loss=0.7346 logical=0.6494 leak=0.0853 train_ler=1.000 lr=2.99e-04 2.7 it/s
[   6500] loss=0.6987 logical=0.6111 leak=0.0876 train_ler=0.984 lr=2.99e-04 2.7 it/s
[   6600] loss=0.7107 logical=0.6225 leak=0.0882 train_ler=0.969 lr=2.99e-04 2.7 it/s
[   6700] loss=0.7182 logical=0.6305 leak=0.0876 train_ler=0.973 lr=2.99e-04 2.7 it/s
[   6800] loss=0.7115 logical=0.6234 leak=0.0881 train_ler=0.977 lr=2.99e-04 2.7 it/s
[   6900] loss=0.7064 logical=0.6208 leak=0.0856 train_ler=0.961 lr=2.99e-04 2.8 it/s
[   7000] loss=0.7080 logical=0.6193 leak=0.0887 train_ler=0.977 lr=2.99e-04 2.8 it/s
[   7100] loss=0.7188 logical=0.6276 leak=0.0912 train_ler=0.977 lr=2.99e-04 2.8 it/s
[   7200] loss=0.6939 logical=0.6007 leak=0.0932 train_ler=0.961 lr=2.99e-04 2.8 it/s
[   7300] loss=0.7047 logical=0.6125 leak=0.0922 train_ler=0.977 lr=2.99e-04 2.8 it/s
[   7400] loss=0.7211 logical=0.6302 leak=0.0909 train_ler=0.977 lr=2.99e-04 2.8 it/s
[   7500] loss=0.7178 logical=0.6244 leak=0.0934 train_ler=0.965 lr=2.99e-04 2.8 it/s
[   7600] loss=0.6927 logical=0.6049 leak=0.0878 train_ler=0.961 lr=2.99e-04 2.8 it/s
[   7700] loss=0.6967 logical=0.6069 leak=0.0898 train_ler=0.977 lr=2.99e-04 2.8 it/s
[   7800] loss=0.7147 logical=0.6237 leak=0.0909 train_ler=0.973 lr=2.99e-04 2.8 it/s
[   7900] loss=0.7108 logical=0.6240 leak=0.0869 train_ler=0.988 lr=2.99e-04 2.8 it/s
[   8000] loss=0.7271 logical=0.6351 leak=0.0920 train_ler=0.973 lr=2.99e-04 2.8 it/s
[   8100] loss=0.7080 logical=0.6178 leak=0.0902 train_ler=0.973 lr=2.99e-04 2.7 it/s
[   8200] loss=0.7082 logical=0.6149 leak=0.0933 train_ler=0.973 lr=2.99e-04 2.7 it/s
[   8300] loss=0.7087 logical=0.6164 leak=0.0924 train_ler=0.984 lr=2.99e-04 2.8 it/s
[   8400] loss=0.7049 logical=0.6157 leak=0.0892 train_ler=0.973 lr=2.99e-04 2.8 it/s
[   8500] loss=0.6890 logical=0.5999 leak=0.0890 train_ler=0.973 lr=2.99e-04 2.8 it/s
[   8600] loss=0.6993 logical=0.6101 leak=0.0892 train_ler=0.969 lr=2.99e-04 2.8 it/s
[   8700] loss=0.7006 logical=0.6103 leak=0.0902 train_ler=0.973 lr=2.99e-04 2.7 it/s
[   8800] loss=0.7128 logical=0.6233 leak=0.0895 train_ler=0.988 lr=2.99e-04 2.8 it/s
[   8900] loss=0.6842 logical=0.5946 leak=0.0895 train_ler=0.957 lr=2.99e-04 2.8 it/s
[   9000] loss=0.7155 logical=0.6245 leak=0.0910 train_ler=0.980 lr=2.99e-04 2.8 it/s
[   9100] loss=0.7023 logical=0.6160 leak=0.0863 train_ler=0.980 lr=2.99e-04 2.7 it/s
[   9200] loss=0.7072 logical=0.6212 leak=0.0860 train_ler=0.961 lr=2.99e-04 2.7 it/s
[   9300] loss=0.7044 logical=0.6152 leak=0.0892 train_ler=0.965 lr=2.99e-04 2.8 it/s
[   9400] loss=0.7069 logical=0.6136 leak=0.0933 train_ler=0.957 lr=2.99e-04 2.8 it/s
[   9500] loss=0.7079 logical=0.6188 leak=0.0892 train_ler=0.957 lr=2.99e-04 2.8 it/s
[   9600] loss=0.6841 logical=0.5959 leak=0.0882 train_ler=0.965 lr=2.99e-04 2.8 it/s
[   9700] loss=0.7027 logical=0.6134 leak=0.0893 train_ler=0.984 lr=2.99e-04 2.7 it/s
[   9800] loss=0.6884 logical=0.6004 leak=0.0881 train_ler=0.969 lr=2.99e-04 2.8 it/s
[   9900] loss=0.6898 logical=0.5995 leak=0.0903 train_ler=0.969 lr=2.99e-04 2.8 it/s
[eval 10000] val LER=0.9647 (19294/20000) leak P/R=0.693/0.014 | T2-2 shots LER=0.9670 (1934/2000)  [B1 0.159, ORC 0.106]
[  10000] loss=0.6971 logical=0.6102 leak=0.0869 train_ler=0.965 lr=2.98e-04 276.1 it/s
[  10100] loss=0.7150 logical=0.6218 leak=0.0932 train_ler=0.977 lr=2.98e-04 2.8 it/s
[  10200] loss=0.6966 logical=0.6056 leak=0.0910 train_ler=0.961 lr=2.98e-04 2.8 it/s
[  10300] loss=0.6931 logical=0.6059 leak=0.0871 train_ler=0.961 lr=2.98e-04 2.8 it/s
[  10400] loss=0.7075 logical=0.6190 leak=0.0885 train_ler=0.973 lr=2.98e-04 2.8 it/s
[  10500] loss=0.7111 logical=0.6185 leak=0.0927 train_ler=0.965 lr=2.98e-04 2.8 it/s
[  10600] loss=0.6960 logical=0.6050 leak=0.0909 train_ler=0.961 lr=2.98e-04 2.8 it/s
[  10700] loss=0.6983 logical=0.6070 leak=0.0913 train_ler=0.965 lr=2.98e-04 2.8 it/s
[  10800] loss=0.7032 logical=0.6103 leak=0.0929 train_ler=0.965 lr=2.98e-04 2.8 it/s
[  10900] loss=0.6973 logical=0.6096 leak=0.0877 train_ler=0.969 lr=2.98e-04 2.8 it/s
[  11000] loss=0.7087 logical=0.6206 leak=0.0881 train_ler=0.973 lr=2.98e-04 2.8 it/s
[  11100] loss=0.7062 logical=0.6157 leak=0.0905 train_ler=0.965 lr=2.98e-04 2.8 it/s
[  11200] loss=0.7026 logical=0.6137 leak=0.0889 train_ler=0.965 lr=2.98e-04 2.8 it/s
[  11300] loss=0.7001 logical=0.6090 leak=0.0911 train_ler=0.961 lr=2.98e-04 2.8 it/s
[  11400] loss=0.6849 logical=0.5962 leak=0.0887 train_ler=0.957 lr=2.98e-04 2.8 it/s
[  11500] loss=0.7036 logical=0.6108 leak=0.0928 train_ler=0.973 lr=2.98e-04 2.8 it/s
[  11600] loss=0.6883 logical=0.5976 leak=0.0907 train_ler=0.953 lr=2.98e-04 2.8 it/s
[  11700] loss=0.7040 logical=0.6121 leak=0.0919 train_ler=0.957 lr=2.98e-04 2.8 it/s
[  11800] loss=0.7061 logical=0.6137 leak=0.0924 train_ler=0.973 lr=2.98e-04 2.8 it/s
[  11900] loss=0.7026 logical=0.6115 leak=0.0911 train_ler=0.980 lr=2.98e-04 2.8 it/s
[  12000] loss=0.6986 logical=0.6074 leak=0.0912 train_ler=0.980 lr=2.98e-04 2.8 it/s
[  12100] loss=0.6971 logical=0.6058 leak=0.0913 train_ler=0.969 lr=2.98e-04 2.8 it/s
[  12200] loss=0.6931 logical=0.6037 leak=0.0894 train_ler=0.949 lr=2.98e-04 2.8 it/s
[  12300] loss=0.6756 logical=0.5857 leak=0.0899 train_ler=0.941 lr=2.98e-04 2.8 it/s
[  12400] loss=0.6867 logical=0.6015 leak=0.0852 train_ler=0.941 lr=2.98e-04 2.8 it/s
[  12500] loss=0.6964 logical=0.6073 leak=0.0891 train_ler=0.957 lr=2.98e-04 2.8 it/s
[  12600] loss=0.6920 logical=0.6047 leak=0.0873 train_ler=0.969 lr=2.97e-04 2.8 it/s
[  12700] loss=0.6850 logical=0.5934 leak=0.0916 train_ler=0.949 lr=2.97e-04 2.8 it/s
[  12800] loss=0.6910 logical=0.5990 leak=0.0920 train_ler=0.961 lr=2.97e-04 2.8 it/s
[  12900] loss=0.6928 logical=0.6047 leak=0.0881 train_ler=0.938 lr=2.97e-04 2.8 it/s
[  13000] loss=0.7131 logical=0.6197 leak=0.0934 train_ler=0.973 lr=2.97e-04 2.8 it/s
[  13100] loss=0.6878 logical=0.6010 leak=0.0868 train_ler=0.965 lr=2.97e-04 2.8 it/s
[  13200] loss=0.7060 logical=0.6147 leak=0.0913 train_ler=0.969 lr=2.97e-04 2.8 it/s
[  13300] loss=0.6751 logical=0.5867 leak=0.0884 train_ler=0.945 lr=2.97e-04 2.8 it/s
[  13400] loss=0.6893 logical=0.5958 leak=0.0935 train_ler=0.945 lr=2.97e-04 2.8 it/s
[  13500] loss=0.6865 logical=0.5992 leak=0.0873 train_ler=0.949 lr=2.97e-04 2.8 it/s
[  13600] loss=0.6859 logical=0.5956 leak=0.0903 train_ler=0.961 lr=2.97e-04 2.8 it/s
[  13700] loss=0.6813 logical=0.5941 leak=0.0872 train_ler=0.973 lr=2.97e-04 2.8 it/s
[  13800] loss=0.7129 logical=0.6226 leak=0.0903 train_ler=0.980 lr=2.97e-04 2.8 it/s
[  13900] loss=0.7098 logical=0.6222 leak=0.0876 train_ler=0.977 lr=2.97e-04 2.8 it/s
[  14000] loss=0.6879 logical=0.5981 leak=0.0898 train_ler=0.949 lr=2.97e-04 2.8 it/s
[  14100] loss=0.6770 logical=0.5868 leak=0.0902 train_ler=0.949 lr=2.97e-04 2.8 it/s
[  14200] loss=0.6859 logical=0.5983 leak=0.0876 train_ler=0.957 lr=2.97e-04 2.8 it/s
[  14300] loss=0.6849 logical=0.5951 leak=0.0898 train_ler=0.961 lr=2.97e-04 2.8 it/s
[  14400] loss=0.7027 logical=0.6110 leak=0.0916 train_ler=0.949 lr=2.97e-04 2.8 it/s
[  14500] loss=0.6790 logical=0.5922 leak=0.0869 train_ler=0.949 lr=2.97e-04 2.8 it/s
[  14600] loss=0.7041 logical=0.6169 leak=0.0872 train_ler=0.973 lr=2.97e-04 2.8 it/s
[  14700] loss=0.6984 logical=0.6102 leak=0.0882 train_ler=0.961 lr=2.97e-04 2.8 it/s
[  14800] loss=0.6965 logical=0.6089 leak=0.0876 train_ler=0.973 lr=2.96e-04 2.8 it/s
[  14900] loss=0.6965 logical=0.6073 leak=0.0892 train_ler=0.957 lr=2.96e-04 2.8 it/s
[eval 15000] val LER=0.9578 (19156/20000) leak P/R=0.688/0.015 | T2-2 shots LER=0.9630 (1926/2000)  [B1 0.159, ORC 0.106]
[  15000] loss=0.6920 logical=0.6008 leak=0.0913 train_ler=0.953 lr=2.96e-04 278.8 it/s
[  15100] loss=0.6945 logical=0.6038 leak=0.0907 train_ler=0.961 lr=2.96e-04 2.8 it/s
[  15200] loss=0.6924 logical=0.6050 leak=0.0875 train_ler=0.965 lr=2.96e-04 2.8 it/s
[  15300] loss=0.6987 logical=0.6064 leak=0.0923 train_ler=0.961 lr=2.96e-04 2.8 it/s
[  15400] loss=0.6757 logical=0.5889 leak=0.0868 train_ler=0.949 lr=2.96e-04 2.8 it/s
[  15500] loss=0.6942 logical=0.6058 leak=0.0883 train_ler=0.977 lr=2.96e-04 2.8 it/s
[  15600] loss=0.6863 logical=0.5956 leak=0.0907 train_ler=0.961 lr=2.96e-04 2.8 it/s
[  15700] loss=0.6770 logical=0.5920 leak=0.0850 train_ler=0.957 lr=2.96e-04 2.8 it/s
[  15800] loss=0.6679 logical=0.5779 leak=0.0900 train_ler=0.949 lr=2.96e-04 2.8 it/s
[  15900] loss=0.6972 logical=0.6078 leak=0.0895 train_ler=0.977 lr=2.96e-04 2.8 it/s
[  16000] loss=0.7018 logical=0.6105 leak=0.0913 train_ler=0.949 lr=2.96e-04 2.8 it/s
[  16100] loss=0.6616 logical=0.5743 leak=0.0873 train_ler=0.934 lr=2.96e-04 2.8 it/s
[  16200] loss=0.6750 logical=0.5812 leak=0.0938 train_ler=0.934 lr=2.96e-04 2.8 it/s
[  16300] loss=0.6802 logical=0.5900 leak=0.0902 train_ler=0.934 lr=2.96e-04 2.8 it/s
[  16400] loss=0.7082 logical=0.6140 leak=0.0942 train_ler=0.977 lr=2.96e-04 2.8 it/s
[  16500] loss=0.6853 logical=0.5934 leak=0.0919 train_ler=0.938 lr=2.96e-04 2.8 it/s
[  16600] loss=0.6841 logical=0.5929 leak=0.0912 train_ler=0.949 lr=2.95e-04 2.8 it/s
[  16700] loss=0.6928 logical=0.6019 leak=0.0909 train_ler=0.953 lr=2.95e-04 2.8 it/s
[  16800] loss=0.6746 logical=0.5835 leak=0.0911 train_ler=0.938 lr=2.95e-04 2.8 it/s
[  16900] loss=0.7027 logical=0.6120 leak=0.0907 train_ler=0.980 lr=2.95e-04 2.8 it/s
[  17000] loss=0.6866 logical=0.5988 leak=0.0878 train_ler=0.957 lr=2.95e-04 2.8 it/s
[  17100] loss=0.6800 logical=0.5911 leak=0.0888 train_ler=0.953 lr=2.95e-04 2.8 it/s
[  17200] loss=0.6803 logical=0.5901 leak=0.0902 train_ler=0.949 lr=2.95e-04 2.8 it/s
[  17300] loss=0.6589 logical=0.5725 leak=0.0863 train_ler=0.934 lr=2.95e-04 2.8 it/s
[  17400] loss=0.7006 logical=0.6136 leak=0.0869 train_ler=0.961 lr=2.95e-04 2.8 it/s
[  17500] loss=0.7024 logical=0.6145 leak=0.0879 train_ler=0.957 lr=2.95e-04 2.8 it/s
[  17600] loss=0.6845 logical=0.5915 leak=0.0930 train_ler=0.953 lr=2.95e-04 2.8 it/s
[  17700] loss=0.6892 logical=0.5982 leak=0.0910 train_ler=0.969 lr=2.95e-04 2.8 it/s
[  17800] loss=0.6758 logical=0.5833 leak=0.0924 train_ler=0.938 lr=2.95e-04 2.8 it/s
[  17900] loss=0.6780 logical=0.5892 leak=0.0889 train_ler=0.957 lr=2.95e-04 2.8 it/s
[  18000] loss=0.6910 logical=0.6028 leak=0.0882 train_ler=0.965 lr=2.95e-04 2.8 it/s
[  18100] loss=0.6747 logical=0.5882 leak=0.0865 train_ler=0.965 lr=2.95e-04 2.8 it/s
[  18200] loss=0.6861 logical=0.5972 leak=0.0889 train_ler=0.969 lr=2.95e-04 2.8 it/s
[  18300] loss=0.6850 logical=0.5928 leak=0.0922 train_ler=0.953 lr=2.94e-04 2.8 it/s
[  18400] loss=0.6911 logical=0.6000 leak=0.0911 train_ler=0.973 lr=2.94e-04 2.8 it/s
[  18500] loss=0.6822 logical=0.5961 leak=0.0861 train_ler=0.945 lr=2.94e-04 2.8 it/s
[  18600] loss=0.6877 logical=0.5971 leak=0.0905 train_ler=0.941 lr=2.94e-04 2.8 it/s
[  18700] loss=0.6767 logical=0.5849 leak=0.0918 train_ler=0.926 lr=2.94e-04 2.8 it/s
[  18800] loss=0.6971 logical=0.5998 leak=0.0974 train_ler=0.965 lr=2.94e-04 2.8 it/s
[  18900] loss=0.6786 logical=0.5924 leak=0.0863 train_ler=0.973 lr=2.94e-04 2.8 it/s
[  19000] loss=0.6657 logical=0.5788 leak=0.0870 train_ler=0.930 lr=2.94e-04 2.8 it/s
[  19100] loss=0.6787 logical=0.5937 leak=0.0850 train_ler=0.938 lr=2.94e-04 2.8 it/s
[  19200] loss=0.6799 logical=0.5893 leak=0.0906 train_ler=0.945 lr=2.94e-04 2.8 it/s
[  19300] loss=0.6787 logical=0.5857 leak=0.0930 train_ler=0.957 lr=2.94e-04 2.8 it/s
[  19400] loss=0.6759 logical=0.5865 leak=0.0894 train_ler=0.953 lr=2.94e-04 2.8 it/s
[  19500] loss=0.7058 logical=0.6150 leak=0.0908 train_ler=0.969 lr=2.94e-04 2.8 it/s
[  19600] loss=0.6830 logical=0.5939 leak=0.0891 train_ler=0.941 lr=2.94e-04 2.8 it/s
[  19700] loss=0.6763 logical=0.5849 leak=0.0914 train_ler=0.941 lr=2.94e-04 2.8 it/s
[  19800] loss=0.6825 logical=0.5938 leak=0.0887 train_ler=0.949 lr=2.93e-04 2.8 it/s
[  19900] loss=0.6658 logical=0.5810 leak=0.0848 train_ler=0.922 lr=2.93e-04 2.8 it/s
[eval 20000] val LER=0.9513 (19025/20000) leak P/R=0.682/0.015 | T2-2 shots LER=0.9550 (1910/2000)  [B1 0.159, ORC 0.106]
[  20000] loss=0.6989 logical=0.6076 leak=0.0913 train_ler=0.953 lr=2.93e-04 283.5 it/s
[  20100] loss=0.7029 logical=0.6130 leak=0.0899 train_ler=0.957 lr=2.93e-04 2.8 it/s
[  20200] loss=0.6795 logical=0.5893 leak=0.0903 train_ler=0.945 lr=2.93e-04 2.8 it/s
[  20300] loss=0.6950 logical=0.6052 leak=0.0898 train_ler=0.961 lr=2.93e-04 2.8 it/s
[  20400] loss=0.6737 logical=0.5854 leak=0.0883 train_ler=0.941 lr=2.93e-04 2.8 it/s
[  20500] loss=0.6938 logical=0.6033 leak=0.0905 train_ler=0.953 lr=2.93e-04 2.8 it/s
[  20600] loss=0.6674 logical=0.5822 leak=0.0851 train_ler=0.953 lr=2.93e-04 2.8 it/s
[  20700] loss=0.6968 logical=0.6094 leak=0.0874 train_ler=0.965 lr=2.93e-04 2.8 it/s
[  20800] loss=0.6868 logical=0.5947 leak=0.0921 train_ler=0.953 lr=2.93e-04 2.8 it/s
[  20900] loss=0.6900 logical=0.6046 leak=0.0854 train_ler=0.961 lr=2.93e-04 2.8 it/s
[  21000] loss=0.6759 logical=0.5898 leak=0.0862 train_ler=0.953 lr=2.93e-04 2.8 it/s
[  21100] loss=0.6788 logical=0.5906 leak=0.0882 train_ler=0.945 lr=2.93e-04 2.8 it/s
[  21200] loss=0.6758 logical=0.5850 leak=0.0908 train_ler=0.953 lr=2.92e-04 2.8 it/s
[  21300] loss=0.6779 logical=0.5868 leak=0.0911 train_ler=0.949 lr=2.92e-04 2.8 it/s
[  21400] loss=0.6900 logical=0.6005 leak=0.0895 train_ler=0.973 lr=2.92e-04 2.8 it/s
[  21500] loss=0.6897 logical=0.6036 leak=0.0862 train_ler=0.953 lr=2.92e-04 2.8 it/s
[  21600] loss=0.6877 logical=0.5977 leak=0.0900 train_ler=0.945 lr=2.92e-04 2.8 it/s
[  21700] loss=0.6758 logical=0.5881 leak=0.0877 train_ler=0.941 lr=2.92e-04 2.8 it/s
[  21800] loss=0.6934 logical=0.6061 leak=0.0873 train_ler=0.969 lr=2.92e-04 2.8 it/s
[  21900] loss=0.6753 logical=0.5886 leak=0.0867 train_ler=0.938 lr=2.92e-04 2.8 it/s
[  22000] loss=0.6967 logical=0.6080 leak=0.0887 train_ler=0.957 lr=2.92e-04 2.8 it/s
[  22100] loss=0.6947 logical=0.6035 leak=0.0913 train_ler=0.945 lr=2.92e-04 2.8 it/s
[  22200] loss=0.6764 logical=0.5890 leak=0.0874 train_ler=0.949 lr=2.92e-04 2.8 it/s
[  22300] loss=0.6718 logical=0.5817 leak=0.0901 train_ler=0.953 lr=2.92e-04 2.8 it/s
[  22400] loss=0.6585 logical=0.5678 leak=0.0907 train_ler=0.922 lr=2.92e-04 2.8 it/s
[  22500] loss=0.6596 logical=0.5691 leak=0.0905 train_ler=0.930 lr=2.91e-04 2.8 it/s
[  22600] loss=0.6933 logical=0.6015 leak=0.0918 train_ler=0.957 lr=2.91e-04 2.8 it/s
[  22700] loss=0.6674 logical=0.5749 leak=0.0925 train_ler=0.930 lr=2.91e-04 2.8 it/s
[  22800] loss=0.6697 logical=0.5809 leak=0.0888 train_ler=0.941 lr=2.91e-04 2.8 it/s
[  22900] loss=0.6665 logical=0.5757 leak=0.0908 train_ler=0.934 lr=2.91e-04 2.8 it/s
[  23000] loss=0.6671 logical=0.5774 leak=0.0897 train_ler=0.934 lr=2.91e-04 2.8 it/s
[  23100] loss=0.6675 logical=0.5808 leak=0.0867 train_ler=0.957 lr=2.91e-04 2.8 it/s
[  23200] loss=0.6657 logical=0.5770 leak=0.0887 train_ler=0.930 lr=2.91e-04 2.8 it/s
[  23300] loss=0.6853 logical=0.5933 leak=0.0920 train_ler=0.945 lr=2.91e-04 2.8 it/s
[  23400] loss=0.6707 logical=0.5784 leak=0.0922 train_ler=0.930 lr=2.91e-04 2.8 it/s
[  23500] loss=0.6860 logical=0.5936 leak=0.0923 train_ler=0.945 lr=2.91e-04 2.8 it/s
[  23600] loss=0.6762 logical=0.5860 leak=0.0902 train_ler=0.949 lr=2.91e-04 2.8 it/s
[  23700] loss=0.6709 logical=0.5814 leak=0.0895 train_ler=0.965 lr=2.90e-04 2.8 it/s
[  23800] loss=0.6916 logical=0.6002 leak=0.0914 train_ler=0.961 lr=2.90e-04 2.8 it/s
[  23900] loss=0.6880 logical=0.5987 leak=0.0892 train_ler=0.961 lr=2.90e-04 2.8 it/s
[  24000] loss=0.6838 logical=0.5904 leak=0.0933 train_ler=0.941 lr=2.90e-04 2.8 it/s
[  24100] loss=0.6968 logical=0.6084 leak=0.0884 train_ler=0.969 lr=2.90e-04 2.8 it/s
[  24200] loss=0.6570 logical=0.5749 leak=0.0821 train_ler=0.926 lr=2.90e-04 2.8 it/s
[  24300] loss=0.6834 logical=0.5917 leak=0.0917 train_ler=0.961 lr=2.90e-04 2.8 it/s
[  24400] loss=0.6923 logical=0.6015 leak=0.0908 train_ler=0.961 lr=2.90e-04 2.8 it/s
[  24500] loss=0.6870 logical=0.5963 leak=0.0907 train_ler=0.969 lr=2.90e-04 2.8 it/s
[  24600] loss=0.6900 logical=0.6027 leak=0.0873 train_ler=0.953 lr=2.90e-04 2.8 it/s
[  24700] loss=0.6762 logical=0.5904 leak=0.0858 train_ler=0.961 lr=2.90e-04 2.8 it/s
[  24800] loss=0.6591 logical=0.5684 leak=0.0907 train_ler=0.938 lr=2.90e-04 2.8 it/s
[  24900] loss=0.6580 logical=0.5715 leak=0.0865 train_ler=0.945 lr=2.89e-04 2.8 it/s
[eval 25000] val LER=0.9485 (18970/20000) leak P/R=0.722/0.013 | T2-2 shots LER=0.9530 (1906/2000)  [B1 0.159, ORC 0.106]
[  25000] loss=0.6766 logical=0.5859 leak=0.0908 train_ler=0.945 lr=2.89e-04 278.4 it/s
[  25100] loss=0.6727 logical=0.5816 leak=0.0912 train_ler=0.941 lr=2.89e-04 2.8 it/s
[  25200] loss=0.6810 logical=0.5918 leak=0.0892 train_ler=0.965 lr=2.89e-04 2.8 it/s
[  25300] loss=0.6877 logical=0.5966 leak=0.0910 train_ler=0.945 lr=2.89e-04 2.8 it/s
[  25400] loss=0.6812 logical=0.5924 leak=0.0887 train_ler=0.957 lr=2.89e-04 2.8 it/s
[  25500] loss=0.6604 logical=0.5666 leak=0.0938 train_ler=0.938 lr=2.89e-04 2.8 it/s
[  25600] loss=0.6699 logical=0.5814 leak=0.0886 train_ler=0.941 lr=2.89e-04 2.8 it/s
[  25700] loss=0.6993 logical=0.6067 leak=0.0925 train_ler=0.961 lr=2.89e-04 2.8 it/s
[  25800] loss=0.6715 logical=0.5824 leak=0.0891 train_ler=0.930 lr=2.89e-04 2.8 it/s
[  25900] loss=0.6830 logical=0.5968 leak=0.0863 train_ler=0.961 lr=2.89e-04 2.8 it/s
[  26000] loss=0.6695 logical=0.5801 leak=0.0894 train_ler=0.926 lr=2.88e-04 2.8 it/s
[  26100] loss=0.6874 logical=0.5987 leak=0.0886 train_ler=0.953 lr=2.88e-04 2.8 it/s
[  26200] loss=0.6563 logical=0.5674 leak=0.0889 train_ler=0.914 lr=2.88e-04 2.8 it/s
[  26300] loss=0.6852 logical=0.5891 leak=0.0961 train_ler=0.938 lr=2.88e-04 2.8 it/s
[  26400] loss=0.6623 logical=0.5779 leak=0.0845 train_ler=0.953 lr=2.88e-04 2.8 it/s
[  26500] loss=0.6838 logical=0.5928 leak=0.0910 train_ler=0.961 lr=2.88e-04 2.8 it/s
[  26600] loss=0.6755 logical=0.5853 leak=0.0902 train_ler=0.938 lr=2.88e-04 2.8 it/s
[  26700] loss=0.6761 logical=0.5886 leak=0.0875 train_ler=0.945 lr=2.88e-04 2.8 it/s
[  26800] loss=0.6711 logical=0.5754 leak=0.0957 train_ler=0.938 lr=2.88e-04 2.8 it/s
[  26900] loss=0.6636 logical=0.5746 leak=0.0890 train_ler=0.930 lr=2.88e-04 2.8 it/s
[  27000] loss=0.6712 logical=0.5851 leak=0.0862 train_ler=0.949 lr=2.88e-04 2.8 it/s
[  27100] loss=0.6640 logical=0.5765 leak=0.0875 train_ler=0.938 lr=2.87e-04 2.8 it/s
[  27200] loss=0.6780 logical=0.5849 leak=0.0931 train_ler=0.938 lr=2.87e-04 2.8 it/s
[  27300] loss=0.6877 logical=0.5944 leak=0.0933 train_ler=0.941 lr=2.87e-04 2.8 it/s
[  27400] loss=0.6643 logical=0.5752 leak=0.0891 train_ler=0.930 lr=2.87e-04 2.8 it/s
[  27500] loss=0.6770 logical=0.5875 leak=0.0895 train_ler=0.949 lr=2.87e-04 2.8 it/s
[  27600] loss=0.6723 logical=0.5809 leak=0.0913 train_ler=0.938 lr=2.87e-04 2.8 it/s
[  27700] loss=0.6842 logical=0.6004 leak=0.0838 train_ler=0.957 lr=2.87e-04 2.8 it/s
[  27800] loss=0.6828 logical=0.5948 leak=0.0880 train_ler=0.957 lr=2.87e-04 2.8 it/s
[  27900] loss=0.6852 logical=0.5947 leak=0.0904 train_ler=0.949 lr=2.87e-04 2.8 it/s
[  28000] loss=0.6873 logical=0.5955 leak=0.0918 train_ler=0.961 lr=2.87e-04 2.8 it/s
[  28100] loss=0.6747 logical=0.5851 leak=0.0896 train_ler=0.926 lr=2.86e-04 2.8 it/s
[  28200] loss=0.6939 logical=0.6036 leak=0.0903 train_ler=0.949 lr=2.86e-04 2.8 it/s
[  28300] loss=0.6865 logical=0.5984 leak=0.0881 train_ler=0.961 lr=2.86e-04 2.8 it/s
[  28400] loss=0.6632 logical=0.5745 leak=0.0887 train_ler=0.945 lr=2.86e-04 2.8 it/s
[  28500] loss=0.6753 logical=0.5851 leak=0.0902 train_ler=0.938 lr=2.86e-04 2.8 it/s
[  28600] loss=0.6571 logical=0.5657 leak=0.0914 train_ler=0.938 lr=2.86e-04 2.8 it/s
[  28700] loss=0.6570 logical=0.5741 leak=0.0829 train_ler=0.926 lr=2.86e-04 2.8 it/s
[  28800] loss=0.6713 logical=0.5829 leak=0.0884 train_ler=0.953 lr=2.86e-04 2.8 it/s
[  28900] loss=0.6779 logical=0.5856 leak=0.0923 train_ler=0.957 lr=2.86e-04 2.8 it/s
[  29000] loss=0.6732 logical=0.5858 leak=0.0874 train_ler=0.934 lr=2.86e-04 2.8 it/s
[  29100] loss=0.6801 logical=0.5876 leak=0.0924 train_ler=0.961 lr=2.85e-04 2.8 it/s
[  29200] loss=0.6775 logical=0.5884 leak=0.0891 train_ler=0.945 lr=2.85e-04 2.8 it/s
[  29300] loss=0.6769 logical=0.5882 leak=0.0887 train_ler=0.930 lr=2.85e-04 2.8 it/s
[  29400] loss=0.6699 logical=0.5826 leak=0.0874 train_ler=0.941 lr=2.85e-04 2.8 it/s
[  29500] loss=0.6785 logical=0.5882 leak=0.0903 train_ler=0.945 lr=2.85e-04 2.8 it/s
[  29600] loss=0.6642 logical=0.5740 leak=0.0901 train_ler=0.941 lr=2.85e-04 2.8 it/s
[  29700] loss=0.6563 logical=0.5688 leak=0.0875 train_ler=0.930 lr=2.85e-04 2.8 it/s
[  29800] loss=0.6684 logical=0.5801 leak=0.0883 train_ler=0.922 lr=2.85e-04 2.8 it/s
[  29900] loss=0.6855 logical=0.5926 leak=0.0930 train_ler=0.961 lr=2.85e-04 2.8 it/s
[eval 30000] val LER=0.9428 (18856/20000) leak P/R=0.692/0.014 | T2-2 shots LER=0.9420 (1884/2000)  [B1 0.159, ORC 0.106]
[  30000] loss=0.6680 logical=0.5770 leak=0.0910 train_ler=0.934 lr=2.85e-04 279.0 it/s
[  30100] loss=0.6958 logical=0.6072 leak=0.0887 train_ler=0.938 lr=2.84e-04 2.8 it/s
[  30200] loss=0.6703 logical=0.5835 leak=0.0867 train_ler=0.949 lr=2.84e-04 2.8 it/s
[  30300] loss=0.6591 logical=0.5707 leak=0.0884 train_ler=0.922 lr=2.84e-04 2.8 it/s
[  30400] loss=0.6699 logical=0.5822 leak=0.0877 train_ler=0.934 lr=2.84e-04 2.8 it/s
[  30500] loss=0.6872 logical=0.5952 leak=0.0920 train_ler=0.973 lr=2.84e-04 2.8 it/s
[  30600] loss=0.6685 logical=0.5797 leak=0.0888 train_ler=0.941 lr=2.84e-04 2.8 it/s
[  30700] loss=0.6522 logical=0.5639 leak=0.0883 train_ler=0.930 lr=2.84e-04 2.8 it/s
[  30800] loss=0.6804 logical=0.5929 leak=0.0875 train_ler=0.953 lr=2.84e-04 2.8 it/s
[  30900] loss=0.6715 logical=0.5784 leak=0.0931 train_ler=0.926 lr=2.84e-04 2.8 it/s
[  31000] loss=0.6762 logical=0.5843 leak=0.0919 train_ler=0.949 lr=2.83e-04 2.8 it/s
[  31100] loss=0.6625 logical=0.5745 leak=0.0880 train_ler=0.930 lr=2.83e-04 2.8 it/s
[  31200] loss=0.6676 logical=0.5744 leak=0.0932 train_ler=0.934 lr=2.83e-04 2.8 it/s
[  31300] loss=0.6640 logical=0.5726 leak=0.0914 train_ler=0.926 lr=2.83e-04 2.8 it/s
[  31400] loss=0.6797 logical=0.5886 leak=0.0911 train_ler=0.957 lr=2.83e-04 2.8 it/s
[  31500] loss=0.6637 logical=0.5763 leak=0.0874 train_ler=0.941 lr=2.83e-04 2.8 it/s
[  31600] loss=0.6792 logical=0.5926 leak=0.0866 train_ler=0.938 lr=2.83e-04 2.8 it/s
[  31700] loss=0.6717 logical=0.5824 leak=0.0892 train_ler=0.930 lr=2.83e-04 2.8 it/s
[  31800] loss=0.6670 logical=0.5763 leak=0.0906 train_ler=0.957 lr=2.83e-04 2.8 it/s
[  31900] loss=0.6869 logical=0.5964 leak=0.0905 train_ler=0.938 lr=2.83e-04 2.8 it/s
[  32000] loss=0.6889 logical=0.5996 leak=0.0893 train_ler=0.949 lr=2.82e-04 2.8 it/s
[  32100] loss=0.6786 logical=0.5901 leak=0.0886 train_ler=0.953 lr=2.82e-04 2.8 it/s
[  32200] loss=0.6810 logical=0.5944 leak=0.0866 train_ler=0.957 lr=2.82e-04 2.8 it/s
[  32300] loss=0.6698 logical=0.5844 leak=0.0854 train_ler=0.945 lr=2.82e-04 2.8 it/s
[  32400] loss=0.6864 logical=0.5993 leak=0.0870 train_ler=0.930 lr=2.82e-04 2.8 it/s
[  32500] loss=0.6460 logical=0.5575 leak=0.0885 train_ler=0.914 lr=2.82e-04 2.8 it/s
[  32600] loss=0.6713 logical=0.5813 leak=0.0899 train_ler=0.938 lr=2.82e-04 2.8 it/s
[  32700] loss=0.6823 logical=0.5908 leak=0.0916 train_ler=0.945 lr=2.82e-04 2.8 it/s
[  32800] loss=0.6803 logical=0.5878 leak=0.0925 train_ler=0.941 lr=2.81e-04 2.8 it/s
[  32900] loss=0.6594 logical=0.5721 leak=0.0873 train_ler=0.926 lr=2.81e-04 2.8 it/s
[  33000] loss=0.6626 logical=0.5749 leak=0.0877 train_ler=0.941 lr=2.81e-04 2.8 it/s
[  33100] loss=0.6744 logical=0.5866 leak=0.0878 train_ler=0.938 lr=2.81e-04 2.8 it/s
[  33200] loss=0.6514 logical=0.5624 leak=0.0890 train_ler=0.926 lr=2.81e-04 2.8 it/s
[  33300] loss=0.6614 logical=0.5721 leak=0.0893 train_ler=0.918 lr=2.81e-04 2.8 it/s
[  33400] loss=0.6798 logical=0.5896 leak=0.0902 train_ler=0.938 lr=2.81e-04 2.8 it/s
[  33500] loss=0.6528 logical=0.5658 leak=0.0870 train_ler=0.926 lr=2.81e-04 2.8 it/s
[  33600] loss=0.6589 logical=0.5684 leak=0.0905 train_ler=0.922 lr=2.81e-04 2.8 it/s
[  33700] loss=0.6401 logical=0.5515 leak=0.0886 train_ler=0.926 lr=2.80e-04 2.8 it/s
[  33800] loss=0.6828 logical=0.5903 leak=0.0924 train_ler=0.941 lr=2.80e-04 2.8 it/s
[  33900] loss=0.6671 logical=0.5776 leak=0.0894 train_ler=0.945 lr=2.80e-04 2.8 it/s
[  34000] loss=0.6684 logical=0.5829 leak=0.0855 train_ler=0.922 lr=2.80e-04 2.8 it/s
[  34100] loss=0.6476 logical=0.5609 leak=0.0867 train_ler=0.938 lr=2.80e-04 2.8 it/s
[  34200] loss=0.6756 logical=0.5872 leak=0.0885 train_ler=0.941 lr=2.80e-04 2.8 it/s
[  34300] loss=0.6631 logical=0.5727 leak=0.0903 train_ler=0.914 lr=2.80e-04 2.8 it/s
[  34400] loss=0.6639 logical=0.5713 leak=0.0926 train_ler=0.934 lr=2.80e-04 2.8 it/s
[  34500] loss=0.6880 logical=0.5981 leak=0.0900 train_ler=0.965 lr=2.80e-04 2.8 it/s
[  34600] loss=0.6968 logical=0.6054 leak=0.0914 train_ler=0.969 lr=2.79e-04 2.8 it/s
[  34700] loss=0.6535 logical=0.5638 leak=0.0897 train_ler=0.918 lr=2.79e-04 2.8 it/s
[  34800] loss=0.6590 logical=0.5685 leak=0.0905 train_ler=0.938 lr=2.79e-04 2.8 it/s
[  34900] loss=0.6751 logical=0.5889 leak=0.0863 train_ler=0.945 lr=2.79e-04 2.8 it/s
[eval 35000] val LER=0.9372 (18744/20000) leak P/R=0.714/0.013 | T2-2 shots LER=0.9380 (1876/2000)  [B1 0.159, ORC 0.106]
[  35000] loss=0.6585 logical=0.5648 leak=0.0937 train_ler=0.926 lr=2.79e-04 275.4 it/s
[  35100] loss=0.6839 logical=0.5954 leak=0.0884 train_ler=0.930 lr=2.79e-04 2.8 it/s
[  35200] loss=0.6668 logical=0.5753 leak=0.0915 train_ler=0.945 lr=2.79e-04 2.8 it/s
[  35300] loss=0.6653 logical=0.5747 leak=0.0906 train_ler=0.945 lr=2.79e-04 2.8 it/s
[  35400] loss=0.6676 logical=0.5802 leak=0.0875 train_ler=0.922 lr=2.78e-04 2.8 it/s
[  35500] loss=0.6941 logical=0.6004 leak=0.0937 train_ler=0.953 lr=2.78e-04 2.8 it/s
[  35600] loss=0.6735 logical=0.5868 leak=0.0867 train_ler=0.934 lr=2.78e-04 2.8 it/s
[  35700] loss=0.6630 logical=0.5775 leak=0.0854 train_ler=0.906 lr=2.78e-04 2.8 it/s
[  35800] loss=0.6989 logical=0.6087 leak=0.0902 train_ler=0.953 lr=2.78e-04 2.8 it/s
[  35900] loss=0.6494 logical=0.5616 leak=0.0877 train_ler=0.926 lr=2.78e-04 2.8 it/s
[  36000] loss=0.6753 logical=0.5832 leak=0.0921 train_ler=0.941 lr=2.78e-04 2.8 it/s
[  36100] loss=0.6565 logical=0.5658 leak=0.0907 train_ler=0.914 lr=2.78e-04 2.8 it/s
[  36200] loss=0.6649 logical=0.5762 leak=0.0886 train_ler=0.941 lr=2.77e-04 2.8 it/s
[  36300] loss=0.6997 logical=0.6112 leak=0.0884 train_ler=0.949 lr=2.77e-04 2.8 it/s
[  36400] loss=0.6951 logical=0.6001 leak=0.0950 train_ler=0.945 lr=2.77e-04 2.8 it/s
[  36500] loss=0.6694 logical=0.5772 leak=0.0923 train_ler=0.957 lr=2.77e-04 2.8 it/s
[  36600] loss=0.6816 logical=0.5901 leak=0.0916 train_ler=0.941 lr=2.77e-04 2.8 it/s
[  36700] loss=0.6760 logical=0.5869 leak=0.0891 train_ler=0.949 lr=2.77e-04 2.8 it/s
[  36800] loss=0.6825 logical=0.5947 leak=0.0879 train_ler=0.938 lr=2.77e-04 2.8 it/s
[  36900] loss=0.6558 logical=0.5645 leak=0.0913 train_ler=0.930 lr=2.77e-04 2.8 it/s
[  37000] loss=0.6437 logical=0.5535 leak=0.0903 train_ler=0.926 lr=2.76e-04 2.8 it/s
[  37100] loss=0.6806 logical=0.5896 leak=0.0909 train_ler=0.938 lr=2.76e-04 2.8 it/s
[  37200] loss=0.6398 logical=0.5530 leak=0.0868 train_ler=0.910 lr=2.76e-04 2.8 it/s
[  37300] loss=0.6899 logical=0.5979 leak=0.0920 train_ler=0.949 lr=2.76e-04 2.8 it/s
[  37400] loss=0.6478 logical=0.5585 leak=0.0893 train_ler=0.898 lr=2.76e-04 2.8 it/s
[  37500] loss=0.6668 logical=0.5772 leak=0.0896 train_ler=0.934 lr=2.76e-04 2.8 it/s
[  37600] loss=0.6688 logical=0.5746 leak=0.0943 train_ler=0.930 lr=2.76e-04 2.8 it/s
[  37700] loss=0.6751 logical=0.5801 leak=0.0950 train_ler=0.949 lr=2.76e-04 2.8 it/s
[  37800] loss=0.6643 logical=0.5704 leak=0.0938 train_ler=0.914 lr=2.75e-04 2.8 it/s
[  37900] loss=0.6634 logical=0.5751 leak=0.0883 train_ler=0.938 lr=2.75e-04 2.8 it/s
[  38000] loss=0.6484 logical=0.5548 leak=0.0935 train_ler=0.918 lr=2.75e-04 2.8 it/s
[  38100] loss=0.6601 logical=0.5701 leak=0.0900 train_ler=0.930 lr=2.75e-04 2.8 it/s
[  38200] loss=0.6867 logical=0.5962 leak=0.0905 train_ler=0.957 lr=2.75e-04 2.8 it/s
[  38300] loss=0.6963 logical=0.6055 leak=0.0907 train_ler=0.949 lr=2.75e-04 2.8 it/s
[  38400] loss=0.6460 logical=0.5561 leak=0.0900 train_ler=0.902 lr=2.75e-04 2.8 it/s
[  38500] loss=0.6536 logical=0.5658 leak=0.0878 train_ler=0.918 lr=2.74e-04 2.8 it/s
[  38600] loss=0.6690 logical=0.5794 leak=0.0895 train_ler=0.938 lr=2.74e-04 2.8 it/s
[  38700] loss=0.6746 logical=0.5859 leak=0.0887 train_ler=0.957 lr=2.74e-04 2.8 it/s
[  38800] loss=0.6510 logical=0.5623 leak=0.0887 train_ler=0.910 lr=2.74e-04 2.8 it/s
[  38900] loss=0.6574 logical=0.5674 leak=0.0901 train_ler=0.930 lr=2.74e-04 2.8 it/s
[  39000] loss=0.6464 logical=0.5568 leak=0.0896 train_ler=0.910 lr=2.74e-04 2.8 it/s
[  39100] loss=0.6633 logical=0.5763 leak=0.0870 train_ler=0.953 lr=2.74e-04 2.8 it/s
[  39200] loss=0.6857 logical=0.5970 leak=0.0887 train_ler=0.949 lr=2.74e-04 2.8 it/s
[  39300] loss=0.6450 logical=0.5568 leak=0.0882 train_ler=0.891 lr=2.73e-04 2.8 it/s
[  39400] loss=0.6556 logical=0.5687 leak=0.0870 train_ler=0.938 lr=2.73e-04 2.8 it/s
[  39500] loss=0.6605 logical=0.5707 leak=0.0898 train_ler=0.930 lr=2.73e-04 2.8 it/s
[  39600] loss=0.6776 logical=0.5927 leak=0.0849 train_ler=0.957 lr=2.73e-04 2.8 it/s
[  39700] loss=0.6615 logical=0.5746 leak=0.0868 train_ler=0.902 lr=2.73e-04 2.8 it/s
[  39800] loss=0.6832 logical=0.5948 leak=0.0884 train_ler=0.938 lr=2.73e-04 2.8 it/s
[  39900] loss=0.6574 logical=0.5725 leak=0.0849 train_ler=0.926 lr=2.73e-04 2.8 it/s
[eval 40000] val LER=0.9372 (18744/20000) leak P/R=0.699/0.014 | T2-2 shots LER=0.9405 (1881/2000)  [B1 0.159, ORC 0.106]
[  40000] loss=0.6687 logical=0.5754 leak=0.0932 train_ler=0.941 lr=2.72e-04 280.9 it/s
[  40100] loss=0.6722 logical=0.5828 leak=0.0894 train_ler=0.953 lr=2.72e-04 2.8 it/s
[  40200] loss=0.6583 logical=0.5717 leak=0.0866 train_ler=0.945 lr=2.72e-04 2.8 it/s
[  40300] loss=0.6707 logical=0.5810 leak=0.0897 train_ler=0.945 lr=2.72e-04 2.8 it/s
[  40400] loss=0.6699 logical=0.5837 leak=0.0862 train_ler=0.930 lr=2.72e-04 2.8 it/s
[  40500] loss=0.6590 logical=0.5658 leak=0.0933 train_ler=0.922 lr=2.72e-04 2.8 it/s
[  40600] loss=0.6423 logical=0.5581 leak=0.0842 train_ler=0.902 lr=2.72e-04 2.8 it/s
[  40700] loss=0.6545 logical=0.5625 leak=0.0921 train_ler=0.914 lr=2.71e-04 2.8 it/s
[  40800] loss=0.6593 logical=0.5706 leak=0.0887 train_ler=0.926 lr=2.71e-04 2.8 it/s
[  40900] loss=0.6578 logical=0.5681 leak=0.0896 train_ler=0.922 lr=2.71e-04 2.8 it/s
[  41000] loss=0.6621 logical=0.5750 leak=0.0872 train_ler=0.934 lr=2.71e-04 2.8 it/s
[  41100] loss=0.6554 logical=0.5657 leak=0.0897 train_ler=0.926 lr=2.71e-04 2.8 it/s
[  41200] loss=0.6531 logical=0.5610 leak=0.0920 train_ler=0.922 lr=2.71e-04 2.8 it/s
[  41300] loss=0.6516 logical=0.5644 leak=0.0871 train_ler=0.914 lr=2.71e-04 2.8 it/s
[  41400] loss=0.6517 logical=0.5613 leak=0.0903 train_ler=0.906 lr=2.71e-04 2.8 it/s
[  41500] loss=0.6739 logical=0.5826 leak=0.0913 train_ler=0.949 lr=2.70e-04 2.8 it/s
[  41600] loss=0.6602 logical=0.5757 leak=0.0845 train_ler=0.918 lr=2.70e-04 2.8 it/s
[  41700] loss=0.6356 logical=0.5482 leak=0.0874 train_ler=0.902 lr=2.70e-04 2.8 it/s
[  41800] loss=0.6672 logical=0.5756 leak=0.0916 train_ler=0.938 lr=2.70e-04 2.8 it/s
[  41900] loss=0.6776 logical=0.5836 leak=0.0940 train_ler=0.938 lr=2.70e-04 2.8 it/s
[  42000] loss=0.6727 logical=0.5801 leak=0.0926 train_ler=0.941 lr=2.70e-04 2.8 it/s
[  42100] loss=0.6537 logical=0.5672 leak=0.0865 train_ler=0.906 lr=2.70e-04 2.8 it/s
[  42200] loss=0.6688 logical=0.5852 leak=0.0836 train_ler=0.941 lr=2.69e-04 2.8 it/s
[  42300] loss=0.6553 logical=0.5650 leak=0.0903 train_ler=0.926 lr=2.69e-04 2.8 it/s
[  42400] loss=0.6513 logical=0.5614 leak=0.0900 train_ler=0.910 lr=2.69e-04 2.8 it/s
[  42500] loss=0.6699 logical=0.5813 leak=0.0885 train_ler=0.941 lr=2.69e-04 2.8 it/s
[  42600] loss=0.6836 logical=0.5959 leak=0.0877 train_ler=0.961 lr=2.69e-04 2.8 it/s
[  42700] loss=0.6553 logical=0.5669 leak=0.0885 train_ler=0.945 lr=2.69e-04 2.8 it/s
[  42800] loss=0.6525 logical=0.5623 leak=0.0902 train_ler=0.930 lr=2.69e-04 2.8 it/s
[  42900] loss=0.6742 logical=0.5843 leak=0.0899 train_ler=0.941 lr=2.68e-04 2.8 it/s
[  43000] loss=0.6709 logical=0.5810 leak=0.0900 train_ler=0.934 lr=2.68e-04 2.8 it/s
[  43100] loss=0.6744 logical=0.5847 leak=0.0897 train_ler=0.934 lr=2.68e-04 2.8 it/s
[  43200] loss=0.6752 logical=0.5853 leak=0.0899 train_ler=0.930 lr=2.68e-04 2.8 it/s
[  43300] loss=0.6538 logical=0.5639 leak=0.0898 train_ler=0.941 lr=2.68e-04 2.8 it/s
[  43400] loss=0.6342 logical=0.5436 leak=0.0906 train_ler=0.887 lr=2.68e-04 2.8 it/s
[  43500] loss=0.6700 logical=0.5807 leak=0.0893 train_ler=0.934 lr=2.67e-04 2.8 it/s
[  43600] loss=0.6606 logical=0.5722 leak=0.0884 train_ler=0.930 lr=2.67e-04 2.8 it/s
[  43700] loss=0.6412 logical=0.5559 leak=0.0853 train_ler=0.898 lr=2.67e-04 2.8 it/s
[  43800] loss=0.6426 logical=0.5482 leak=0.0944 train_ler=0.883 lr=2.67e-04 2.8 it/s
[  43900] loss=0.6727 logical=0.5837 leak=0.0890 train_ler=0.949 lr=2.67e-04 2.8 it/s
[  44000] loss=0.6692 logical=0.5836 leak=0.0855 train_ler=0.949 lr=2.67e-04 2.8 it/s
[  44100] loss=0.6725 logical=0.5837 leak=0.0889 train_ler=0.926 lr=2.67e-04 2.8 it/s
[  44200] loss=0.6724 logical=0.5805 leak=0.0918 train_ler=0.934 lr=2.66e-04 2.8 it/s
[  44300] loss=0.6777 logical=0.5902 leak=0.0875 train_ler=0.934 lr=2.66e-04 2.8 it/s
[  44400] loss=0.6526 logical=0.5568 leak=0.0958 train_ler=0.906 lr=2.66e-04 2.8 it/s
[  44500] loss=0.6592 logical=0.5692 leak=0.0901 train_ler=0.930 lr=2.66e-04 2.8 it/s
[  44600] loss=0.6663 logical=0.5794 leak=0.0869 train_ler=0.938 lr=2.66e-04 2.8 it/s
[  44700] loss=0.6578 logical=0.5692 leak=0.0886 train_ler=0.934 lr=2.66e-04 2.8 it/s
[  44800] loss=0.6485 logical=0.5602 leak=0.0883 train_ler=0.941 lr=2.66e-04 2.8 it/s
[  44900] loss=0.6882 logical=0.5944 leak=0.0938 train_ler=0.949 lr=2.65e-04 2.8 it/s
[eval 45000] val LER=0.9313 (18625/20000) leak P/R=0.697/0.014 | T2-2 shots LER=0.9330 (1866/2000)  [B1 0.159, ORC 0.106]
[  45000] loss=0.6556 logical=0.5684 leak=0.0871 train_ler=0.930 lr=2.65e-04 280.1 it/s
[  45100] loss=0.6734 logical=0.5802 leak=0.0932 train_ler=0.934 lr=2.65e-04 2.8 it/s
[  45200] loss=0.6720 logical=0.5873 leak=0.0847 train_ler=0.957 lr=2.65e-04 2.8 it/s
[  45300] loss=0.6464 logical=0.5593 leak=0.0870 train_ler=0.922 lr=2.65e-04 2.8 it/s
[  45400] loss=0.6508 logical=0.5628 leak=0.0880 train_ler=0.910 lr=2.65e-04 2.8 it/s
[  45500] loss=0.6702 logical=0.5831 leak=0.0871 train_ler=0.965 lr=2.64e-04 2.8 it/s
[  45600] loss=0.6642 logical=0.5750 leak=0.0891 train_ler=0.922 lr=2.64e-04 2.8 it/s
[  45700] loss=0.6734 logical=0.5831 leak=0.0904 train_ler=0.922 lr=2.64e-04 2.8 it/s
[  45800] loss=0.6750 logical=0.5846 leak=0.0904 train_ler=0.953 lr=2.64e-04 2.8 it/s
[  45900] loss=0.6604 logical=0.5719 leak=0.0885 train_ler=0.926 lr=2.64e-04 2.8 it/s
[  46000] loss=0.6671 logical=0.5770 leak=0.0900 train_ler=0.914 lr=2.64e-04 2.8 it/s
[  46100] loss=0.6609 logical=0.5755 leak=0.0855 train_ler=0.934 lr=2.64e-04 2.8 it/s
[  46200] loss=0.6499 logical=0.5600 leak=0.0899 train_ler=0.926 lr=2.63e-04 2.8 it/s
[  46300] loss=0.6736 logical=0.5874 leak=0.0862 train_ler=0.938 lr=2.63e-04 2.8 it/s
[  46400] loss=0.6565 logical=0.5677 leak=0.0888 train_ler=0.918 lr=2.63e-04 2.8 it/s
[  46500] loss=0.6730 logical=0.5843 leak=0.0886 train_ler=0.941 lr=2.63e-04 2.8 it/s
[  46600] loss=0.6353 logical=0.5433 leak=0.0920 train_ler=0.902 lr=2.63e-04 2.8 it/s
[  46700] loss=0.6618 logical=0.5742 leak=0.0876 train_ler=0.930 lr=2.63e-04 2.8 it/s
[  46800] loss=0.6367 logical=0.5480 leak=0.0887 train_ler=0.898 lr=2.62e-04 2.8 it/s
[  46900] loss=0.6606 logical=0.5715 leak=0.0891 train_ler=0.934 lr=2.62e-04 2.8 it/s
[  47000] loss=0.6485 logical=0.5584 leak=0.0901 train_ler=0.934 lr=2.62e-04 2.8 it/s
[  47100] loss=0.6679 logical=0.5772 leak=0.0907 train_ler=0.938 lr=2.62e-04 2.8 it/s
[  47200] loss=0.6545 logical=0.5654 leak=0.0890 train_ler=0.918 lr=2.62e-04 2.8 it/s
[  47300] loss=0.6568 logical=0.5639 leak=0.0928 train_ler=0.906 lr=2.62e-04 2.8 it/s
[  47400] loss=0.6735 logical=0.5826 leak=0.0908 train_ler=0.918 lr=2.62e-04 2.8 it/s
[  47500] loss=0.6820 logical=0.5884 leak=0.0936 train_ler=0.934 lr=2.61e-04 2.8 it/s
[  47600] loss=0.6466 logical=0.5597 leak=0.0869 train_ler=0.906 lr=2.61e-04 2.8 it/s
[  47700] loss=0.6483 logical=0.5600 leak=0.0882 train_ler=0.926 lr=2.61e-04 2.8 it/s
[  47800] loss=0.6522 logical=0.5660 leak=0.0862 train_ler=0.918 lr=2.61e-04 2.8 it/s
[  47900] loss=0.6747 logical=0.5826 leak=0.0921 train_ler=0.941 lr=2.61e-04 2.8 it/s
[  48000] loss=0.6564 logical=0.5688 leak=0.0877 train_ler=0.926 lr=2.61e-04 2.8 it/s
[  48100] loss=0.6798 logical=0.5898 leak=0.0901 train_ler=0.941 lr=2.60e-04 2.8 it/s
[  48200] loss=0.6663 logical=0.5778 leak=0.0886 train_ler=0.934 lr=2.60e-04 2.8 it/s
[  48300] loss=0.6630 logical=0.5721 leak=0.0909 train_ler=0.941 lr=2.60e-04 2.8 it/s
[  48400] loss=0.6309 logical=0.5450 leak=0.0860 train_ler=0.883 lr=2.60e-04 2.8 it/s
[  48500] loss=0.6632 logical=0.5705 leak=0.0927 train_ler=0.949 lr=2.60e-04 2.8 it/s
[  48600] loss=0.6763 logical=0.5876 leak=0.0888 train_ler=0.938 lr=2.60e-04 2.8 it/s
[  48700] loss=0.6650 logical=0.5774 leak=0.0877 train_ler=0.926 lr=2.59e-04 2.8 it/s
[  48800] loss=0.6576 logical=0.5701 leak=0.0876 train_ler=0.918 lr=2.59e-04 2.8 it/s
[  48900] loss=0.6694 logical=0.5808 leak=0.0885 train_ler=0.945 lr=2.59e-04 2.8 it/s
[  49000] loss=0.6538 logical=0.5591 leak=0.0946 train_ler=0.926 lr=2.59e-04 2.8 it/s
[  49100] loss=0.6620 logical=0.5755 leak=0.0865 train_ler=0.930 lr=2.59e-04 2.8 it/s
[  49200] loss=0.6541 logical=0.5661 leak=0.0880 train_ler=0.926 lr=2.59e-04 2.8 it/s
[  49300] loss=0.6739 logical=0.5836 leak=0.0903 train_ler=0.965 lr=2.58e-04 2.8 it/s
[  49400] loss=0.6402 logical=0.5458 leak=0.0945 train_ler=0.918 lr=2.58e-04 2.8 it/s
[  49500] loss=0.6453 logical=0.5566 leak=0.0887 train_ler=0.906 lr=2.58e-04 2.8 it/s
[  49600] loss=0.6651 logical=0.5718 leak=0.0934 train_ler=0.930 lr=2.58e-04 2.8 it/s
[  49700] loss=0.6731 logical=0.5824 leak=0.0907 train_ler=0.938 lr=2.58e-04 2.8 it/s
[  49800] loss=0.6650 logical=0.5755 leak=0.0896 train_ler=0.938 lr=2.58e-04 2.8 it/s
[  49900] loss=0.6581 logical=0.5734 leak=0.0847 train_ler=0.945 lr=2.57e-04 2.8 it/s
[eval 50000] val LER=0.9307 (18614/20000) leak P/R=0.686/0.015 | T2-2 shots LER=0.9320 (1864/2000)  [B1 0.159, ORC 0.106]
[  50000] loss=0.6766 logical=0.5881 leak=0.0886 train_ler=0.941 lr=2.57e-04 281.0 it/s
[  50100] loss=0.6720 logical=0.5805 leak=0.0916 train_ler=0.941 lr=2.57e-04 2.8 it/s
[  50200] loss=0.6554 logical=0.5711 leak=0.0843 train_ler=0.914 lr=2.57e-04 2.8 it/s
[  50300] loss=0.6502 logical=0.5595 leak=0.0907 train_ler=0.906 lr=2.57e-04 2.8 it/s
[  50400] loss=0.6481 logical=0.5598 leak=0.0883 train_ler=0.898 lr=2.57e-04 2.8 it/s
[  50500] loss=0.6381 logical=0.5475 leak=0.0906 train_ler=0.902 lr=2.56e-04 2.8 it/s
[  50600] loss=0.6741 logical=0.5862 leak=0.0879 train_ler=0.938 lr=2.56e-04 2.8 it/s
[  50700] loss=0.6565 logical=0.5683 leak=0.0882 train_ler=0.934 lr=2.56e-04 2.8 it/s
[  50800] loss=0.6510 logical=0.5640 leak=0.0870 train_ler=0.902 lr=2.56e-04 2.8 it/s
[  50900] loss=0.6523 logical=0.5672 leak=0.0851 train_ler=0.914 lr=2.56e-04 2.8 it/s
[  51000] loss=0.6620 logical=0.5680 leak=0.0939 train_ler=0.945 lr=2.56e-04 2.8 it/s
[  51100] loss=0.6582 logical=0.5683 leak=0.0900 train_ler=0.926 lr=2.55e-04 2.8 it/s
[  51200] loss=0.6434 logical=0.5577 leak=0.0857 train_ler=0.926 lr=2.55e-04 2.8 it/s
[  51300] loss=0.6621 logical=0.5712 leak=0.0908 train_ler=0.938 lr=2.55e-04 2.8 it/s
[  51400] loss=0.6655 logical=0.5730 leak=0.0925 train_ler=0.934 lr=2.55e-04 2.8 it/s
[  51500] loss=0.6561 logical=0.5674 leak=0.0887 train_ler=0.910 lr=2.55e-04 2.8 it/s
[  51600] loss=0.6656 logical=0.5746 leak=0.0909 train_ler=0.918 lr=2.55e-04 2.8 it/s
[  51700] loss=0.6710 logical=0.5816 leak=0.0894 train_ler=0.914 lr=2.54e-04 2.8 it/s
[  51800] loss=0.6343 logical=0.5433 leak=0.0910 train_ler=0.902 lr=2.54e-04 2.8 it/s
[  51900] loss=0.6377 logical=0.5501 leak=0.0877 train_ler=0.906 lr=2.54e-04 2.8 it/s
[  52000] loss=0.6498 logical=0.5638 leak=0.0859 train_ler=0.941 lr=2.54e-04 2.8 it/s
[  52100] loss=0.6666 logical=0.5788 leak=0.0878 train_ler=0.934 lr=2.54e-04 2.8 it/s
[  52200] loss=0.6737 logical=0.5857 leak=0.0879 train_ler=0.922 lr=2.54e-04 2.8 it/s
[  52300] loss=0.6508 logical=0.5631 leak=0.0877 train_ler=0.918 lr=2.53e-04 2.8 it/s
[  52400] loss=0.6829 logical=0.5943 leak=0.0886 train_ler=0.945 lr=2.53e-04 2.8 it/s
[  52500] loss=0.6618 logical=0.5697 leak=0.0922 train_ler=0.918 lr=2.53e-04 2.8 it/s
[  52600] loss=0.6631 logical=0.5735 leak=0.0896 train_ler=0.922 lr=2.53e-04 2.8 it/s
[  52700] loss=0.6569 logical=0.5713 leak=0.0856 train_ler=0.938 lr=2.53e-04 2.8 it/s
[  52800] loss=0.6641 logical=0.5724 leak=0.0917 train_ler=0.926 lr=2.53e-04 2.8 it/s
[  52900] loss=0.6507 logical=0.5599 leak=0.0907 train_ler=0.938 lr=2.52e-04 2.8 it/s
[  53000] loss=0.6811 logical=0.5866 leak=0.0945 train_ler=0.922 lr=2.52e-04 2.8 it/s
[  53100] loss=0.6583 logical=0.5686 leak=0.0896 train_ler=0.961 lr=2.52e-04 2.8 it/s
[  53200] loss=0.6770 logical=0.5889 leak=0.0881 train_ler=0.953 lr=2.52e-04 2.8 it/s
[  53300] loss=0.6624 logical=0.5734 leak=0.0890 train_ler=0.910 lr=2.52e-04 2.8 it/s
[  53400] loss=0.6759 logical=0.5858 leak=0.0901 train_ler=0.945 lr=2.52e-04 2.8 it/s
[  53500] loss=0.6514 logical=0.5614 leak=0.0900 train_ler=0.934 lr=2.51e-04 2.8 it/s
[  53600] loss=0.6645 logical=0.5724 leak=0.0920 train_ler=0.934 lr=2.51e-04 2.8 it/s
[  53700] loss=0.6397 logical=0.5535 leak=0.0862 train_ler=0.910 lr=2.51e-04 2.8 it/s
[  53800] loss=0.6675 logical=0.5762 leak=0.0914 train_ler=0.922 lr=2.51e-04 2.8 it/s
[  53900] loss=0.6491 logical=0.5602 leak=0.0889 train_ler=0.926 lr=2.51e-04 2.8 it/s
[  54000] loss=0.6596 logical=0.5730 leak=0.0866 train_ler=0.941 lr=2.50e-04 2.8 it/s
[  54100] loss=0.6583 logical=0.5692 leak=0.0891 train_ler=0.922 lr=2.50e-04 2.8 it/s
[  54200] loss=0.6384 logical=0.5476 leak=0.0908 train_ler=0.902 lr=2.50e-04 2.8 it/s
[  54300] loss=0.6636 logical=0.5732 leak=0.0904 train_ler=0.941 lr=2.50e-04 2.8 it/s
[  54400] loss=0.6428 logical=0.5569 leak=0.0859 train_ler=0.906 lr=2.50e-04 2.8 it/s
[  54500] loss=0.6638 logical=0.5739 leak=0.0899 train_ler=0.922 lr=2.50e-04 2.8 it/s
[  54600] loss=0.6669 logical=0.5769 leak=0.0900 train_ler=0.934 lr=2.49e-04 2.8 it/s
[  54700] loss=0.6585 logical=0.5688 leak=0.0897 train_ler=0.922 lr=2.49e-04 2.8 it/s
[  54800] loss=0.6567 logical=0.5651 leak=0.0916 train_ler=0.930 lr=2.49e-04 2.8 it/s
[  54900] loss=0.6873 logical=0.5915 leak=0.0957 train_ler=0.965 lr=2.49e-04 2.8 it/s
[eval 55000] val LER=0.9308 (18616/20000) leak P/R=0.707/0.013 | T2-2 shots LER=0.9340 (1868/2000)  [B1 0.159, ORC 0.106]
[  55000] loss=0.6751 logical=0.5828 leak=0.0923 train_ler=0.934 lr=2.49e-04 280.1 it/s
[  55100] loss=0.6430 logical=0.5531 leak=0.0899 train_ler=0.887 lr=2.49e-04 2.8 it/s
[  55200] loss=0.6567 logical=0.5703 leak=0.0864 train_ler=0.926 lr=2.48e-04 2.8 it/s
[  55300] loss=0.6551 logical=0.5658 leak=0.0893 train_ler=0.918 lr=2.48e-04 2.8 it/s
[  55400] loss=0.6397 logical=0.5484 leak=0.0913 train_ler=0.891 lr=2.48e-04 2.8 it/s
[  55500] loss=0.6800 logical=0.5902 leak=0.0897 train_ler=0.934 lr=2.48e-04 2.8 it/s
[  55600] loss=0.6499 logical=0.5658 leak=0.0841 train_ler=0.938 lr=2.48e-04 2.8 it/s
[  55700] loss=0.6325 logical=0.5437 leak=0.0889 train_ler=0.910 lr=2.47e-04 2.8 it/s
[  55800] loss=0.6361 logical=0.5480 leak=0.0881 train_ler=0.918 lr=2.47e-04 2.8 it/s
[  55900] loss=0.6599 logical=0.5684 leak=0.0916 train_ler=0.918 lr=2.47e-04 2.8 it/s
[  56000] loss=0.6642 logical=0.5719 leak=0.0923 train_ler=0.961 lr=2.47e-04 2.8 it/s
[  56100] loss=0.6762 logical=0.5826 leak=0.0935 train_ler=0.902 lr=2.47e-04 2.8 it/s
[  56200] loss=0.6571 logical=0.5699 leak=0.0872 train_ler=0.906 lr=2.47e-04 2.8 it/s
[  56300] loss=0.6753 logical=0.5880 leak=0.0873 train_ler=0.938 lr=2.46e-04 2.8 it/s
[  56400] loss=0.6565 logical=0.5670 leak=0.0895 train_ler=0.906 lr=2.46e-04 2.8 it/s
[  56500] loss=0.6579 logical=0.5679 leak=0.0899 train_ler=0.938 lr=2.46e-04 2.8 it/s
[  56600] loss=0.6487 logical=0.5579 leak=0.0908 train_ler=0.918 lr=2.46e-04 2.8 it/s
[  56700] loss=0.6717 logical=0.5810 leak=0.0907 train_ler=0.926 lr=2.46e-04 2.8 it/s
[  56800] loss=0.6558 logical=0.5682 leak=0.0876 train_ler=0.910 lr=2.45e-04 2.8 it/s
[  56900] loss=0.6609 logical=0.5729 leak=0.0880 train_ler=0.934 lr=2.45e-04 2.8 it/s
[  57000] loss=0.6529 logical=0.5656 leak=0.0872 train_ler=0.930 lr=2.45e-04 2.8 it/s
[  57100] loss=0.6669 logical=0.5768 leak=0.0901 train_ler=0.938 lr=2.45e-04 2.8 it/s
[  57200] loss=0.6720 logical=0.5840 leak=0.0881 train_ler=0.941 lr=2.45e-04 2.8 it/s
[  57300] loss=0.6562 logical=0.5627 leak=0.0934 train_ler=0.914 lr=2.45e-04 2.8 it/s
[  57400] loss=0.6488 logical=0.5571 leak=0.0917 train_ler=0.918 lr=2.44e-04 2.8 it/s
[  57500] loss=0.6564 logical=0.5686 leak=0.0879 train_ler=0.922 lr=2.44e-04 2.8 it/s
[  57600] loss=0.6553 logical=0.5674 leak=0.0879 train_ler=0.922 lr=2.44e-04 2.8 it/s
[  57700] loss=0.6627 logical=0.5749 leak=0.0878 train_ler=0.918 lr=2.44e-04 2.8 it/s
[  57800] loss=0.6756 logical=0.5832 leak=0.0925 train_ler=0.930 lr=2.44e-04 2.8 it/s
[  57900] loss=0.6581 logical=0.5686 leak=0.0895 train_ler=0.918 lr=2.43e-04 2.8 it/s
[  58000] loss=0.6891 logical=0.5978 leak=0.0913 train_ler=0.934 lr=2.43e-04 2.8 it/s
[  58100] loss=0.6422 logical=0.5523 leak=0.0899 train_ler=0.914 lr=2.43e-04 2.8 it/s
[  58200] loss=0.6470 logical=0.5575 leak=0.0895 train_ler=0.910 lr=2.43e-04 2.8 it/s
[  58300] loss=0.6629 logical=0.5686 leak=0.0943 train_ler=0.910 lr=2.43e-04 2.8 it/s
[  58400] loss=0.6684 logical=0.5791 leak=0.0894 train_ler=0.906 lr=2.43e-04 2.8 it/s
[  58500] loss=0.6573 logical=0.5680 leak=0.0893 train_ler=0.922 lr=2.42e-04 2.8 it/s
[  58600] loss=0.6657 logical=0.5714 leak=0.0944 train_ler=0.922 lr=2.42e-04 2.8 it/s
[  58700] loss=0.6592 logical=0.5662 leak=0.0930 train_ler=0.926 lr=2.42e-04 2.8 it/s
[  58800] loss=0.6718 logical=0.5814 leak=0.0904 train_ler=0.934 lr=2.42e-04 2.8 it/s
[  58900] loss=0.6590 logical=0.5679 leak=0.0912 train_ler=0.945 lr=2.42e-04 2.8 it/s
[  59000] loss=0.6586 logical=0.5692 leak=0.0894 train_ler=0.918 lr=2.41e-04 2.8 it/s
[  59100] loss=0.6351 logical=0.5483 leak=0.0867 train_ler=0.895 lr=2.41e-04 2.8 it/s
[  59200] loss=0.6814 logical=0.5905 leak=0.0909 train_ler=0.938 lr=2.41e-04 2.8 it/s
[  59300] loss=0.6681 logical=0.5786 leak=0.0894 train_ler=0.930 lr=2.41e-04 2.8 it/s
[  59400] loss=0.6487 logical=0.5604 leak=0.0884 train_ler=0.918 lr=2.41e-04 2.8 it/s
[  59500] loss=0.6655 logical=0.5767 leak=0.0887 train_ler=0.934 lr=2.40e-04 2.8 it/s
[  59600] loss=0.6175 logical=0.5279 leak=0.0896 train_ler=0.887 lr=2.40e-04 2.8 it/s
[  59700] loss=0.6586 logical=0.5728 leak=0.0858 train_ler=0.922 lr=2.40e-04 2.8 it/s
[  59800] loss=0.6590 logical=0.5714 leak=0.0877 train_ler=0.902 lr=2.40e-04 2.8 it/s
[  59900] loss=0.6560 logical=0.5657 leak=0.0903 train_ler=0.906 lr=2.40e-04 2.8 it/s
[eval 60000] val LER=0.9247 (18494/20000) leak P/R=0.694/0.014 | T2-2 shots LER=0.9275 (1855/2000)  [B1 0.159, ORC 0.106]
[  60000] loss=0.6482 logical=0.5600 leak=0.0881 train_ler=0.914 lr=2.40e-04 280.4 it/s
[  60100] loss=0.6545 logical=0.5677 leak=0.0868 train_ler=0.902 lr=2.39e-04 2.8 it/s
[  60200] loss=0.6782 logical=0.5883 leak=0.0899 train_ler=0.949 lr=2.39e-04 2.8 it/s
[  60300] loss=0.6718 logical=0.5795 leak=0.0924 train_ler=0.914 lr=2.39e-04 2.8 it/s
[  60400] loss=0.6519 logical=0.5643 leak=0.0876 train_ler=0.922 lr=2.39e-04 2.8 it/s
[  60500] loss=0.6581 logical=0.5699 leak=0.0883 train_ler=0.918 lr=2.39e-04 2.8 it/s
[  60600] loss=0.6236 logical=0.5384 leak=0.0853 train_ler=0.918 lr=2.38e-04 2.8 it/s
[  60700] loss=0.6689 logical=0.5809 leak=0.0880 train_ler=0.934 lr=2.38e-04 2.8 it/s
[  60800] loss=0.6380 logical=0.5483 leak=0.0898 train_ler=0.914 lr=2.38e-04 2.8 it/s
[  60900] loss=0.6611 logical=0.5751 leak=0.0859 train_ler=0.949 lr=2.38e-04 2.8 it/s
[  61000] loss=0.6485 logical=0.5644 leak=0.0841 train_ler=0.922 lr=2.38e-04 2.8 it/s
[  61100] loss=0.6430 logical=0.5504 leak=0.0926 train_ler=0.867 lr=2.37e-04 2.8 it/s
[  61200] loss=0.6903 logical=0.5959 leak=0.0944 train_ler=0.934 lr=2.37e-04 2.8 it/s
[  61300] loss=0.6472 logical=0.5566 leak=0.0906 train_ler=0.910 lr=2.37e-04 2.8 it/s
[  61400] loss=0.6342 logical=0.5468 leak=0.0874 train_ler=0.922 lr=2.37e-04 2.8 it/s
[  61500] loss=0.6686 logical=0.5779 leak=0.0907 train_ler=0.949 lr=2.37e-04 2.8 it/s
[  61600] loss=0.6426 logical=0.5501 leak=0.0924 train_ler=0.918 lr=2.36e-04 2.8 it/s
[  61700] loss=0.6593 logical=0.5690 leak=0.0903 train_ler=0.926 lr=2.36e-04 2.8 it/s
[  61800] loss=0.6464 logical=0.5565 leak=0.0899 train_ler=0.922 lr=2.36e-04 2.8 it/s
[  61900] loss=0.6562 logical=0.5693 leak=0.0870 train_ler=0.938 lr=2.36e-04 2.8 it/s
[  62000] loss=0.6587 logical=0.5728 leak=0.0860 train_ler=0.938 lr=2.36e-04 2.8 it/s
[  62100] loss=0.6363 logical=0.5523 leak=0.0839 train_ler=0.926 lr=2.35e-04 2.8 it/s
[  62200] loss=0.6792 logical=0.5871 leak=0.0921 train_ler=0.926 lr=2.35e-04 2.8 it/s
[  62300] loss=0.6614 logical=0.5719 leak=0.0896 train_ler=0.926 lr=2.35e-04 2.8 it/s
[  62400] loss=0.6293 logical=0.5399 leak=0.0894 train_ler=0.898 lr=2.35e-04 2.8 it/s
[  62500] loss=0.6608 logical=0.5713 leak=0.0895 train_ler=0.906 lr=2.35e-04 2.8 it/s
[  62600] loss=0.6673 logical=0.5755 leak=0.0919 train_ler=0.949 lr=2.34e-04 2.8 it/s
[  62700] loss=0.6574 logical=0.5643 leak=0.0931 train_ler=0.934 lr=2.34e-04 2.8 it/s
[  62800] loss=0.6511 logical=0.5655 leak=0.0855 train_ler=0.922 lr=2.34e-04 2.8 it/s
[  62900] loss=0.6481 logical=0.5624 leak=0.0857 train_ler=0.918 lr=2.34e-04 2.8 it/s
[  63000] loss=0.6335 logical=0.5451 leak=0.0884 train_ler=0.902 lr=2.34e-04 2.8 it/s
[  63100] loss=0.6594 logical=0.5708 leak=0.0885 train_ler=0.922 lr=2.34e-04 2.8 it/s
[  63200] loss=0.6595 logical=0.5692 leak=0.0903 train_ler=0.930 lr=2.33e-04 2.8 it/s
[  63300] loss=0.6688 logical=0.5808 leak=0.0880 train_ler=0.957 lr=2.33e-04 2.8 it/s
[  63400] loss=0.6591 logical=0.5697 leak=0.0894 train_ler=0.926 lr=2.33e-04 2.8 it/s
[  63500] loss=0.6673 logical=0.5771 leak=0.0903 train_ler=0.945 lr=2.33e-04 2.8 it/s
[  63600] loss=0.6484 logical=0.5599 leak=0.0885 train_ler=0.934 lr=2.33e-04 2.8 it/s
[  63700] loss=0.6632 logical=0.5721 leak=0.0911 train_ler=0.934 lr=2.32e-04 2.8 it/s
[  63800] loss=0.6550 logical=0.5662 leak=0.0888 train_ler=0.941 lr=2.32e-04 2.8 it/s
[  63900] loss=0.6802 logical=0.5888 leak=0.0915 train_ler=0.957 lr=2.32e-04 2.8 it/s
[  64000] loss=0.6535 logical=0.5631 leak=0.0904 train_ler=0.934 lr=2.32e-04 2.8 it/s
[  64100] loss=0.6473 logical=0.5592 leak=0.0882 train_ler=0.922 lr=2.32e-04 2.8 it/s
[  64200] loss=0.6396 logical=0.5509 leak=0.0886 train_ler=0.922 lr=2.31e-04 2.8 it/s
[  64300] loss=0.6332 logical=0.5476 leak=0.0856 train_ler=0.914 lr=2.31e-04 2.8 it/s
[  64400] loss=0.6265 logical=0.5414 leak=0.0851 train_ler=0.879 lr=2.31e-04 2.8 it/s
[  64500] loss=0.6619 logical=0.5735 leak=0.0884 train_ler=0.898 lr=2.31e-04 2.8 it/s
[  64600] loss=0.6412 logical=0.5501 leak=0.0910 train_ler=0.910 lr=2.31e-04 2.8 it/s
[  64700] loss=0.6411 logical=0.5526 leak=0.0885 train_ler=0.922 lr=2.30e-04 2.8 it/s
[  64800] loss=0.6377 logical=0.5512 leak=0.0864 train_ler=0.926 lr=2.30e-04 2.8 it/s
[  64900] loss=0.6675 logical=0.5770 leak=0.0905 train_ler=0.906 lr=2.30e-04 2.8 it/s
[eval 65000] val LER=0.9236 (18473/20000) leak P/R=0.693/0.014 | T2-2 shots LER=0.9190 (1838/2000)  [B1 0.159, ORC 0.106]
[  65000] loss=0.6576 logical=0.5674 leak=0.0902 train_ler=0.910 lr=2.30e-04 281.9 it/s
[  65100] loss=0.6523 logical=0.5674 leak=0.0849 train_ler=0.922 lr=2.30e-04 2.8 it/s
[  65200] loss=0.6545 logical=0.5648 leak=0.0897 train_ler=0.930 lr=2.29e-04 2.8 it/s
[  65300] loss=0.6444 logical=0.5562 leak=0.0881 train_ler=0.930 lr=2.29e-04 2.8 it/s
[  65400] loss=0.6447 logical=0.5535 leak=0.0911 train_ler=0.918 lr=2.29e-04 2.8 it/s
[  65500] loss=0.6675 logical=0.5772 leak=0.0903 train_ler=0.934 lr=2.29e-04 2.8 it/s
[  65600] loss=0.6640 logical=0.5744 leak=0.0896 train_ler=0.941 lr=2.29e-04 2.8 it/s
[  65700] loss=0.6340 logical=0.5444 leak=0.0896 train_ler=0.898 lr=2.28e-04 2.8 it/s
[  65800] loss=0.6435 logical=0.5550 leak=0.0886 train_ler=0.910 lr=2.28e-04 2.8 it/s
[  65900] loss=0.6736 logical=0.5842 leak=0.0894 train_ler=0.945 lr=2.28e-04 2.8 it/s
[  66000] loss=0.6449 logical=0.5570 leak=0.0879 train_ler=0.930 lr=2.28e-04 2.8 it/s
[  66100] loss=0.6684 logical=0.5757 leak=0.0928 train_ler=0.957 lr=2.28e-04 2.8 it/s
[  66200] loss=0.6753 logical=0.5865 leak=0.0888 train_ler=0.938 lr=2.27e-04 2.8 it/s
[  66300] loss=0.6440 logical=0.5577 leak=0.0863 train_ler=0.922 lr=2.27e-04 2.8 it/s
[  66400] loss=0.6414 logical=0.5560 leak=0.0854 train_ler=0.926 lr=2.27e-04 2.8 it/s
[  66500] loss=0.6714 logical=0.5828 leak=0.0886 train_ler=0.918 lr=2.27e-04 2.8 it/s
[  66600] loss=0.6642 logical=0.5764 leak=0.0878 train_ler=0.930 lr=2.26e-04 2.8 it/s
[  66700] loss=0.6643 logical=0.5732 leak=0.0910 train_ler=0.941 lr=2.26e-04 2.8 it/s
[  66800] loss=0.6517 logical=0.5625 leak=0.0892 train_ler=0.926 lr=2.26e-04 2.8 it/s
[  66900] loss=0.6477 logical=0.5566 leak=0.0911 train_ler=0.930 lr=2.26e-04 2.8 it/s
[  67000] loss=0.6650 logical=0.5739 leak=0.0911 train_ler=0.930 lr=2.26e-04 2.8 it/s
[  67100] loss=0.6491 logical=0.5613 leak=0.0878 train_ler=0.910 lr=2.25e-04 2.8 it/s
[  67200] loss=0.6727 logical=0.5852 leak=0.0875 train_ler=0.934 lr=2.25e-04 2.8 it/s
[  67300] loss=0.6514 logical=0.5638 leak=0.0877 train_ler=0.930 lr=2.25e-04 2.8 it/s
[  67400] loss=0.6488 logical=0.5606 leak=0.0882 train_ler=0.906 lr=2.25e-04 2.8 it/s
[  67500] loss=0.6714 logical=0.5806 leak=0.0908 train_ler=0.934 lr=2.25e-04 2.8 it/s
[  67600] loss=0.6666 logical=0.5819 leak=0.0847 train_ler=0.914 lr=2.24e-04 2.8 it/s
[  67700] loss=0.6567 logical=0.5649 leak=0.0918 train_ler=0.914 lr=2.24e-04 2.8 it/s
[  67800] loss=0.6474 logical=0.5585 leak=0.0889 train_ler=0.891 lr=2.24e-04 2.8 it/s
[  67900] loss=0.6489 logical=0.5588 leak=0.0901 train_ler=0.902 lr=2.24e-04 2.8 it/s
[  68000] loss=0.6699 logical=0.5790 leak=0.0909 train_ler=0.941 lr=2.24e-04 2.8 it/s
[  68100] loss=0.6567 logical=0.5645 leak=0.0922 train_ler=0.922 lr=2.23e-04 2.8 it/s
[  68200] loss=0.6518 logical=0.5625 leak=0.0893 train_ler=0.914 lr=2.23e-04 2.8 it/s
[  68300] loss=0.6590 logical=0.5696 leak=0.0894 train_ler=0.922 lr=2.23e-04 2.8 it/s
[  68400] loss=0.6476 logical=0.5564 leak=0.0911 train_ler=0.906 lr=2.23e-04 2.8 it/s
[  68500] loss=0.6393 logical=0.5518 leak=0.0875 train_ler=0.910 lr=2.23e-04 2.8 it/s
[  68600] loss=0.6415 logical=0.5485 leak=0.0930 train_ler=0.891 lr=2.22e-04 2.8 it/s
[  68700] loss=0.6572 logical=0.5687 leak=0.0885 train_ler=0.922 lr=2.22e-04 2.8 it/s
[  68800] loss=0.6734 logical=0.5803 leak=0.0932 train_ler=0.930 lr=2.22e-04 2.8 it/s
[  68900] loss=0.6748 logical=0.5863 leak=0.0884 train_ler=0.957 lr=2.22e-04 2.8 it/s
[  69000] loss=0.6724 logical=0.5780 leak=0.0944 train_ler=0.930 lr=2.22e-04 2.8 it/s
[  69100] loss=0.6435 logical=0.5559 leak=0.0876 train_ler=0.898 lr=2.21e-04 2.8 it/s
[  69200] loss=0.6433 logical=0.5504 leak=0.0930 train_ler=0.922 lr=2.21e-04 2.8 it/s
[  69300] loss=0.6659 logical=0.5760 leak=0.0898 train_ler=0.930 lr=2.21e-04 2.8 it/s
[  69400] loss=0.6552 logical=0.5665 leak=0.0887 train_ler=0.906 lr=2.21e-04 2.8 it/s
[  69500] loss=0.6704 logical=0.5813 leak=0.0891 train_ler=0.918 lr=2.21e-04 2.8 it/s
[  69600] loss=0.6534 logical=0.5658 leak=0.0876 train_ler=0.918 lr=2.20e-04 2.8 it/s
[  69700] loss=0.6570 logical=0.5635 leak=0.0935 train_ler=0.918 lr=2.20e-04 2.8 it/s
[  69800] loss=0.6408 logical=0.5486 leak=0.0922 train_ler=0.898 lr=2.20e-04 2.8 it/s
[  69900] loss=0.6780 logical=0.5842 leak=0.0938 train_ler=0.938 lr=2.20e-04 2.8 it/s
[eval 70000] val LER=0.9207 (18414/20000) leak P/R=0.706/0.014 | T2-2 shots LER=0.9150 (1830/2000)  [B1 0.159, ORC 0.106]
[  70000] loss=0.6515 logical=0.5639 leak=0.0875 train_ler=0.906 lr=2.19e-04 276.1 it/s
[  70100] loss=0.6374 logical=0.5488 leak=0.0886 train_ler=0.906 lr=2.19e-04 2.8 it/s
[  70200] loss=0.6444 logical=0.5560 leak=0.0885 train_ler=0.887 lr=2.19e-04 2.8 it/s
[  70300] loss=0.6397 logical=0.5522 leak=0.0875 train_ler=0.941 lr=2.19e-04 2.8 it/s
[  70400] loss=0.6467 logical=0.5614 leak=0.0854 train_ler=0.902 lr=2.19e-04 2.8 it/s
[  70500] loss=0.6629 logical=0.5755 leak=0.0874 train_ler=0.922 lr=2.18e-04 2.8 it/s
[  70600] loss=0.6366 logical=0.5506 leak=0.0860 train_ler=0.934 lr=2.18e-04 2.8 it/s
[  70700] loss=0.6401 logical=0.5493 leak=0.0908 train_ler=0.930 lr=2.18e-04 2.8 it/s
[  70800] loss=0.6568 logical=0.5642 leak=0.0925 train_ler=0.930 lr=2.18e-04 2.8 it/s
[  70900] loss=0.6214 logical=0.5372 leak=0.0841 train_ler=0.898 lr=2.18e-04 2.8 it/s
[  71000] loss=0.6507 logical=0.5624 leak=0.0883 train_ler=0.910 lr=2.17e-04 2.8 it/s
[  71100] loss=0.6507 logical=0.5572 leak=0.0935 train_ler=0.906 lr=2.17e-04 2.8 it/s
[  71200] loss=0.6705 logical=0.5814 leak=0.0891 train_ler=0.910 lr=2.17e-04 2.8 it/s
[  71300] loss=0.6679 logical=0.5791 leak=0.0888 train_ler=0.934 lr=2.17e-04 2.8 it/s
[  71400] loss=0.6596 logical=0.5695 leak=0.0901 train_ler=0.906 lr=2.17e-04 2.8 it/s
[  71500] loss=0.6579 logical=0.5716 leak=0.0863 train_ler=0.922 lr=2.16e-04 2.8 it/s
[  71600] loss=0.6519 logical=0.5627 leak=0.0892 train_ler=0.941 lr=2.16e-04 2.8 it/s
[  71700] loss=0.6572 logical=0.5651 leak=0.0921 train_ler=0.926 lr=2.16e-04 2.8 it/s
[  71800] loss=0.6519 logical=0.5608 leak=0.0911 train_ler=0.914 lr=2.16e-04 2.8 it/s
[  71900] loss=0.6859 logical=0.5932 leak=0.0927 train_ler=0.945 lr=2.15e-04 2.8 it/s
[  72000] loss=0.6282 logical=0.5423 leak=0.0859 train_ler=0.895 lr=2.15e-04 2.8 it/s
[  72100] loss=0.6610 logical=0.5694 leak=0.0916 train_ler=0.918 lr=2.15e-04 2.8 it/s
[  72200] loss=0.6653 logical=0.5773 leak=0.0880 train_ler=0.941 lr=2.15e-04 2.8 it/s
[  72300] loss=0.6419 logical=0.5487 leak=0.0932 train_ler=0.895 lr=2.15e-04 2.8 it/s
[  72400] loss=0.6398 logical=0.5518 leak=0.0881 train_ler=0.914 lr=2.14e-04 2.8 it/s
[  72500] loss=0.6606 logical=0.5751 leak=0.0855 train_ler=0.949 lr=2.14e-04 2.8 it/s
[  72600] loss=0.6240 logical=0.5405 leak=0.0835 train_ler=0.910 lr=2.14e-04 2.8 it/s
[  72700] loss=0.6439 logical=0.5547 leak=0.0891 train_ler=0.891 lr=2.14e-04 2.8 it/s
[  72800] loss=0.6479 logical=0.5620 leak=0.0859 train_ler=0.938 lr=2.14e-04 2.8 it/s
[  72900] loss=0.6702 logical=0.5772 leak=0.0930 train_ler=0.938 lr=2.13e-04 2.8 it/s
[  73000] loss=0.6575 logical=0.5659 leak=0.0917 train_ler=0.926 lr=2.13e-04 2.8 it/s
[  73100] loss=0.6365 logical=0.5489 leak=0.0876 train_ler=0.926 lr=2.13e-04 2.8 it/s
[  73200] loss=0.6269 logical=0.5421 leak=0.0849 train_ler=0.906 lr=2.13e-04 2.8 it/s
[  73300] loss=0.6561 logical=0.5669 leak=0.0892 train_ler=0.934 lr=2.12e-04 2.8 it/s
[  73400] loss=0.6388 logical=0.5518 leak=0.0871 train_ler=0.898 lr=2.12e-04 2.8 it/s
[  73500] loss=0.6492 logical=0.5591 leak=0.0901 train_ler=0.895 lr=2.12e-04 2.8 it/s
[  73600] loss=0.6579 logical=0.5671 leak=0.0908 train_ler=0.934 lr=2.12e-04 2.8 it/s
[  73700] loss=0.6616 logical=0.5696 leak=0.0920 train_ler=0.926 lr=2.12e-04 2.8 it/s
[  73800] loss=0.6598 logical=0.5692 leak=0.0907 train_ler=0.910 lr=2.11e-04 2.8 it/s
[  73900] loss=0.6607 logical=0.5739 leak=0.0867 train_ler=0.930 lr=2.11e-04 2.8 it/s
[  74000] loss=0.6354 logical=0.5487 leak=0.0868 train_ler=0.934 lr=2.11e-04 2.8 it/s
[  74100] loss=0.6391 logical=0.5527 leak=0.0863 train_ler=0.922 lr=2.11e-04 2.8 it/s
[  74200] loss=0.6428 logical=0.5538 leak=0.0890 train_ler=0.906 lr=2.11e-04 2.8 it/s
[  74300] loss=0.6605 logical=0.5726 leak=0.0879 train_ler=0.926 lr=2.10e-04 2.8 it/s
[  74400] loss=0.6434 logical=0.5528 leak=0.0905 train_ler=0.930 lr=2.10e-04 2.8 it/s
[  74500] loss=0.6478 logical=0.5615 leak=0.0863 train_ler=0.922 lr=2.10e-04 2.8 it/s
[  74600] loss=0.6578 logical=0.5655 leak=0.0923 train_ler=0.953 lr=2.10e-04 2.8 it/s
[  74700] loss=0.6633 logical=0.5715 leak=0.0918 train_ler=0.930 lr=2.09e-04 2.8 it/s
[  74800] loss=0.6550 logical=0.5685 leak=0.0865 train_ler=0.926 lr=2.09e-04 2.8 it/s
[  74900] loss=0.6509 logical=0.5629 leak=0.0880 train_ler=0.926 lr=2.09e-04 2.8 it/s
[eval 75000] val LER=0.9197 (18395/20000) leak P/R=0.718/0.013 | T2-2 shots LER=0.9180 (1836/2000)  [B1 0.159, ORC 0.106]
[  75000] loss=0.6395 logical=0.5495 leak=0.0900 train_ler=0.910 lr=2.09e-04 276.6 it/s
[  75100] loss=0.6411 logical=0.5537 leak=0.0875 train_ler=0.902 lr=2.09e-04 2.8 it/s
[  75200] loss=0.6583 logical=0.5693 leak=0.0890 train_ler=0.934 lr=2.08e-04 2.8 it/s
[  75300] loss=0.6527 logical=0.5624 leak=0.0903 train_ler=0.902 lr=2.08e-04 2.8 it/s
[  75400] loss=0.6606 logical=0.5688 leak=0.0918 train_ler=0.922 lr=2.08e-04 2.8 it/s
[  75500] loss=0.6453 logical=0.5555 leak=0.0898 train_ler=0.926 lr=2.08e-04 2.8 it/s
[  75600] loss=0.6464 logical=0.5576 leak=0.0888 train_ler=0.918 lr=2.07e-04 2.8 it/s
[  75700] loss=0.6549 logical=0.5647 leak=0.0903 train_ler=0.918 lr=2.07e-04 2.8 it/s
[  75800] loss=0.6607 logical=0.5720 leak=0.0887 train_ler=0.938 lr=2.07e-04 2.8 it/s
[  75900] loss=0.6435 logical=0.5512 leak=0.0923 train_ler=0.891 lr=2.07e-04 2.8 it/s
[  76000] loss=0.6348 logical=0.5488 leak=0.0860 train_ler=0.922 lr=2.07e-04 2.8 it/s
[  76100] loss=0.6601 logical=0.5683 leak=0.0918 train_ler=0.910 lr=2.06e-04 2.8 it/s
[  76200] loss=0.6547 logical=0.5667 leak=0.0879 train_ler=0.910 lr=2.06e-04 2.8 it/s
[  76300] loss=0.6772 logical=0.5913 leak=0.0859 train_ler=0.945 lr=2.06e-04 2.8 it/s
[  76400] loss=0.6605 logical=0.5712 leak=0.0893 train_ler=0.922 lr=2.06e-04 2.8 it/s
[  76500] loss=0.6631 logical=0.5720 leak=0.0910 train_ler=0.922 lr=2.05e-04 2.8 it/s
[  76600] loss=0.6532 logical=0.5624 leak=0.0908 train_ler=0.914 lr=2.05e-04 2.8 it/s
[  76700] loss=0.6429 logical=0.5524 leak=0.0904 train_ler=0.910 lr=2.05e-04 2.8 it/s
[  76800] loss=0.6567 logical=0.5665 leak=0.0902 train_ler=0.922 lr=2.05e-04 2.8 it/s
[  76900] loss=0.6437 logical=0.5543 leak=0.0895 train_ler=0.898 lr=2.05e-04 2.8 it/s
[  77000] loss=0.6764 logical=0.5827 leak=0.0936 train_ler=0.945 lr=2.04e-04 2.8 it/s
[  77100] loss=0.6786 logical=0.5910 leak=0.0876 train_ler=0.930 lr=2.04e-04 2.8 it/s
[  77200] loss=0.6481 logical=0.5612 leak=0.0869 train_ler=0.934 lr=2.04e-04 2.8 it/s
[  77300] loss=0.6602 logical=0.5725 leak=0.0876 train_ler=0.906 lr=2.04e-04 2.8 it/s
[  77400] loss=0.6319 logical=0.5433 leak=0.0887 train_ler=0.895 lr=2.03e-04 2.8 it/s
[  77500] loss=0.6545 logical=0.5654 leak=0.0891 train_ler=0.926 lr=2.03e-04 2.8 it/s
[  77600] loss=0.6547 logical=0.5666 leak=0.0880 train_ler=0.949 lr=2.03e-04 2.8 it/s
[  77700] loss=0.6306 logical=0.5435 leak=0.0871 train_ler=0.906 lr=2.03e-04 2.8 it/s
[  77800] loss=0.6875 logical=0.5992 leak=0.0884 train_ler=0.938 lr=2.03e-04 2.8 it/s
[  77900] loss=0.6558 logical=0.5674 leak=0.0884 train_ler=0.926 lr=2.02e-04 2.8 it/s
[  78000] loss=0.6553 logical=0.5637 leak=0.0916 train_ler=0.922 lr=2.02e-04 2.8 it/s
[  78100] loss=0.6397 logical=0.5539 leak=0.0859 train_ler=0.898 lr=2.02e-04 2.8 it/s
[  78200] loss=0.6363 logical=0.5494 leak=0.0870 train_ler=0.910 lr=2.02e-04 2.8 it/s
[  78300] loss=0.6411 logical=0.5484 leak=0.0926 train_ler=0.895 lr=2.02e-04 2.8 it/s
[  78400] loss=0.6403 logical=0.5512 leak=0.0892 train_ler=0.891 lr=2.01e-04 2.8 it/s
[  78500] loss=0.6540 logical=0.5678 leak=0.0862 train_ler=0.906 lr=2.01e-04 2.8 it/s
[  78600] loss=0.6516 logical=0.5660 leak=0.0856 train_ler=0.914 lr=2.01e-04 2.8 it/s
[  78700] loss=0.6536 logical=0.5614 leak=0.0922 train_ler=0.930 lr=2.01e-04 2.8 it/s
[  78800] loss=0.6239 logical=0.5383 leak=0.0857 train_ler=0.934 lr=2.00e-04 2.8 it/s
[  78900] loss=0.6321 logical=0.5453 leak=0.0867 train_ler=0.902 lr=2.00e-04 2.8 it/s
[  79000] loss=0.6460 logical=0.5598 leak=0.0862 train_ler=0.930 lr=2.00e-04 2.8 it/s
[  79100] loss=0.6338 logical=0.5466 leak=0.0873 train_ler=0.891 lr=2.00e-04 2.8 it/s
[  79200] loss=0.6642 logical=0.5747 leak=0.0895 train_ler=0.941 lr=1.99e-04 2.8 it/s
[  79300] loss=0.6528 logical=0.5578 leak=0.0950 train_ler=0.918 lr=1.99e-04 2.8 it/s
[  79400] loss=0.6526 logical=0.5651 leak=0.0875 train_ler=0.930 lr=1.99e-04 2.8 it/s
[  79500] loss=0.6569 logical=0.5648 leak=0.0921 train_ler=0.926 lr=1.99e-04 2.8 it/s
[  79600] loss=0.6480 logical=0.5557 leak=0.0923 train_ler=0.898 lr=1.99e-04 2.8 it/s
[  79700] loss=0.6710 logical=0.5813 leak=0.0897 train_ler=0.914 lr=1.98e-04 2.8 it/s
[  79800] loss=0.6504 logical=0.5601 leak=0.0902 train_ler=0.918 lr=1.98e-04 2.8 it/s
[  79900] loss=0.6528 logical=0.5622 leak=0.0907 train_ler=0.891 lr=1.98e-04 2.8 it/s
[eval 80000] val LER=0.9201 (18402/20000) leak P/R=0.694/0.014 | T2-2 shots LER=0.9205 (1841/2000)  [B1 0.159, ORC 0.106]
[  80000] loss=0.6537 logical=0.5664 leak=0.0874 train_ler=0.914 lr=1.98e-04 281.5 it/s
[  80100] loss=0.6449 logical=0.5598 leak=0.0851 train_ler=0.918 lr=1.97e-04 2.8 it/s
[  80200] loss=0.6416 logical=0.5513 leak=0.0903 train_ler=0.914 lr=1.97e-04 2.8 it/s
[  80300] loss=0.6507 logical=0.5643 leak=0.0864 train_ler=0.922 lr=1.97e-04 2.8 it/s
[  80400] loss=0.6523 logical=0.5595 leak=0.0928 train_ler=0.926 lr=1.97e-04 2.8 it/s
[  80500] loss=0.6445 logical=0.5563 leak=0.0882 train_ler=0.883 lr=1.97e-04 2.8 it/s
[  80600] loss=0.6277 logical=0.5398 leak=0.0878 train_ler=0.906 lr=1.96e-04 2.8 it/s
[  80700] loss=0.6729 logical=0.5814 leak=0.0914 train_ler=0.941 lr=1.96e-04 2.8 it/s
[  80800] loss=0.6491 logical=0.5537 leak=0.0954 train_ler=0.902 lr=1.96e-04 2.8 it/s
[  80900] loss=0.6657 logical=0.5775 leak=0.0882 train_ler=0.926 lr=1.96e-04 2.8 it/s
[  81000] loss=0.6263 logical=0.5384 leak=0.0878 train_ler=0.902 lr=1.95e-04 2.8 it/s
[  81100] loss=0.6470 logical=0.5608 leak=0.0862 train_ler=0.918 lr=1.95e-04 2.8 it/s
[  81200] loss=0.6512 logical=0.5571 leak=0.0941 train_ler=0.895 lr=1.95e-04 2.8 it/s
[  81300] loss=0.6448 logical=0.5571 leak=0.0877 train_ler=0.895 lr=1.95e-04 2.8 it/s
[  81400] loss=0.6471 logical=0.5571 leak=0.0900 train_ler=0.934 lr=1.95e-04 2.8 it/s
[  81500] loss=0.6218 logical=0.5331 leak=0.0886 train_ler=0.895 lr=1.94e-04 2.8 it/s
[  81600] loss=0.6567 logical=0.5687 leak=0.0880 train_ler=0.938 lr=1.94e-04 2.8 it/s
[  81700] loss=0.6316 logical=0.5409 leak=0.0907 train_ler=0.887 lr=1.94e-04 2.8 it/s
[  81800] loss=0.6319 logical=0.5415 leak=0.0904 train_ler=0.895 lr=1.94e-04 2.8 it/s
[  81900] loss=0.6652 logical=0.5803 leak=0.0849 train_ler=0.922 lr=1.93e-04 2.8 it/s
[  82000] loss=0.6408 logical=0.5517 leak=0.0892 train_ler=0.902 lr=1.93e-04 2.8 it/s
[  82100] loss=0.6403 logical=0.5549 leak=0.0854 train_ler=0.910 lr=1.93e-04 2.8 it/s
[  82200] loss=0.6481 logical=0.5573 leak=0.0908 train_ler=0.910 lr=1.93e-04 2.8 it/s
[  82300] loss=0.6444 logical=0.5600 leak=0.0844 train_ler=0.930 lr=1.93e-04 2.8 it/s
[  82400] loss=0.6645 logical=0.5786 leak=0.0859 train_ler=0.949 lr=1.92e-04 2.8 it/s
[  82500] loss=0.6668 logical=0.5790 leak=0.0878 train_ler=0.941 lr=1.92e-04 2.8 it/s
[  82600] loss=0.6489 logical=0.5603 leak=0.0885 train_ler=0.922 lr=1.92e-04 2.8 it/s
[  82700] loss=0.6602 logical=0.5692 leak=0.0910 train_ler=0.906 lr=1.92e-04 2.8 it/s
[  82800] loss=0.6318 logical=0.5489 leak=0.0830 train_ler=0.926 lr=1.91e-04 2.8 it/s
[  82900] loss=0.6700 logical=0.5794 leak=0.0906 train_ler=0.949 lr=1.91e-04 2.8 it/s
[  83000] loss=0.6366 logical=0.5520 leak=0.0846 train_ler=0.926 lr=1.91e-04 2.8 it/s
[  83100] loss=0.6444 logical=0.5536 leak=0.0909 train_ler=0.918 lr=1.91e-04 2.8 it/s
[  83200] loss=0.6519 logical=0.5662 leak=0.0858 train_ler=0.918 lr=1.90e-04 2.8 it/s
[  83300] loss=0.6391 logical=0.5493 leak=0.0897 train_ler=0.883 lr=1.90e-04 2.8 it/s
[  83400] loss=0.6390 logical=0.5510 leak=0.0881 train_ler=0.883 lr=1.90e-04 2.8 it/s
[  83500] loss=0.6449 logical=0.5541 leak=0.0908 train_ler=0.926 lr=1.90e-04 2.8 it/s
[  83600] loss=0.6520 logical=0.5683 leak=0.0837 train_ler=0.906 lr=1.90e-04 2.8 it/s
[  83700] loss=0.6400 logical=0.5513 leak=0.0887 train_ler=0.914 lr=1.89e-04 2.8 it/s
[  83800] loss=0.6700 logical=0.5787 leak=0.0912 train_ler=0.906 lr=1.89e-04 2.8 it/s
[  83900] loss=0.6361 logical=0.5495 leak=0.0866 train_ler=0.922 lr=1.89e-04 2.8 it/s
[  84000] loss=0.6615 logical=0.5716 leak=0.0899 train_ler=0.910 lr=1.89e-04 2.8 it/s
[  84100] loss=0.6506 logical=0.5610 leak=0.0896 train_ler=0.914 lr=1.88e-04 2.8 it/s
[  84200] loss=0.6665 logical=0.5732 leak=0.0934 train_ler=0.945 lr=1.88e-04 2.8 it/s
[  84300] loss=0.6557 logical=0.5661 leak=0.0895 train_ler=0.914 lr=1.88e-04 2.8 it/s
[  84400] loss=0.6325 logical=0.5445 leak=0.0880 train_ler=0.918 lr=1.88e-04 2.8 it/s
[  84500] loss=0.6743 logical=0.5791 leak=0.0952 train_ler=0.922 lr=1.87e-04 2.8 it/s
[  84600] loss=0.6488 logical=0.5605 leak=0.0883 train_ler=0.914 lr=1.87e-04 2.8 it/s
[  84700] loss=0.6357 logical=0.5499 leak=0.0858 train_ler=0.910 lr=1.87e-04 2.8 it/s
[  84800] loss=0.6531 logical=0.5646 leak=0.0884 train_ler=0.926 lr=1.87e-04 2.8 it/s
[  84900] loss=0.6344 logical=0.5463 leak=0.0881 train_ler=0.910 lr=1.87e-04 2.8 it/s
[eval 85000] val LER=0.9180 (18359/20000) leak P/R=0.701/0.014 | T2-2 shots LER=0.9165 (1833/2000)  [B1 0.159, ORC 0.106]
[  85000] loss=0.6759 logical=0.5785 leak=0.0973 train_ler=0.910 lr=1.86e-04 280.1 it/s
[  85100] loss=0.6584 logical=0.5640 leak=0.0943 train_ler=0.914 lr=1.86e-04 2.8 it/s
[  85200] loss=0.6315 logical=0.5395 leak=0.0920 train_ler=0.898 lr=1.86e-04 2.8 it/s
[  85300] loss=0.6428 logical=0.5550 leak=0.0878 train_ler=0.898 lr=1.86e-04 2.8 it/s
[  85400] loss=0.6405 logical=0.5511 leak=0.0894 train_ler=0.906 lr=1.85e-04 2.8 it/s
[  85500] loss=0.6317 logical=0.5418 leak=0.0899 train_ler=0.898 lr=1.85e-04 2.8 it/s
[  85600] loss=0.6408 logical=0.5530 leak=0.0878 train_ler=0.914 lr=1.85e-04 2.8 it/s
[  85700] loss=0.6353 logical=0.5471 leak=0.0882 train_ler=0.914 lr=1.85e-04 2.8 it/s
[  85800] loss=0.6488 logical=0.5581 leak=0.0907 train_ler=0.895 lr=1.84e-04 2.8 it/s
[  85900] loss=0.6452 logical=0.5555 leak=0.0897 train_ler=0.934 lr=1.84e-04 2.8 it/s
[  86000] loss=0.6545 logical=0.5630 leak=0.0915 train_ler=0.926 lr=1.84e-04 2.8 it/s
[  86100] loss=0.6367 logical=0.5460 leak=0.0906 train_ler=0.883 lr=1.84e-04 2.8 it/s
[  86200] loss=0.6256 logical=0.5389 leak=0.0867 train_ler=0.906 lr=1.84e-04 2.8 it/s
[  86300] loss=0.6391 logical=0.5500 leak=0.0891 train_ler=0.926 lr=1.83e-04 2.8 it/s
[  86400] loss=0.6712 logical=0.5820 leak=0.0892 train_ler=0.934 lr=1.83e-04 2.8 it/s
[  86500] loss=0.6465 logical=0.5617 leak=0.0848 train_ler=0.930 lr=1.83e-04 2.8 it/s
[  86600] loss=0.6328 logical=0.5432 leak=0.0896 train_ler=0.902 lr=1.83e-04 2.8 it/s
[  86700] loss=0.6704 logical=0.5826 leak=0.0878 train_ler=0.926 lr=1.82e-04 2.8 it/s
[  86800] loss=0.6302 logical=0.5413 leak=0.0889 train_ler=0.906 lr=1.82e-04 2.8 it/s
[  86900] loss=0.6407 logical=0.5539 leak=0.0868 train_ler=0.914 lr=1.82e-04 2.8 it/s
[  87000] loss=0.6453 logical=0.5580 leak=0.0872 train_ler=0.918 lr=1.82e-04 2.8 it/s
[  87100] loss=0.6251 logical=0.5387 leak=0.0865 train_ler=0.895 lr=1.81e-04 2.8 it/s
[  87200] loss=0.6577 logical=0.5664 leak=0.0912 train_ler=0.934 lr=1.81e-04 2.8 it/s
[  87300] loss=0.6590 logical=0.5689 leak=0.0901 train_ler=0.930 lr=1.81e-04 2.8 it/s
[  87400] loss=0.6445 logical=0.5570 leak=0.0875 train_ler=0.891 lr=1.81e-04 2.8 it/s
[  87500] loss=0.6444 logical=0.5563 leak=0.0881 train_ler=0.906 lr=1.81e-04 2.8 it/s
[  87600] loss=0.6525 logical=0.5636 leak=0.0889 train_ler=0.906 lr=1.80e-04 2.8 it/s
[  87700] loss=0.6360 logical=0.5507 leak=0.0852 train_ler=0.906 lr=1.80e-04 2.8 it/s
[  87800] loss=0.6509 logical=0.5632 leak=0.0877 train_ler=0.934 lr=1.80e-04 2.8 it/s
[  87900] loss=0.6673 logical=0.5787 leak=0.0887 train_ler=0.934 lr=1.80e-04 2.8 it/s
[  88000] loss=0.6426 logical=0.5529 leak=0.0897 train_ler=0.910 lr=1.79e-04 2.8 it/s
[  88100] loss=0.6649 logical=0.5767 leak=0.0882 train_ler=0.926 lr=1.79e-04 2.8 it/s
[  88200] loss=0.6923 logical=0.5993 leak=0.0930 train_ler=0.949 lr=1.79e-04 2.8 it/s
[  88300] loss=0.6637 logical=0.5751 leak=0.0885 train_ler=0.926 lr=1.79e-04 2.8 it/s
[  88400] loss=0.6482 logical=0.5594 leak=0.0887 train_ler=0.926 lr=1.78e-04 2.8 it/s
[  88500] loss=0.6429 logical=0.5531 leak=0.0898 train_ler=0.918 lr=1.78e-04 2.8 it/s
[  88600] loss=0.6436 logical=0.5541 leak=0.0895 train_ler=0.918 lr=1.78e-04 2.8 it/s
[  88700] loss=0.6495 logical=0.5600 leak=0.0895 train_ler=0.922 lr=1.78e-04 2.8 it/s
[  88800] loss=0.6409 logical=0.5533 leak=0.0876 train_ler=0.930 lr=1.78e-04 2.8 it/s
[  88900] loss=0.6388 logical=0.5523 leak=0.0865 train_ler=0.906 lr=1.77e-04 2.8 it/s
[  89000] loss=0.6405 logical=0.5502 leak=0.0903 train_ler=0.906 lr=1.77e-04 2.8 it/s
[  89100] loss=0.6191 logical=0.5313 leak=0.0878 train_ler=0.918 lr=1.77e-04 2.8 it/s
[  89200] loss=0.6515 logical=0.5606 leak=0.0909 train_ler=0.918 lr=1.77e-04 2.8 it/s
[  89300] loss=0.6427 logical=0.5560 leak=0.0866 train_ler=0.906 lr=1.76e-04 2.8 it/s
[  89400] loss=0.6441 logical=0.5569 leak=0.0873 train_ler=0.875 lr=1.76e-04 2.8 it/s
[  89500] loss=0.6442 logical=0.5583 leak=0.0859 train_ler=0.918 lr=1.76e-04 2.8 it/s
[  89600] loss=0.6656 logical=0.5741 leak=0.0914 train_ler=0.922 lr=1.76e-04 2.8 it/s
[  89700] loss=0.6408 logical=0.5538 leak=0.0870 train_ler=0.918 lr=1.75e-04 2.8 it/s
[  89800] loss=0.6334 logical=0.5462 leak=0.0872 train_ler=0.898 lr=1.75e-04 2.8 it/s
[  89900] loss=0.6293 logical=0.5427 leak=0.0867 train_ler=0.883 lr=1.75e-04 2.8 it/s
[eval 90000] val LER=0.9160 (18319/20000) leak P/R=0.703/0.014 | T2-2 shots LER=0.9150 (1830/2000)  [B1 0.159, ORC 0.106]
[  90000] loss=0.6398 logical=0.5526 leak=0.0873 train_ler=0.914 lr=1.75e-04 279.5 it/s
[  90100] loss=0.6493 logical=0.5597 leak=0.0896 train_ler=0.922 lr=1.75e-04 2.8 it/s
[  90200] loss=0.6581 logical=0.5669 leak=0.0911 train_ler=0.922 lr=1.74e-04 2.8 it/s
[  90300] loss=0.6329 logical=0.5446 leak=0.0884 train_ler=0.895 lr=1.74e-04 2.8 it/s
[  90400] loss=0.6721 logical=0.5802 leak=0.0919 train_ler=0.926 lr=1.74e-04 2.8 it/s
[  90500] loss=0.6609 logical=0.5700 leak=0.0909 train_ler=0.922 lr=1.74e-04 2.8 it/s
[  90600] loss=0.6561 logical=0.5677 leak=0.0884 train_ler=0.914 lr=1.73e-04 2.8 it/s
[  90700] loss=0.6590 logical=0.5684 leak=0.0906 train_ler=0.918 lr=1.73e-04 2.8 it/s
[  90800] loss=0.6441 logical=0.5518 leak=0.0924 train_ler=0.891 lr=1.73e-04 2.8 it/s
[  90900] loss=0.6631 logical=0.5716 leak=0.0915 train_ler=0.938 lr=1.73e-04 2.8 it/s
[  91000] loss=0.6427 logical=0.5563 leak=0.0865 train_ler=0.879 lr=1.72e-04 2.8 it/s
[  91100] loss=0.6483 logical=0.5544 leak=0.0939 train_ler=0.887 lr=1.72e-04 2.8 it/s
[  91200] loss=0.6378 logical=0.5492 leak=0.0886 train_ler=0.902 lr=1.72e-04 2.8 it/s
[  91300] loss=0.6572 logical=0.5697 leak=0.0876 train_ler=0.922 lr=1.72e-04 2.8 it/s
[  91400] loss=0.6421 logical=0.5506 leak=0.0915 train_ler=0.922 lr=1.71e-04 2.8 it/s
[  91500] loss=0.6302 logical=0.5442 leak=0.0861 train_ler=0.887 lr=1.71e-04 2.8 it/s
[  91600] loss=0.6387 logical=0.5502 leak=0.0885 train_ler=0.930 lr=1.71e-04 2.8 it/s
[  91700] loss=0.6308 logical=0.5408 leak=0.0900 train_ler=0.918 lr=1.71e-04 2.8 it/s
[  91800] loss=0.6484 logical=0.5593 leak=0.0891 train_ler=0.910 lr=1.71e-04 2.8 it/s
[  91900] loss=0.6462 logical=0.5579 leak=0.0883 train_ler=0.922 lr=1.70e-04 2.8 it/s
[  92000] loss=0.6507 logical=0.5628 leak=0.0879 train_ler=0.902 lr=1.70e-04 2.8 it/s
[  92100] loss=0.6595 logical=0.5700 leak=0.0895 train_ler=0.914 lr=1.70e-04 2.8 it/s
[  92200] loss=0.6581 logical=0.5722 leak=0.0859 train_ler=0.934 lr=1.70e-04 2.8 it/s
[  92300] loss=0.6305 logical=0.5421 leak=0.0884 train_ler=0.910 lr=1.69e-04 2.8 it/s
[  92400] loss=0.6586 logical=0.5699 leak=0.0887 train_ler=0.930 lr=1.69e-04 2.8 it/s
[  92500] loss=0.6607 logical=0.5693 leak=0.0914 train_ler=0.934 lr=1.69e-04 2.8 it/s
[  92600] loss=0.6571 logical=0.5642 leak=0.0929 train_ler=0.914 lr=1.69e-04 2.8 it/s
[  92700] loss=0.6332 logical=0.5432 leak=0.0900 train_ler=0.914 lr=1.68e-04 2.8 it/s
[  92800] loss=0.6318 logical=0.5437 leak=0.0880 train_ler=0.922 lr=1.68e-04 2.8 it/s
[  92900] loss=0.6492 logical=0.5611 leak=0.0881 train_ler=0.930 lr=1.68e-04 2.8 it/s
[  93000] loss=0.6154 logical=0.5243 leak=0.0910 train_ler=0.879 lr=1.68e-04 2.8 it/s
[  93100] loss=0.6534 logical=0.5634 leak=0.0900 train_ler=0.930 lr=1.67e-04 2.8 it/s
[  93200] loss=0.6491 logical=0.5614 leak=0.0877 train_ler=0.914 lr=1.67e-04 2.8 it/s
[  93300] loss=0.6492 logical=0.5606 leak=0.0886 train_ler=0.918 lr=1.67e-04 2.8 it/s
[  93400] loss=0.6430 logical=0.5526 leak=0.0904 train_ler=0.918 lr=1.67e-04 2.8 it/s
[  93500] loss=0.6354 logical=0.5516 leak=0.0838 train_ler=0.910 lr=1.67e-04 2.8 it/s
[  93600] loss=0.6440 logical=0.5562 leak=0.0879 train_ler=0.891 lr=1.66e-04 2.8 it/s
[  93700] loss=0.6310 logical=0.5441 leak=0.0869 train_ler=0.906 lr=1.66e-04 2.8 it/s
[  93800] loss=0.6401 logical=0.5475 leak=0.0926 train_ler=0.906 lr=1.66e-04 2.8 it/s
[  93900] loss=0.6549 logical=0.5648 leak=0.0901 train_ler=0.914 lr=1.66e-04 2.8 it/s
[  94000] loss=0.6509 logical=0.5629 leak=0.0880 train_ler=0.918 lr=1.65e-04 2.8 it/s
[  94100] loss=0.6595 logical=0.5716 leak=0.0880 train_ler=0.918 lr=1.65e-04 2.8 it/s
[  94200] loss=0.6524 logical=0.5610 leak=0.0914 train_ler=0.945 lr=1.65e-04 2.8 it/s
[  94300] loss=0.6364 logical=0.5442 leak=0.0922 train_ler=0.887 lr=1.65e-04 2.8 it/s
[  94400] loss=0.6754 logical=0.5825 leak=0.0929 train_ler=0.906 lr=1.64e-04 2.8 it/s
[  94500] loss=0.6442 logical=0.5568 leak=0.0874 train_ler=0.910 lr=1.64e-04 2.8 it/s
[  94600] loss=0.6357 logical=0.5457 leak=0.0900 train_ler=0.898 lr=1.64e-04 2.8 it/s
[  94700] loss=0.6625 logical=0.5729 leak=0.0896 train_ler=0.898 lr=1.64e-04 2.8 it/s
[  94800] loss=0.6471 logical=0.5551 leak=0.0920 train_ler=0.879 lr=1.63e-04 2.8 it/s
[  94900] loss=0.6355 logical=0.5469 leak=0.0886 train_ler=0.887 lr=1.63e-04 2.8 it/s
[eval 95000] val LER=0.9152 (18303/20000) leak P/R=0.697/0.014 | T2-2 shots LER=0.9105 (1821/2000)  [B1 0.159, ORC 0.106]
[  95000] loss=0.6248 logical=0.5341 leak=0.0907 train_ler=0.867 lr=1.63e-04 278.5 it/s
[  95100] loss=0.6294 logical=0.5418 leak=0.0876 train_ler=0.902 lr=1.63e-04 2.8 it/s
[  95200] loss=0.6657 logical=0.5718 leak=0.0939 train_ler=0.918 lr=1.63e-04 2.8 it/s
[  95300] loss=0.6471 logical=0.5523 leak=0.0947 train_ler=0.895 lr=1.62e-04 2.8 it/s
[  95400] loss=0.6451 logical=0.5546 leak=0.0905 train_ler=0.926 lr=1.62e-04 2.8 it/s
[  95500] loss=0.6488 logical=0.5598 leak=0.0890 train_ler=0.930 lr=1.62e-04 2.8 it/s
[  95600] loss=0.6445 logical=0.5563 leak=0.0882 train_ler=0.910 lr=1.62e-04 2.8 it/s
[  95700] loss=0.6642 logical=0.5700 leak=0.0942 train_ler=0.910 lr=1.61e-04 2.8 it/s
[  95800] loss=0.6266 logical=0.5406 leak=0.0860 train_ler=0.883 lr=1.61e-04 2.8 it/s
[  95900] loss=0.6581 logical=0.5672 leak=0.0909 train_ler=0.934 lr=1.61e-04 2.8 it/s
[  96000] loss=0.6541 logical=0.5655 leak=0.0886 train_ler=0.953 lr=1.61e-04 2.8 it/s
[  96100] loss=0.6349 logical=0.5469 leak=0.0881 train_ler=0.910 lr=1.60e-04 2.8 it/s
[  96200] loss=0.6411 logical=0.5460 leak=0.0951 train_ler=0.887 lr=1.60e-04 2.8 it/s
[  96300] loss=0.6379 logical=0.5514 leak=0.0865 train_ler=0.914 lr=1.60e-04 2.8 it/s
[  96400] loss=0.6420 logical=0.5510 leak=0.0910 train_ler=0.902 lr=1.60e-04 2.8 it/s
[  96500] loss=0.6518 logical=0.5600 leak=0.0918 train_ler=0.914 lr=1.59e-04 2.8 it/s
[  96600] loss=0.6381 logical=0.5501 leak=0.0880 train_ler=0.926 lr=1.59e-04 2.8 it/s
[  96700] loss=0.6450 logical=0.5556 leak=0.0893 train_ler=0.914 lr=1.59e-04 2.8 it/s
[  96800] loss=0.6739 logical=0.5790 leak=0.0949 train_ler=0.938 lr=1.59e-04 2.8 it/s
[  96900] loss=0.6374 logical=0.5500 leak=0.0874 train_ler=0.898 lr=1.59e-04 2.8 it/s
[  97000] loss=0.6349 logical=0.5492 leak=0.0857 train_ler=0.910 lr=1.58e-04 2.8 it/s
[  97100] loss=0.6399 logical=0.5552 leak=0.0847 train_ler=0.914 lr=1.58e-04 2.8 it/s
[  97200] loss=0.6330 logical=0.5424 leak=0.0905 train_ler=0.867 lr=1.58e-04 2.8 it/s
[  97300] loss=0.6551 logical=0.5666 leak=0.0885 train_ler=0.891 lr=1.58e-04 2.8 it/s
[  97400] loss=0.6302 logical=0.5406 leak=0.0896 train_ler=0.887 lr=1.57e-04 2.8 it/s
[  97500] loss=0.6462 logical=0.5589 leak=0.0873 train_ler=0.934 lr=1.57e-04 2.8 it/s
[  97600] loss=0.6287 logical=0.5386 leak=0.0901 train_ler=0.887 lr=1.57e-04 2.8 it/s
[  97700] loss=0.6317 logical=0.5449 leak=0.0867 train_ler=0.902 lr=1.57e-04 2.8 it/s
[  97800] loss=0.6344 logical=0.5433 leak=0.0911 train_ler=0.914 lr=1.56e-04 2.8 it/s
[  97900] loss=0.6420 logical=0.5516 leak=0.0903 train_ler=0.902 lr=1.56e-04 2.8 it/s
[  98000] loss=0.6391 logical=0.5501 leak=0.0890 train_ler=0.910 lr=1.56e-04 2.8 it/s
[  98100] loss=0.6812 logical=0.5876 leak=0.0936 train_ler=0.938 lr=1.56e-04 2.8 it/s
[  98200] loss=0.6437 logical=0.5525 leak=0.0912 train_ler=0.922 lr=1.55e-04 2.8 it/s
[  98300] loss=0.6285 logical=0.5441 leak=0.0844 train_ler=0.875 lr=1.55e-04 2.8 it/s
[  98400] loss=0.6491 logical=0.5587 leak=0.0904 train_ler=0.918 lr=1.55e-04 2.8 it/s
[  98500] loss=0.6351 logical=0.5470 leak=0.0881 train_ler=0.922 lr=1.55e-04 2.8 it/s
[  98600] loss=0.6481 logical=0.5573 leak=0.0908 train_ler=0.918 lr=1.54e-04 2.8 it/s
[  98700] loss=0.6426 logical=0.5525 leak=0.0901 train_ler=0.922 lr=1.54e-04 2.8 it/s
[  98800] loss=0.6308 logical=0.5430 leak=0.0878 train_ler=0.902 lr=1.54e-04 2.8 it/s
[  98900] loss=0.6503 logical=0.5640 leak=0.0863 train_ler=0.926 lr=1.54e-04 2.8 it/s
[  99000] loss=0.6453 logical=0.5564 leak=0.0889 train_ler=0.922 lr=1.54e-04 2.8 it/s
[  99100] loss=0.6480 logical=0.5601 leak=0.0878 train_ler=0.906 lr=1.53e-04 2.8 it/s
[  99200] loss=0.6707 logical=0.5807 leak=0.0900 train_ler=0.934 lr=1.53e-04 2.8 it/s
[  99300] loss=0.6627 logical=0.5722 leak=0.0905 train_ler=0.914 lr=1.53e-04 2.8 it/s
[  99400] loss=0.6619 logical=0.5657 leak=0.0961 train_ler=0.926 lr=1.53e-04 2.8 it/s
[  99500] loss=0.6329 logical=0.5425 leak=0.0904 train_ler=0.895 lr=1.52e-04 2.8 it/s
[  99600] loss=0.6434 logical=0.5554 leak=0.0880 train_ler=0.914 lr=1.52e-04 2.8 it/s
[  99700] loss=0.6367 logical=0.5446 leak=0.0921 train_ler=0.910 lr=1.52e-04 2.8 it/s
[  99800] loss=0.6366 logical=0.5485 leak=0.0881 train_ler=0.902 lr=1.52e-04 2.8 it/s
[  99900] loss=0.6394 logical=0.5549 leak=0.0845 train_ler=0.902 lr=1.51e-04 2.8 it/s
[eval 100000] val LER=0.9137 (18275/20000) leak P/R=0.690/0.014 | T2-2 shots LER=0.9125 (1825/2000)  [B1 0.159, ORC 0.106]
[ 100000] loss=0.6681 logical=0.5739 leak=0.0942 train_ler=0.941 lr=1.51e-04 281.4 it/s
[ 100100] loss=0.6779 logical=0.5878 leak=0.0901 train_ler=0.949 lr=1.51e-04 2.8 it/s
[ 100200] loss=0.6266 logical=0.5384 leak=0.0882 train_ler=0.887 lr=1.51e-04 2.8 it/s
[ 100300] loss=0.6325 logical=0.5415 leak=0.0910 train_ler=0.898 lr=1.50e-04 2.8 it/s
[ 100400] loss=0.6454 logical=0.5554 leak=0.0900 train_ler=0.938 lr=1.50e-04 2.8 it/s
[ 100500] loss=0.6503 logical=0.5580 leak=0.0923 train_ler=0.918 lr=1.50e-04 2.8 it/s
[ 100600] loss=0.6570 logical=0.5696 leak=0.0875 train_ler=0.918 lr=1.50e-04 2.8 it/s
[ 100700] loss=0.6339 logical=0.5449 leak=0.0890 train_ler=0.898 lr=1.50e-04 2.8 it/s
[ 100800] loss=0.6470 logical=0.5558 leak=0.0912 train_ler=0.910 lr=1.49e-04 2.8 it/s
[ 100900] loss=0.6569 logical=0.5682 leak=0.0887 train_ler=0.906 lr=1.49e-04 2.8 it/s
[ 101000] loss=0.6448 logical=0.5562 leak=0.0886 train_ler=0.906 lr=1.49e-04 2.7 it/s
[ 101100] loss=0.6625 logical=0.5704 leak=0.0920 train_ler=0.930 lr=1.49e-04 2.8 it/s
[ 101200] loss=0.6516 logical=0.5652 leak=0.0863 train_ler=0.930 lr=1.48e-04 2.8 it/s
[ 101300] loss=0.6632 logical=0.5739 leak=0.0893 train_ler=0.930 lr=1.48e-04 2.8 it/s
[ 101400] loss=0.6422 logical=0.5532 leak=0.0890 train_ler=0.918 lr=1.48e-04 2.8 it/s
[ 101500] loss=0.6481 logical=0.5618 leak=0.0862 train_ler=0.918 lr=1.48e-04 2.8 it/s
[ 101600] loss=0.6416 logical=0.5553 leak=0.0863 train_ler=0.895 lr=1.47e-04 2.8 it/s
[ 101700] loss=0.6324 logical=0.5477 leak=0.0847 train_ler=0.895 lr=1.47e-04 2.8 it/s
[ 101800] loss=0.6497 logical=0.5627 leak=0.0870 train_ler=0.926 lr=1.47e-04 2.8 it/s
[ 101900] loss=0.6402 logical=0.5530 leak=0.0872 train_ler=0.902 lr=1.47e-04 2.8 it/s
[ 102000] loss=0.6464 logical=0.5571 leak=0.0893 train_ler=0.910 lr=1.46e-04 2.8 it/s
[ 102100] loss=0.6246 logical=0.5367 leak=0.0879 train_ler=0.898 lr=1.46e-04 2.8 it/s
[ 102200] loss=0.6498 logical=0.5612 leak=0.0886 train_ler=0.926 lr=1.46e-04 2.8 it/s
[ 102300] loss=0.6472 logical=0.5585 leak=0.0887 train_ler=0.902 lr=1.46e-04 2.8 it/s
[ 102400] loss=0.6291 logical=0.5415 leak=0.0876 train_ler=0.898 lr=1.46e-04 2.8 it/s
[ 102500] loss=0.6787 logical=0.5895 leak=0.0892 train_ler=0.934 lr=1.45e-04 2.8 it/s
[ 102600] loss=0.6352 logical=0.5452 leak=0.0901 train_ler=0.918 lr=1.45e-04 2.8 it/s
[ 102700] loss=0.6306 logical=0.5442 leak=0.0864 train_ler=0.898 lr=1.45e-04 2.8 it/s
[ 102800] loss=0.6590 logical=0.5689 leak=0.0901 train_ler=0.934 lr=1.45e-04 2.8 it/s
[ 102900] loss=0.6378 logical=0.5501 leak=0.0877 train_ler=0.898 lr=1.44e-04 2.8 it/s
[ 103000] loss=0.6363 logical=0.5512 leak=0.0850 train_ler=0.914 lr=1.44e-04 2.8 it/s
[ 103100] loss=0.6380 logical=0.5482 leak=0.0898 train_ler=0.895 lr=1.44e-04 2.8 it/s
[ 103200] loss=0.6574 logical=0.5654 leak=0.0920 train_ler=0.922 lr=1.44e-04 2.8 it/s
[ 103300] loss=0.6642 logical=0.5756 leak=0.0885 train_ler=0.945 lr=1.43e-04 2.8 it/s
[ 103400] loss=0.6496 logical=0.5647 leak=0.0848 train_ler=0.934 lr=1.43e-04 2.8 it/s
[ 103500] loss=0.6741 logical=0.5834 leak=0.0908 train_ler=0.934 lr=1.43e-04 2.8 it/s
[ 103600] loss=0.6589 logical=0.5681 leak=0.0908 train_ler=0.930 lr=1.43e-04 2.8 it/s
[ 103700] loss=0.6376 logical=0.5509 leak=0.0867 train_ler=0.898 lr=1.42e-04 2.8 it/s
[ 103800] loss=0.6646 logical=0.5732 leak=0.0914 train_ler=0.934 lr=1.42e-04 2.8 it/s
[ 103900] loss=0.6572 logical=0.5690 leak=0.0882 train_ler=0.910 lr=1.42e-04 2.8 it/s
[ 104000] loss=0.6677 logical=0.5739 leak=0.0939 train_ler=0.930 lr=1.42e-04 2.8 it/s
[ 104100] loss=0.6411 logical=0.5516 leak=0.0895 train_ler=0.910 lr=1.41e-04 2.8 it/s
[ 104200] loss=0.6470 logical=0.5548 leak=0.0922 train_ler=0.934 lr=1.41e-04 2.8 it/s
[ 104300] loss=0.6254 logical=0.5377 leak=0.0877 train_ler=0.859 lr=1.41e-04 2.8 it/s
[ 104400] loss=0.6376 logical=0.5478 leak=0.0898 train_ler=0.902 lr=1.41e-04 2.8 it/s
[ 104500] loss=0.6322 logical=0.5436 leak=0.0886 train_ler=0.910 lr=1.41e-04 2.8 it/s
[ 104600] loss=0.6547 logical=0.5668 leak=0.0879 train_ler=0.938 lr=1.40e-04 2.8 it/s
[ 104700] loss=0.6419 logical=0.5533 leak=0.0886 train_ler=0.891 lr=1.40e-04 2.8 it/s
[ 104800] loss=0.6654 logical=0.5736 leak=0.0918 train_ler=0.922 lr=1.40e-04 2.8 it/s
[ 104900] loss=0.6448 logical=0.5546 leak=0.0903 train_ler=0.922 lr=1.40e-04 2.8 it/s
[eval 105000] val LER=0.9123 (18247/20000) leak P/R=0.701/0.014 | T2-2 shots LER=0.9125 (1825/2000)  [B1 0.159, ORC 0.106]
[ 105000] loss=0.6203 logical=0.5306 leak=0.0898 train_ler=0.875 lr=1.39e-04 281.7 it/s
[ 105100] loss=0.6569 logical=0.5688 leak=0.0880 train_ler=0.926 lr=1.39e-04 2.8 it/s
[ 105200] loss=0.6367 logical=0.5444 leak=0.0923 train_ler=0.914 lr=1.39e-04 2.8 it/s
[ 105300] loss=0.6448 logical=0.5543 leak=0.0905 train_ler=0.910 lr=1.39e-04 2.8 it/s
[ 105400] loss=0.6440 logical=0.5541 leak=0.0899 train_ler=0.910 lr=1.38e-04 2.8 it/s
[ 105500] loss=0.6450 logical=0.5541 leak=0.0909 train_ler=0.910 lr=1.38e-04 2.8 it/s
[ 105600] loss=0.6360 logical=0.5478 leak=0.0882 train_ler=0.898 lr=1.38e-04 2.8 it/s
[ 105700] loss=0.6496 logical=0.5599 leak=0.0897 train_ler=0.941 lr=1.38e-04 2.8 it/s
[ 105800] loss=0.6592 logical=0.5738 leak=0.0854 train_ler=0.941 lr=1.37e-04 2.8 it/s
[ 105900] loss=0.6373 logical=0.5513 leak=0.0859 train_ler=0.906 lr=1.37e-04 2.8 it/s
[ 106000] loss=0.6496 logical=0.5576 leak=0.0920 train_ler=0.914 lr=1.37e-04 2.8 it/s
[ 106100] loss=0.6330 logical=0.5393 leak=0.0937 train_ler=0.938 lr=1.37e-04 2.8 it/s
[ 106200] loss=0.6390 logical=0.5487 leak=0.0903 train_ler=0.895 lr=1.37e-04 2.8 it/s
[ 106300] loss=0.6191 logical=0.5313 leak=0.0878 train_ler=0.902 lr=1.36e-04 2.8 it/s
[ 106400] loss=0.6523 logical=0.5629 leak=0.0894 train_ler=0.910 lr=1.36e-04 2.8 it/s
[ 106500] loss=0.6429 logical=0.5488 leak=0.0941 train_ler=0.906 lr=1.36e-04 2.8 it/s
[ 106600] loss=0.6455 logical=0.5570 leak=0.0885 train_ler=0.914 lr=1.36e-04 2.8 it/s
[ 106700] loss=0.6480 logical=0.5592 leak=0.0888 train_ler=0.895 lr=1.35e-04 2.8 it/s
[ 106800] loss=0.6507 logical=0.5575 leak=0.0932 train_ler=0.922 lr=1.35e-04 2.8 it/s
[ 106900] loss=0.6556 logical=0.5621 leak=0.0935 train_ler=0.918 lr=1.35e-04 2.8 it/s
[ 107000] loss=0.6438 logical=0.5572 leak=0.0866 train_ler=0.898 lr=1.35e-04 2.8 it/s
[ 107100] loss=0.6505 logical=0.5599 leak=0.0906 train_ler=0.887 lr=1.34e-04 2.8 it/s
[ 107200] loss=0.6390 logical=0.5530 leak=0.0860 train_ler=0.883 lr=1.34e-04 2.8 it/s
[ 107300] loss=0.6466 logical=0.5584 leak=0.0882 train_ler=0.895 lr=1.34e-04 2.8 it/s
[ 107400] loss=0.6274 logical=0.5394 leak=0.0880 train_ler=0.895 lr=1.34e-04 2.8 it/s
[ 107500] loss=0.6383 logical=0.5529 leak=0.0854 train_ler=0.906 lr=1.33e-04 2.8 it/s
[ 107600] loss=0.6610 logical=0.5699 leak=0.0910 train_ler=0.945 lr=1.33e-04 2.8 it/s
[ 107700] loss=0.6464 logical=0.5532 leak=0.0932 train_ler=0.914 lr=1.33e-04 2.8 it/s
[ 107800] loss=0.6333 logical=0.5430 leak=0.0904 train_ler=0.898 lr=1.33e-04 2.8 it/s
[ 107900] loss=0.6295 logical=0.5378 leak=0.0917 train_ler=0.895 lr=1.33e-04 2.8 it/s
[ 108000] loss=0.6438 logical=0.5548 leak=0.0889 train_ler=0.926 lr=1.32e-04 2.8 it/s
[ 108100] loss=0.6363 logical=0.5491 leak=0.0872 train_ler=0.891 lr=1.32e-04 2.8 it/s
[ 108200] loss=0.6241 logical=0.5374 leak=0.0867 train_ler=0.898 lr=1.32e-04 2.8 it/s
[ 108300] loss=0.6417 logical=0.5488 leak=0.0929 train_ler=0.898 lr=1.32e-04 2.8 it/s
[ 108400] loss=0.6411 logical=0.5490 leak=0.0922 train_ler=0.926 lr=1.31e-04 2.8 it/s
[ 108500] loss=0.6426 logical=0.5544 leak=0.0882 train_ler=0.906 lr=1.31e-04 2.8 it/s
[ 108600] loss=0.6588 logical=0.5692 leak=0.0897 train_ler=0.902 lr=1.31e-04 2.8 it/s
[ 108700] loss=0.6235 logical=0.5370 leak=0.0865 train_ler=0.887 lr=1.31e-04 2.8 it/s
[ 108800] loss=0.6100 logical=0.5207 leak=0.0893 train_ler=0.879 lr=1.30e-04 2.8 it/s
[ 108900] loss=0.6422 logical=0.5572 leak=0.0850 train_ler=0.926 lr=1.30e-04 2.8 it/s
[ 109000] loss=0.6529 logical=0.5647 leak=0.0883 train_ler=0.926 lr=1.30e-04 2.8 it/s
[ 109100] loss=0.6273 logical=0.5374 leak=0.0898 train_ler=0.918 lr=1.30e-04 2.8 it/s
[ 109200] loss=0.6392 logical=0.5530 leak=0.0863 train_ler=0.930 lr=1.29e-04 2.8 it/s
[ 109300] loss=0.6568 logical=0.5685 leak=0.0883 train_ler=0.930 lr=1.29e-04 2.8 it/s
[ 109400] loss=0.6582 logical=0.5700 leak=0.0882 train_ler=0.926 lr=1.29e-04 2.8 it/s
[ 109500] loss=0.6563 logical=0.5681 leak=0.0883 train_ler=0.918 lr=1.29e-04 2.8 it/s
[ 109600] loss=0.6454 logical=0.5569 leak=0.0885 train_ler=0.902 lr=1.29e-04 2.8 it/s
[ 109700] loss=0.6552 logical=0.5633 leak=0.0919 train_ler=0.914 lr=1.28e-04 2.8 it/s
[ 109800] loss=0.6296 logical=0.5385 leak=0.0911 train_ler=0.934 lr=1.28e-04 2.8 it/s
[ 109900] loss=0.6425 logical=0.5529 leak=0.0896 train_ler=0.898 lr=1.28e-04 2.8 it/s
[eval 110000] val LER=0.9106 (18212/20000) leak P/R=0.706/0.013 | T2-2 shots LER=0.9125 (1825/2000)  [B1 0.159, ORC 0.106]
[ 110000] loss=0.6359 logical=0.5468 leak=0.0891 train_ler=0.902 lr=1.28e-04 281.1 it/s
[ 110100] loss=0.6561 logical=0.5648 leak=0.0913 train_ler=0.930 lr=1.27e-04 2.8 it/s
[ 110200] loss=0.6502 logical=0.5604 leak=0.0898 train_ler=0.895 lr=1.27e-04 2.8 it/s
[ 110300] loss=0.6301 logical=0.5407 leak=0.0894 train_ler=0.879 lr=1.27e-04 2.8 it/s
[ 110400] loss=0.6272 logical=0.5389 leak=0.0884 train_ler=0.879 lr=1.27e-04 2.8 it/s
[ 110500] loss=0.6350 logical=0.5480 leak=0.0870 train_ler=0.898 lr=1.26e-04 2.8 it/s
[ 110600] loss=0.6179 logical=0.5301 leak=0.0879 train_ler=0.895 lr=1.26e-04 2.8 it/s
[ 110700] loss=0.6520 logical=0.5655 leak=0.0865 train_ler=0.891 lr=1.26e-04 2.8 it/s
[ 110800] loss=0.6543 logical=0.5669 leak=0.0874 train_ler=0.914 lr=1.26e-04 2.8 it/s
[ 110900] loss=0.6461 logical=0.5529 leak=0.0932 train_ler=0.918 lr=1.25e-04 2.8 it/s
[ 111000] loss=0.6518 logical=0.5633 leak=0.0886 train_ler=0.906 lr=1.25e-04 2.8 it/s
[ 111100] loss=0.6312 logical=0.5451 leak=0.0862 train_ler=0.898 lr=1.25e-04 2.8 it/s
[ 111200] loss=0.6355 logical=0.5505 leak=0.0850 train_ler=0.926 lr=1.25e-04 2.8 it/s
[ 111300] loss=0.6316 logical=0.5424 leak=0.0892 train_ler=0.895 lr=1.25e-04 2.8 it/s
[ 111400] loss=0.6441 logical=0.5574 leak=0.0867 train_ler=0.926 lr=1.24e-04 2.8 it/s
[ 111500] loss=0.6440 logical=0.5526 leak=0.0914 train_ler=0.910 lr=1.24e-04 2.8 it/s
[ 111600] loss=0.6317 logical=0.5456 leak=0.0861 train_ler=0.879 lr=1.24e-04 2.8 it/s
[ 111700] loss=0.6064 logical=0.5186 leak=0.0878 train_ler=0.863 lr=1.24e-04 2.8 it/s
[ 111800] loss=0.6413 logical=0.5495 leak=0.0918 train_ler=0.926 lr=1.23e-04 2.8 it/s
[ 111900] loss=0.6401 logical=0.5503 leak=0.0898 train_ler=0.910 lr=1.23e-04 2.8 it/s
[ 112000] loss=0.6273 logical=0.5382 leak=0.0891 train_ler=0.898 lr=1.23e-04 2.8 it/s
[ 112100] loss=0.6116 logical=0.5187 leak=0.0929 train_ler=0.887 lr=1.23e-04 2.8 it/s
[ 112200] loss=0.6418 logical=0.5555 leak=0.0863 train_ler=0.910 lr=1.22e-04 2.8 it/s
[ 112300] loss=0.6568 logical=0.5638 leak=0.0930 train_ler=0.895 lr=1.22e-04 2.8 it/s
[ 112400] loss=0.6496 logical=0.5566 leak=0.0930 train_ler=0.926 lr=1.22e-04 2.8 it/s
[ 112500] loss=0.6571 logical=0.5664 leak=0.0906 train_ler=0.930 lr=1.22e-04 2.8 it/s
[ 112600] loss=0.6431 logical=0.5554 leak=0.0877 train_ler=0.902 lr=1.22e-04 2.8 it/s
[ 112700] loss=0.6498 logical=0.5587 leak=0.0910 train_ler=0.898 lr=1.21e-04 2.8 it/s
[ 112800] loss=0.6612 logical=0.5706 leak=0.0905 train_ler=0.949 lr=1.21e-04 2.8 it/s
[ 112900] loss=0.6572 logical=0.5675 leak=0.0897 train_ler=0.902 lr=1.21e-04 2.8 it/s
[ 113000] loss=0.6554 logical=0.5673 leak=0.0881 train_ler=0.906 lr=1.21e-04 2.8 it/s
[ 113100] loss=0.6515 logical=0.5622 leak=0.0892 train_ler=0.895 lr=1.20e-04 2.8 it/s
[ 113200] loss=0.6378 logical=0.5506 leak=0.0872 train_ler=0.922 lr=1.20e-04 2.8 it/s
[ 113300] loss=0.6561 logical=0.5657 leak=0.0904 train_ler=0.918 lr=1.20e-04 2.8 it/s
[ 113400] loss=0.6440 logical=0.5523 leak=0.0917 train_ler=0.922 lr=1.20e-04 2.8 it/s
[ 113500] loss=0.6498 logical=0.5625 leak=0.0873 train_ler=0.914 lr=1.19e-04 2.8 it/s
[ 113600] loss=0.6365 logical=0.5492 leak=0.0873 train_ler=0.875 lr=1.19e-04 2.8 it/s
[ 113700] loss=0.6377 logical=0.5490 leak=0.0887 train_ler=0.910 lr=1.19e-04 2.8 it/s
[ 113800] loss=0.6300 logical=0.5398 leak=0.0902 train_ler=0.895 lr=1.19e-04 2.8 it/s
[ 113900] loss=0.6511 logical=0.5600 leak=0.0911 train_ler=0.902 lr=1.19e-04 2.8 it/s
[ 114000] loss=0.6470 logical=0.5589 leak=0.0881 train_ler=0.934 lr=1.18e-04 2.8 it/s
[ 114100] loss=0.6090 logical=0.5192 leak=0.0898 train_ler=0.906 lr=1.18e-04 2.8 it/s
[ 114200] loss=0.6248 logical=0.5401 leak=0.0846 train_ler=0.898 lr=1.18e-04 2.8 it/s
[ 114300] loss=0.6465 logical=0.5579 leak=0.0886 train_ler=0.902 lr=1.18e-04 2.8 it/s
[ 114400] loss=0.6290 logical=0.5417 leak=0.0873 train_ler=0.906 lr=1.17e-04 2.8 it/s
[ 114500] loss=0.6413 logical=0.5565 leak=0.0848 train_ler=0.926 lr=1.17e-04 2.8 it/s
[ 114600] loss=0.6569 logical=0.5686 leak=0.0883 train_ler=0.934 lr=1.17e-04 2.8 it/s
[ 114700] loss=0.6466 logical=0.5540 leak=0.0926 train_ler=0.926 lr=1.17e-04 2.8 it/s
[ 114800] loss=0.6501 logical=0.5600 leak=0.0901 train_ler=0.902 lr=1.16e-04 2.8 it/s
[ 114900] loss=0.6448 logical=0.5552 leak=0.0896 train_ler=0.914 lr=1.16e-04 2.8 it/s
[eval 115000] val LER=0.9090 (18179/20000) leak P/R=0.713/0.013 | T2-2 shots LER=0.9080 (1816/2000)  [B1 0.159, ORC 0.106]
[ 115000] loss=0.6315 logical=0.5396 leak=0.0919 train_ler=0.883 lr=1.16e-04 280.3 it/s
[ 115100] loss=0.6454 logical=0.5576 leak=0.0878 train_ler=0.906 lr=1.16e-04 2.8 it/s
[ 115200] loss=0.6518 logical=0.5586 leak=0.0933 train_ler=0.895 lr=1.16e-04 2.8 it/s
[ 115300] loss=0.6478 logical=0.5598 leak=0.0880 train_ler=0.934 lr=1.15e-04 2.8 it/s
[ 115400] loss=0.6300 logical=0.5427 leak=0.0873 train_ler=0.898 lr=1.15e-04 2.8 it/s
[ 115500] loss=0.6407 logical=0.5502 leak=0.0905 train_ler=0.914 lr=1.15e-04 2.8 it/s
[ 115600] loss=0.6461 logical=0.5594 leak=0.0867 train_ler=0.938 lr=1.15e-04 2.8 it/s
[ 115700] loss=0.6279 logical=0.5393 leak=0.0886 train_ler=0.887 lr=1.14e-04 2.8 it/s
[ 115800] loss=0.6377 logical=0.5476 leak=0.0901 train_ler=0.914 lr=1.14e-04 2.8 it/s
[ 115900] loss=0.6373 logical=0.5492 leak=0.0881 train_ler=0.914 lr=1.14e-04 2.8 it/s
[ 116000] loss=0.6195 logical=0.5285 leak=0.0910 train_ler=0.891 lr=1.14e-04 2.8 it/s
[ 116100] loss=0.6477 logical=0.5606 leak=0.0871 train_ler=0.906 lr=1.13e-04 2.8 it/s
[ 116200] loss=0.6449 logical=0.5543 leak=0.0907 train_ler=0.906 lr=1.13e-04 2.8 it/s
[ 116300] loss=0.6255 logical=0.5372 leak=0.0884 train_ler=0.906 lr=1.13e-04 2.8 it/s
[ 116400] loss=0.6394 logical=0.5510 leak=0.0884 train_ler=0.918 lr=1.13e-04 2.8 it/s
[ 116500] loss=0.6439 logical=0.5520 leak=0.0920 train_ler=0.898 lr=1.13e-04 2.8 it/s
[ 116600] loss=0.6627 logical=0.5761 leak=0.0866 train_ler=0.926 lr=1.12e-04 2.8 it/s
[ 116700] loss=0.6202 logical=0.5293 leak=0.0909 train_ler=0.879 lr=1.12e-04 2.8 it/s
[ 116800] loss=0.6487 logical=0.5622 leak=0.0864 train_ler=0.902 lr=1.12e-04 2.8 it/s
[ 116900] loss=0.6260 logical=0.5350 leak=0.0911 train_ler=0.887 lr=1.12e-04 2.8 it/s
[ 117000] loss=0.6508 logical=0.5599 leak=0.0909 train_ler=0.910 lr=1.11e-04 2.8 it/s
[ 117100] loss=0.6159 logical=0.5285 leak=0.0873 train_ler=0.883 lr=1.11e-04 2.8 it/s
[ 117200] loss=0.6238 logical=0.5369 leak=0.0869 train_ler=0.902 lr=1.11e-04 2.8 it/s
[ 117300] loss=0.6545 logical=0.5635 leak=0.0910 train_ler=0.918 lr=1.11e-04 2.8 it/s
[ 117400] loss=0.6232 logical=0.5357 leak=0.0874 train_ler=0.895 lr=1.10e-04 2.8 it/s
[ 117500] loss=0.6442 logical=0.5542 leak=0.0900 train_ler=0.895 lr=1.10e-04 2.8 it/s
[ 117600] loss=0.6410 logical=0.5515 leak=0.0895 train_ler=0.895 lr=1.10e-04 2.8 it/s
[ 117700] loss=0.6537 logical=0.5669 leak=0.0867 train_ler=0.914 lr=1.10e-04 2.8 it/s
[ 117800] loss=0.6470 logical=0.5558 leak=0.0912 train_ler=0.934 lr=1.10e-04 2.8 it/s
[ 117900] loss=0.6349 logical=0.5465 leak=0.0884 train_ler=0.918 lr=1.09e-04 2.8 it/s
[ 118000] loss=0.6331 logical=0.5431 leak=0.0900 train_ler=0.887 lr=1.09e-04 2.8 it/s
[ 118100] loss=0.6502 logical=0.5609 leak=0.0894 train_ler=0.902 lr=1.09e-04 2.8 it/s
[ 118200] loss=0.6587 logical=0.5689 leak=0.0898 train_ler=0.930 lr=1.09e-04 2.8 it/s
[ 118300] loss=0.6300 logical=0.5371 leak=0.0928 train_ler=0.879 lr=1.08e-04 2.8 it/s
[ 118400] loss=0.6599 logical=0.5743 leak=0.0856 train_ler=0.914 lr=1.08e-04 2.8 it/s
[ 118500] loss=0.6089 logical=0.5189 leak=0.0900 train_ler=0.863 lr=1.08e-04 2.8 it/s
[ 118600] loss=0.6566 logical=0.5677 leak=0.0889 train_ler=0.914 lr=1.08e-04 2.8 it/s
[ 118700] loss=0.6503 logical=0.5651 leak=0.0852 train_ler=0.914 lr=1.07e-04 2.8 it/s
[ 118800] loss=0.6150 logical=0.5318 leak=0.0832 train_ler=0.887 lr=1.07e-04 2.8 it/s
[ 118900] loss=0.6415 logical=0.5589 leak=0.0826 train_ler=0.930 lr=1.07e-04 2.8 it/s
[ 119000] loss=0.6450 logical=0.5552 leak=0.0898 train_ler=0.922 lr=1.07e-04 2.8 it/s
[ 119100] loss=0.6615 logical=0.5723 leak=0.0893 train_ler=0.898 lr=1.07e-04 2.8 it/s
[ 119200] loss=0.6257 logical=0.5345 leak=0.0912 train_ler=0.875 lr=1.06e-04 2.8 it/s
[ 119300] loss=0.6351 logical=0.5442 leak=0.0909 train_ler=0.902 lr=1.06e-04 2.8 it/s
[ 119400] loss=0.6458 logical=0.5588 leak=0.0870 train_ler=0.910 lr=1.06e-04 2.8 it/s
[ 119500] loss=0.6364 logical=0.5510 leak=0.0854 train_ler=0.906 lr=1.06e-04 2.8 it/s
[ 119600] loss=0.6379 logical=0.5467 leak=0.0912 train_ler=0.883 lr=1.05e-04 2.8 it/s
[ 119700] loss=0.6390 logical=0.5492 leak=0.0899 train_ler=0.906 lr=1.05e-04 2.8 it/s
[ 119800] loss=0.6219 logical=0.5350 leak=0.0870 train_ler=0.898 lr=1.05e-04 2.8 it/s
[ 119900] loss=0.6394 logical=0.5451 leak=0.0943 train_ler=0.918 lr=1.05e-04 2.8 it/s
[eval 120000] val LER=0.9104 (18208/20000) leak P/R=0.699/0.014 | T2-2 shots LER=0.9070 (1814/2000)  [B1 0.159, ORC 0.106]
[ 120000] loss=0.6457 logical=0.5534 leak=0.0923 train_ler=0.902 lr=1.05e-04 278.8 it/s
[ 120100] loss=0.6330 logical=0.5433 leak=0.0897 train_ler=0.879 lr=1.04e-04 2.8 it/s
[ 120200] loss=0.6527 logical=0.5639 leak=0.0888 train_ler=0.941 lr=1.04e-04 2.8 it/s
[ 120300] loss=0.6159 logical=0.5258 leak=0.0901 train_ler=0.891 lr=1.04e-04 2.8 it/s
[ 120400] loss=0.6560 logical=0.5642 leak=0.0918 train_ler=0.910 lr=1.04e-04 2.8 it/s
[ 120500] loss=0.6427 logical=0.5534 leak=0.0893 train_ler=0.902 lr=1.03e-04 2.8 it/s
[ 120600] loss=0.6086 logical=0.5184 leak=0.0902 train_ler=0.914 lr=1.03e-04 2.8 it/s
[ 120700] loss=0.6513 logical=0.5607 leak=0.0906 train_ler=0.926 lr=1.03e-04 2.8 it/s
[ 120800] loss=0.6284 logical=0.5353 leak=0.0931 train_ler=0.910 lr=1.03e-04 2.8 it/s
[ 120900] loss=0.6434 logical=0.5526 leak=0.0908 train_ler=0.910 lr=1.03e-04 2.8 it/s
[ 121000] loss=0.6467 logical=0.5597 leak=0.0871 train_ler=0.895 lr=1.02e-04 2.8 it/s
[ 121100] loss=0.6486 logical=0.5625 leak=0.0861 train_ler=0.926 lr=1.02e-04 2.8 it/s
[ 121200] loss=0.6531 logical=0.5645 leak=0.0886 train_ler=0.938 lr=1.02e-04 2.8 it/s
[ 121300] loss=0.6490 logical=0.5591 leak=0.0899 train_ler=0.906 lr=1.02e-04 2.8 it/s
[ 121400] loss=0.6425 logical=0.5532 leak=0.0893 train_ler=0.930 lr=1.01e-04 2.8 it/s
[ 121500] loss=0.6393 logical=0.5525 leak=0.0868 train_ler=0.918 lr=1.01e-04 2.8 it/s
[ 121600] loss=0.6404 logical=0.5525 leak=0.0879 train_ler=0.887 lr=1.01e-04 2.8 it/s
[ 121700] loss=0.6369 logical=0.5498 leak=0.0871 train_ler=0.910 lr=1.01e-04 2.8 it/s
[ 121800] loss=0.6348 logical=0.5412 leak=0.0936 train_ler=0.902 lr=1.01e-04 2.8 it/s
[ 121900] loss=0.6477 logical=0.5612 leak=0.0866 train_ler=0.914 lr=1.00e-04 2.8 it/s
[ 122000] loss=0.6507 logical=0.5594 leak=0.0913 train_ler=0.910 lr=1.00e-04 2.8 it/s
[ 122100] loss=0.6408 logical=0.5495 leak=0.0914 train_ler=0.883 lr=9.98e-05 2.8 it/s
[ 122200] loss=0.6395 logical=0.5501 leak=0.0894 train_ler=0.914 lr=9.96e-05 2.8 it/s
[ 122300] loss=0.6349 logical=0.5461 leak=0.0888 train_ler=0.918 lr=9.94e-05 2.8 it/s
[ 122400] loss=0.6457 logical=0.5583 leak=0.0874 train_ler=0.914 lr=9.92e-05 2.8 it/s
[ 122500] loss=0.6402 logical=0.5523 leak=0.0880 train_ler=0.914 lr=9.89e-05 2.8 it/s
[ 122600] loss=0.6316 logical=0.5405 leak=0.0911 train_ler=0.898 lr=9.87e-05 2.8 it/s
[ 122700] loss=0.6654 logical=0.5746 leak=0.0908 train_ler=0.922 lr=9.85e-05 2.8 it/s
[ 122800] loss=0.6281 logical=0.5419 leak=0.0862 train_ler=0.906 lr=9.83e-05 2.8 it/s
[ 122900] loss=0.6429 logical=0.5530 leak=0.0900 train_ler=0.895 lr=9.81e-05 2.8 it/s
[ 123000] loss=0.6380 logical=0.5512 leak=0.0867 train_ler=0.906 lr=9.78e-05 2.8 it/s
[ 123100] loss=0.6233 logical=0.5396 leak=0.0838 train_ler=0.867 lr=9.76e-05 2.8 it/s
[ 123200] loss=0.6363 logical=0.5458 leak=0.0905 train_ler=0.922 lr=9.74e-05 2.8 it/s
[ 123300] loss=0.6708 logical=0.5803 leak=0.0905 train_ler=0.941 lr=9.72e-05 2.8 it/s
[ 123400] loss=0.6084 logical=0.5223 leak=0.0861 train_ler=0.887 lr=9.69e-05 2.8 it/s
[ 123500] loss=0.6394 logical=0.5454 leak=0.0940 train_ler=0.891 lr=9.67e-05 2.8 it/s
[ 123600] loss=0.6364 logical=0.5451 leak=0.0914 train_ler=0.898 lr=9.65e-05 2.8 it/s
[ 123700] loss=0.6304 logical=0.5376 leak=0.0928 train_ler=0.879 lr=9.63e-05 2.8 it/s
[ 123800] loss=0.6327 logical=0.5421 leak=0.0906 train_ler=0.883 lr=9.61e-05 2.8 it/s
[ 123900] loss=0.6647 logical=0.5778 leak=0.0869 train_ler=0.910 lr=9.58e-05 2.8 it/s
[ 124000] loss=0.6353 logical=0.5460 leak=0.0893 train_ler=0.887 lr=9.56e-05 2.8 it/s
[ 124100] loss=0.6590 logical=0.5687 leak=0.0903 train_ler=0.934 lr=9.54e-05 2.8 it/s
[ 124200] loss=0.6678 logical=0.5771 leak=0.0907 train_ler=0.941 lr=9.52e-05 2.8 it/s
[ 124300] loss=0.6383 logical=0.5475 leak=0.0908 train_ler=0.906 lr=9.50e-05 2.8 it/s
[ 124400] loss=0.6369 logical=0.5511 leak=0.0858 train_ler=0.930 lr=9.47e-05 2.8 it/s
[ 124500] loss=0.6339 logical=0.5454 leak=0.0885 train_ler=0.887 lr=9.45e-05 2.8 it/s
[ 124600] loss=0.6517 logical=0.5653 leak=0.0864 train_ler=0.922 lr=9.43e-05 2.8 it/s
[ 124700] loss=0.6418 logical=0.5533 leak=0.0885 train_ler=0.902 lr=9.41e-05 2.8 it/s
[ 124800] loss=0.6438 logical=0.5533 leak=0.0905 train_ler=0.910 lr=9.39e-05 2.8 it/s
[ 124900] loss=0.6392 logical=0.5491 leak=0.0901 train_ler=0.906 lr=9.36e-05 2.8 it/s
[eval 125000] val LER=0.9100 (18200/20000) leak P/R=0.692/0.014 | T2-2 shots LER=0.9090 (1818/2000)  [B1 0.159, ORC 0.106]
[ 125000] loss=0.6341 logical=0.5439 leak=0.0902 train_ler=0.910 lr=9.34e-05 281.2 it/s
[ 125100] loss=0.6583 logical=0.5677 leak=0.0906 train_ler=0.914 lr=9.32e-05 2.8 it/s
[ 125200] loss=0.6623 logical=0.5710 leak=0.0914 train_ler=0.910 lr=9.30e-05 2.8 it/s
[ 125300] loss=0.6500 logical=0.5628 leak=0.0872 train_ler=0.934 lr=9.28e-05 2.8 it/s
[ 125400] loss=0.6538 logical=0.5662 leak=0.0876 train_ler=0.930 lr=9.25e-05 2.8 it/s
[ 125500] loss=0.6362 logical=0.5447 leak=0.0915 train_ler=0.922 lr=9.23e-05 2.8 it/s
[ 125600] loss=0.6581 logical=0.5685 leak=0.0896 train_ler=0.906 lr=9.21e-05 2.8 it/s
[ 125700] loss=0.6409 logical=0.5501 leak=0.0908 train_ler=0.898 lr=9.19e-05 2.8 it/s
[ 125800] loss=0.6532 logical=0.5632 leak=0.0900 train_ler=0.906 lr=9.17e-05 2.8 it/s
[ 125900] loss=0.6318 logical=0.5413 leak=0.0904 train_ler=0.875 lr=9.15e-05 2.8 it/s
[ 126000] loss=0.6365 logical=0.5483 leak=0.0883 train_ler=0.875 lr=9.12e-05 2.8 it/s
[ 126100] loss=0.6348 logical=0.5512 leak=0.0835 train_ler=0.902 lr=9.10e-05 2.8 it/s
[ 126200] loss=0.6387 logical=0.5494 leak=0.0893 train_ler=0.902 lr=9.08e-05 2.8 it/s
[ 126300] loss=0.6315 logical=0.5453 leak=0.0862 train_ler=0.906 lr=9.06e-05 2.8 it/s
[ 126400] loss=0.6315 logical=0.5420 leak=0.0895 train_ler=0.914 lr=9.04e-05 2.8 it/s
[ 126500] loss=0.6274 logical=0.5403 leak=0.0872 train_ler=0.883 lr=9.01e-05 2.8 it/s
[ 126600] loss=0.6193 logical=0.5305 leak=0.0888 train_ler=0.883 lr=8.99e-05 2.8 it/s
[ 126700] loss=0.6401 logical=0.5490 leak=0.0911 train_ler=0.926 lr=8.97e-05 2.8 it/s
[ 126800] loss=0.6423 logical=0.5518 leak=0.0905 train_ler=0.918 lr=8.95e-05 2.8 it/s
[ 126900] loss=0.6482 logical=0.5559 leak=0.0923 train_ler=0.922 lr=8.93e-05 2.8 it/s
[ 127000] loss=0.6238 logical=0.5356 leak=0.0882 train_ler=0.902 lr=8.91e-05 2.8 it/s
[ 127100] loss=0.6448 logical=0.5569 leak=0.0879 train_ler=0.922 lr=8.88e-05 2.8 it/s
[ 127200] loss=0.6148 logical=0.5260 leak=0.0888 train_ler=0.906 lr=8.86e-05 2.8 it/s
[ 127300] loss=0.6609 logical=0.5673 leak=0.0937 train_ler=0.930 lr=8.84e-05 2.8 it/s
[ 127400] loss=0.6148 logical=0.5278 leak=0.0870 train_ler=0.887 lr=8.82e-05 2.8 it/s
[ 127500] loss=0.6392 logical=0.5511 leak=0.0880 train_ler=0.930 lr=8.80e-05 2.8 it/s
[ 127600] loss=0.6428 logical=0.5588 leak=0.0840 train_ler=0.941 lr=8.78e-05 2.8 it/s
[ 127700] loss=0.6175 logical=0.5271 leak=0.0905 train_ler=0.883 lr=8.76e-05 2.8 it/s
[ 127800] loss=0.6556 logical=0.5670 leak=0.0886 train_ler=0.941 lr=8.73e-05 2.8 it/s
[ 127900] loss=0.6429 logical=0.5524 leak=0.0906 train_ler=0.910 lr=8.71e-05 2.8 it/s
[ 128000] loss=0.6460 logical=0.5559 leak=0.0900 train_ler=0.922 lr=8.69e-05 2.8 it/s
[ 128100] loss=0.6285 logical=0.5410 leak=0.0875 train_ler=0.930 lr=8.67e-05 2.8 it/s
[ 128200] loss=0.6338 logical=0.5447 leak=0.0890 train_ler=0.910 lr=8.65e-05 2.8 it/s
[ 128300] loss=0.6371 logical=0.5463 leak=0.0908 train_ler=0.914 lr=8.63e-05 2.8 it/s
[ 128400] loss=0.6532 logical=0.5657 leak=0.0875 train_ler=0.902 lr=8.60e-05 2.8 it/s
[ 128500] loss=0.6531 logical=0.5597 leak=0.0934 train_ler=0.914 lr=8.58e-05 2.8 it/s
[ 128600] loss=0.6310 logical=0.5385 leak=0.0925 train_ler=0.898 lr=8.56e-05 2.8 it/s
[ 128700] loss=0.6135 logical=0.5256 leak=0.0879 train_ler=0.875 lr=8.54e-05 2.8 it/s
[ 128800] loss=0.6473 logical=0.5564 leak=0.0908 train_ler=0.910 lr=8.52e-05 2.8 it/s
[ 128900] loss=0.6546 logical=0.5611 leak=0.0935 train_ler=0.941 lr=8.50e-05 2.8 it/s
[ 129000] loss=0.6472 logical=0.5562 leak=0.0910 train_ler=0.910 lr=8.48e-05 2.8 it/s
[ 129100] loss=0.6476 logical=0.5564 leak=0.0912 train_ler=0.906 lr=8.46e-05 2.8 it/s
[ 129200] loss=0.6407 logical=0.5521 leak=0.0886 train_ler=0.914 lr=8.43e-05 2.8 it/s
[ 129300] loss=0.6415 logical=0.5536 leak=0.0879 train_ler=0.906 lr=8.41e-05 2.8 it/s
[ 129400] loss=0.6497 logical=0.5588 leak=0.0909 train_ler=0.922 lr=8.39e-05 2.8 it/s
[ 129500] loss=0.6398 logical=0.5461 leak=0.0937 train_ler=0.910 lr=8.37e-05 2.8 it/s
[ 129600] loss=0.6713 logical=0.5794 leak=0.0919 train_ler=0.941 lr=8.35e-05 2.8 it/s
[ 129700] loss=0.6344 logical=0.5497 leak=0.0847 train_ler=0.887 lr=8.33e-05 2.8 it/s
[ 129800] loss=0.6436 logical=0.5489 leak=0.0947 train_ler=0.883 lr=8.31e-05 2.8 it/s
[ 129900] loss=0.6139 logical=0.5203 leak=0.0937 train_ler=0.848 lr=8.29e-05 2.8 it/s
[eval 130000] val LER=0.9073 (18145/20000) leak P/R=0.691/0.014 | T2-2 shots LER=0.9025 (1805/2000)  [B1 0.159, ORC 0.106]
[ 130000] loss=0.6526 logical=0.5627 leak=0.0900 train_ler=0.914 lr=8.26e-05 277.7 it/s
[ 130100] loss=0.6200 logical=0.5325 leak=0.0875 train_ler=0.898 lr=8.24e-05 2.8 it/s
[ 130200] loss=0.6562 logical=0.5643 leak=0.0918 train_ler=0.918 lr=8.22e-05 2.8 it/s
[ 130300] loss=0.6313 logical=0.5388 leak=0.0925 train_ler=0.906 lr=8.20e-05 2.8 it/s
[ 130400] loss=0.6283 logical=0.5399 leak=0.0884 train_ler=0.906 lr=8.18e-05 2.8 it/s
[ 130500] loss=0.6696 logical=0.5810 leak=0.0886 train_ler=0.938 lr=8.16e-05 2.8 it/s
[ 130600] loss=0.6257 logical=0.5389 leak=0.0869 train_ler=0.891 lr=8.14e-05 2.8 it/s
[ 130700] loss=0.6434 logical=0.5537 leak=0.0897 train_ler=0.930 lr=8.12e-05 2.8 it/s
[ 130800] loss=0.6523 logical=0.5643 leak=0.0880 train_ler=0.922 lr=8.10e-05 2.8 it/s
[ 130900] loss=0.6204 logical=0.5316 leak=0.0887 train_ler=0.898 lr=8.07e-05 2.8 it/s
[ 131000] loss=0.6468 logical=0.5562 leak=0.0907 train_ler=0.902 lr=8.05e-05 2.8 it/s
[ 131100] loss=0.6159 logical=0.5232 leak=0.0928 train_ler=0.871 lr=8.03e-05 2.8 it/s
[ 131200] loss=0.6380 logical=0.5532 leak=0.0848 train_ler=0.906 lr=8.01e-05 2.8 it/s
[ 131300] loss=0.6479 logical=0.5594 leak=0.0885 train_ler=0.891 lr=7.99e-05 2.8 it/s
[ 131400] loss=0.6504 logical=0.5584 leak=0.0920 train_ler=0.930 lr=7.97e-05 2.8 it/s
[ 131500] loss=0.6412 logical=0.5493 leak=0.0920 train_ler=0.910 lr=7.95e-05 2.8 it/s
[ 131600] loss=0.6460 logical=0.5561 leak=0.0899 train_ler=0.902 lr=7.93e-05 2.8 it/s
[ 131700] loss=0.6513 logical=0.5624 leak=0.0889 train_ler=0.914 lr=7.91e-05 2.8 it/s
[ 131800] loss=0.6140 logical=0.5226 leak=0.0914 train_ler=0.855 lr=7.89e-05 2.8 it/s
[ 131900] loss=0.6433 logical=0.5523 leak=0.0910 train_ler=0.898 lr=7.87e-05 2.8 it/s
[ 132000] loss=0.6561 logical=0.5672 leak=0.0889 train_ler=0.941 lr=7.84e-05 2.8 it/s
[ 132100] loss=0.6176 logical=0.5306 leak=0.0870 train_ler=0.887 lr=7.82e-05 2.8 it/s
[ 132200] loss=0.6231 logical=0.5322 leak=0.0908 train_ler=0.906 lr=7.80e-05 2.8 it/s
[ 132300] loss=0.6249 logical=0.5326 leak=0.0924 train_ler=0.898 lr=7.78e-05 2.8 it/s
[ 132400] loss=0.6657 logical=0.5735 leak=0.0922 train_ler=0.918 lr=7.76e-05 2.8 it/s
[ 132500] loss=0.6259 logical=0.5425 leak=0.0834 train_ler=0.898 lr=7.74e-05 2.8 it/s
[ 132600] loss=0.6389 logical=0.5516 leak=0.0873 train_ler=0.891 lr=7.72e-05 2.8 it/s
[ 132700] loss=0.6478 logical=0.5580 leak=0.0898 train_ler=0.926 lr=7.70e-05 2.8 it/s
[ 132800] loss=0.6390 logical=0.5471 leak=0.0919 train_ler=0.918 lr=7.68e-05 2.8 it/s
[ 132900] loss=0.6259 logical=0.5398 leak=0.0861 train_ler=0.887 lr=7.66e-05 2.8 it/s
[ 133000] loss=0.6553 logical=0.5634 leak=0.0919 train_ler=0.922 lr=7.64e-05 2.8 it/s
[ 133100] loss=0.6196 logical=0.5325 leak=0.0871 train_ler=0.891 lr=7.62e-05 2.8 it/s
[ 133200] loss=0.6231 logical=0.5323 leak=0.0908 train_ler=0.898 lr=7.60e-05 2.8 it/s
[ 133300] loss=0.6345 logical=0.5502 leak=0.0843 train_ler=0.910 lr=7.58e-05 2.8 it/s
[ 133400] loss=0.6359 logical=0.5443 leak=0.0916 train_ler=0.891 lr=7.55e-05 2.8 it/s
[ 133500] loss=0.6529 logical=0.5652 leak=0.0876 train_ler=0.922 lr=7.53e-05 2.8 it/s
[ 133600] loss=0.6367 logical=0.5497 leak=0.0870 train_ler=0.902 lr=7.51e-05 2.8 it/s
[ 133700] loss=0.6423 logical=0.5476 leak=0.0947 train_ler=0.902 lr=7.49e-05 2.8 it/s
[ 133800] loss=0.6380 logical=0.5473 leak=0.0907 train_ler=0.883 lr=7.47e-05 2.8 it/s
[ 133900] loss=0.6466 logical=0.5610 leak=0.0856 train_ler=0.887 lr=7.45e-05 2.8 it/s
[ 134000] loss=0.6599 logical=0.5693 leak=0.0906 train_ler=0.926 lr=7.43e-05 2.8 it/s
[ 134100] loss=0.6484 logical=0.5620 leak=0.0864 train_ler=0.930 lr=7.41e-05 2.8 it/s
[ 134200] loss=0.6101 logical=0.5254 leak=0.0847 train_ler=0.875 lr=7.39e-05 2.8 it/s
[ 134300] loss=0.6323 logical=0.5449 leak=0.0874 train_ler=0.914 lr=7.37e-05 2.8 it/s
[ 134400] loss=0.6565 logical=0.5663 leak=0.0902 train_ler=0.934 lr=7.35e-05 2.8 it/s
[ 134500] loss=0.6260 logical=0.5363 leak=0.0897 train_ler=0.891 lr=7.33e-05 2.8 it/s
[ 134600] loss=0.6265 logical=0.5371 leak=0.0894 train_ler=0.879 lr=7.31e-05 2.8 it/s
[ 134700] loss=0.6142 logical=0.5241 leak=0.0902 train_ler=0.887 lr=7.29e-05 2.8 it/s
[ 134800] loss=0.6387 logical=0.5485 leak=0.0901 train_ler=0.891 lr=7.27e-05 2.8 it/s
[ 134900] loss=0.6297 logical=0.5403 leak=0.0894 train_ler=0.883 lr=7.25e-05 2.8 it/s
[eval 135000] val LER=0.9045 (18090/20000) leak P/R=0.702/0.014 | T2-2 shots LER=0.9070 (1814/2000)  [B1 0.159, ORC 0.106]
[ 135000] loss=0.6332 logical=0.5450 leak=0.0882 train_ler=0.883 lr=7.23e-05 278.6 it/s
[ 135100] loss=0.6288 logical=0.5373 leak=0.0916 train_ler=0.895 lr=7.21e-05 2.8 it/s
[ 135200] loss=0.6337 logical=0.5444 leak=0.0893 train_ler=0.895 lr=7.19e-05 2.8 it/s
[ 135300] loss=0.6557 logical=0.5641 leak=0.0916 train_ler=0.930 lr=7.17e-05 2.8 it/s
[ 135400] loss=0.6310 logical=0.5374 leak=0.0937 train_ler=0.902 lr=7.15e-05 2.8 it/s
[ 135500] loss=0.6204 logical=0.5291 leak=0.0914 train_ler=0.891 lr=7.13e-05 2.8 it/s
[ 135600] loss=0.6527 logical=0.5619 leak=0.0908 train_ler=0.926 lr=7.11e-05 2.8 it/s
[ 135700] loss=0.6606 logical=0.5687 leak=0.0919 train_ler=0.922 lr=7.09e-05 2.8 it/s
[ 135800] loss=0.6501 logical=0.5605 leak=0.0896 train_ler=0.906 lr=7.07e-05 2.8 it/s
[ 135900] loss=0.6396 logical=0.5487 leak=0.0909 train_ler=0.887 lr=7.05e-05 2.8 it/s
[ 136000] loss=0.6443 logical=0.5551 leak=0.0892 train_ler=0.906 lr=7.03e-05 2.8 it/s
[ 136100] loss=0.6365 logical=0.5528 leak=0.0836 train_ler=0.883 lr=7.01e-05 2.8 it/s
[ 136200] loss=0.6446 logical=0.5583 leak=0.0863 train_ler=0.910 lr=6.99e-05 2.8 it/s
[ 136300] loss=0.6574 logical=0.5663 leak=0.0911 train_ler=0.914 lr=6.97e-05 2.8 it/s
[ 136400] loss=0.6094 logical=0.5220 leak=0.0874 train_ler=0.879 lr=6.95e-05 2.8 it/s
[ 136500] loss=0.6467 logical=0.5576 leak=0.0891 train_ler=0.914 lr=6.93e-05 2.8 it/s
[ 136600] loss=0.6254 logical=0.5329 leak=0.0925 train_ler=0.879 lr=6.91e-05 3.2 it/s
[ 136700] loss=0.6516 logical=0.5602 leak=0.0913 train_ler=0.891 lr=6.89e-05 5.6 it/s
[ 136800] loss=0.6463 logical=0.5594 leak=0.0869 train_ler=0.918 lr=6.87e-05 5.5 it/s
[ 136900] loss=0.6253 logical=0.5344 leak=0.0909 train_ler=0.891 lr=6.85e-05 5.6 it/s
[ 137000] loss=0.6603 logical=0.5688 leak=0.0915 train_ler=0.914 lr=6.83e-05 5.5 it/s
[ 137100] loss=0.6579 logical=0.5730 leak=0.0848 train_ler=0.910 lr=6.81e-05 5.5 it/s
[ 137200] loss=0.6382 logical=0.5489 leak=0.0893 train_ler=0.910 lr=6.79e-05 5.6 it/s
[ 137300] loss=0.6261 logical=0.5363 leak=0.0898 train_ler=0.875 lr=6.77e-05 5.5 it/s
[ 137400] loss=0.6239 logical=0.5354 leak=0.0885 train_ler=0.883 lr=6.75e-05 5.5 it/s
[ 137500] loss=0.6147 logical=0.5257 leak=0.0890 train_ler=0.887 lr=6.73e-05 5.5 it/s
[ 137600] loss=0.6195 logical=0.5289 leak=0.0906 train_ler=0.895 lr=6.71e-05 5.5 it/s
[ 137700] loss=0.6414 logical=0.5473 leak=0.0940 train_ler=0.910 lr=6.69e-05 5.6 it/s
[ 137800] loss=0.6303 logical=0.5409 leak=0.0894 train_ler=0.914 lr=6.67e-05 5.5 it/s
[ 137900] loss=0.6542 logical=0.5669 leak=0.0873 train_ler=0.922 lr=6.65e-05 5.5 it/s
[ 138000] loss=0.6492 logical=0.5551 leak=0.0940 train_ler=0.898 lr=6.63e-05 5.6 it/s
[ 138100] loss=0.6487 logical=0.5522 leak=0.0965 train_ler=0.891 lr=6.61e-05 5.5 it/s
[ 138200] loss=0.6269 logical=0.5376 leak=0.0892 train_ler=0.875 lr=6.59e-05 5.6 it/s
[ 138300] loss=0.6507 logical=0.5619 leak=0.0888 train_ler=0.930 lr=6.57e-05 5.5 it/s
[ 138400] loss=0.6446 logical=0.5573 leak=0.0874 train_ler=0.926 lr=6.55e-05 5.5 it/s
[ 138500] loss=0.6178 logical=0.5306 leak=0.0873 train_ler=0.875 lr=6.53e-05 5.6 it/s
[ 138600] loss=0.6465 logical=0.5567 leak=0.0898 train_ler=0.898 lr=6.51e-05 5.5 it/s
[ 138700] loss=0.6516 logical=0.5625 leak=0.0891 train_ler=0.914 lr=6.49e-05 5.6 it/s
[ 138800] loss=0.6547 logical=0.5650 leak=0.0897 train_ler=0.926 lr=6.47e-05 5.5 it/s
[ 138900] loss=0.6513 logical=0.5596 leak=0.0917 train_ler=0.910 lr=6.45e-05 5.5 it/s
[ 139000] loss=0.6348 logical=0.5499 leak=0.0849 train_ler=0.898 lr=6.43e-05 5.6 it/s
[ 139100] loss=0.6219 logical=0.5367 leak=0.0852 train_ler=0.859 lr=6.41e-05 5.5 it/s
[ 139200] loss=0.6450 logical=0.5520 leak=0.0930 train_ler=0.902 lr=6.40e-05 5.6 it/s
[ 139300] loss=0.6198 logical=0.5323 leak=0.0875 train_ler=0.906 lr=6.38e-05 5.5 it/s
[ 139400] loss=0.6262 logical=0.5375 leak=0.0887 train_ler=0.887 lr=6.36e-05 5.6 it/s
[ 139500] loss=0.6419 logical=0.5596 leak=0.0823 train_ler=0.922 lr=6.34e-05 5.6 it/s
[ 139600] loss=0.6152 logical=0.5284 leak=0.0867 train_ler=0.902 lr=6.32e-05 5.5 it/s
[ 139700] loss=0.6513 logical=0.5609 leak=0.0904 train_ler=0.902 lr=6.30e-05 5.6 it/s
[ 139800] loss=0.6374 logical=0.5479 leak=0.0895 train_ler=0.906 lr=6.28e-05 5.5 it/s
[ 139900] loss=0.6360 logical=0.5516 leak=0.0844 train_ler=0.918 lr=6.26e-05 5.5 it/s
[eval 140000] val LER=0.9062 (18123/20000) leak P/R=0.704/0.014 | T2-2 shots LER=0.9020 (1804/2000)  [B1 0.159, ORC 0.106]
[ 140000] loss=0.6417 logical=0.5516 leak=0.0902 train_ler=0.914 lr=6.24e-05 531.4 it/s
[ 140100] loss=0.6438 logical=0.5538 leak=0.0900 train_ler=0.887 lr=6.22e-05 5.5 it/s
[ 140200] loss=0.6585 logical=0.5721 leak=0.0863 train_ler=0.910 lr=6.20e-05 5.5 it/s
[ 140300] loss=0.6308 logical=0.5455 leak=0.0853 train_ler=0.871 lr=6.18e-05 5.5 it/s
[ 140400] loss=0.6377 logical=0.5483 leak=0.0894 train_ler=0.906 lr=6.16e-05 5.5 it/s
[ 140500] loss=0.6352 logical=0.5428 leak=0.0924 train_ler=0.906 lr=6.14e-05 5.6 it/s
[ 140600] loss=0.6359 logical=0.5491 leak=0.0868 train_ler=0.883 lr=6.13e-05 5.5 it/s
[ 140700] loss=0.6294 logical=0.5394 leak=0.0899 train_ler=0.875 lr=6.11e-05 5.5 it/s
[ 140800] loss=0.6292 logical=0.5417 leak=0.0875 train_ler=0.891 lr=6.09e-05 5.5 it/s
[ 140900] loss=0.6371 logical=0.5482 leak=0.0889 train_ler=0.891 lr=6.07e-05 5.5 it/s
[ 141000] loss=0.6363 logical=0.5457 leak=0.0907 train_ler=0.906 lr=6.05e-05 5.6 it/s
[ 141100] loss=0.6491 logical=0.5619 leak=0.0872 train_ler=0.922 lr=6.03e-05 5.5 it/s
[ 141200] loss=0.6318 logical=0.5450 leak=0.0869 train_ler=0.934 lr=6.01e-05 5.6 it/s
[ 141300] loss=0.6334 logical=0.5434 leak=0.0900 train_ler=0.895 lr=5.99e-05 5.6 it/s
[ 141400] loss=0.6495 logical=0.5618 leak=0.0878 train_ler=0.926 lr=5.97e-05 5.5 it/s
[ 141500] loss=0.6461 logical=0.5606 leak=0.0855 train_ler=0.898 lr=5.95e-05 5.6 it/s
[ 141600] loss=0.6303 logical=0.5424 leak=0.0879 train_ler=0.910 lr=5.94e-05 5.5 it/s
[ 141700] loss=0.6377 logical=0.5471 leak=0.0906 train_ler=0.922 lr=5.92e-05 5.5 it/s
[ 141800] loss=0.6441 logical=0.5568 leak=0.0873 train_ler=0.914 lr=5.90e-05 5.5 it/s
[ 141900] loss=0.6517 logical=0.5628 leak=0.0889 train_ler=0.906 lr=5.88e-05 5.5 it/s
[ 142000] loss=0.6425 logical=0.5506 leak=0.0920 train_ler=0.906 lr=5.86e-05 5.6 it/s
[ 142100] loss=0.6418 logical=0.5525 leak=0.0893 train_ler=0.914 lr=5.84e-05 5.5 it/s
[ 142200] loss=0.6262 logical=0.5363 leak=0.0899 train_ler=0.879 lr=5.82e-05 5.5 it/s
[ 142300] loss=0.6457 logical=0.5531 leak=0.0926 train_ler=0.887 lr=5.80e-05 5.5 it/s
[ 142400] loss=0.6431 logical=0.5537 leak=0.0894 train_ler=0.922 lr=5.79e-05 5.5 it/s
[ 142500] loss=0.6477 logical=0.5568 leak=0.0909 train_ler=0.922 lr=5.77e-05 5.6 it/s
[ 142600] loss=0.6302 logical=0.5402 leak=0.0900 train_ler=0.914 lr=5.75e-05 5.5 it/s
[ 142700] loss=0.6416 logical=0.5525 leak=0.0892 train_ler=0.891 lr=5.73e-05 5.6 it/s
[ 142800] loss=0.6520 logical=0.5646 leak=0.0874 train_ler=0.934 lr=5.71e-05 5.5 it/s
[ 142900] loss=0.6399 logical=0.5467 leak=0.0932 train_ler=0.902 lr=5.69e-05 5.5 it/s
[ 143000] loss=0.6195 logical=0.5297 leak=0.0897 train_ler=0.883 lr=5.67e-05 5.6 it/s
[ 143100] loss=0.6386 logical=0.5475 leak=0.0911 train_ler=0.902 lr=5.66e-05 5.5 it/s
[ 143200] loss=0.6232 logical=0.5342 leak=0.0890 train_ler=0.898 lr=5.64e-05 5.5 it/s
[ 143300] loss=0.6347 logical=0.5473 leak=0.0874 train_ler=0.914 lr=5.62e-05 5.5 it/s
[ 143400] loss=0.6510 logical=0.5608 leak=0.0902 train_ler=0.898 lr=5.60e-05 5.5 it/s
[ 143500] loss=0.6517 logical=0.5593 leak=0.0924 train_ler=0.914 lr=5.58e-05 5.6 it/s
[ 143600] loss=0.6487 logical=0.5586 leak=0.0901 train_ler=0.895 lr=5.56e-05 5.5 it/s
[ 143700] loss=0.6358 logical=0.5527 leak=0.0831 train_ler=0.891 lr=5.54e-05 5.5 it/s
[ 143800] loss=0.6365 logical=0.5483 leak=0.0882 train_ler=0.918 lr=5.53e-05 5.5 it/s
[ 143900] loss=0.6392 logical=0.5477 leak=0.0915 train_ler=0.918 lr=5.51e-05 5.5 it/s
[ 144000] loss=0.6275 logical=0.5407 leak=0.0868 train_ler=0.887 lr=5.49e-05 5.5 it/s
[ 144100] loss=0.6418 logical=0.5530 leak=0.0887 train_ler=0.914 lr=5.47e-05 5.5 it/s
[ 144200] loss=0.6317 logical=0.5440 leak=0.0877 train_ler=0.906 lr=5.45e-05 5.5 it/s
[ 144300] loss=0.6452 logical=0.5575 leak=0.0877 train_ler=0.922 lr=5.43e-05 5.5 it/s
[ 144400] loss=0.6135 logical=0.5270 leak=0.0866 train_ler=0.871 lr=5.42e-05 5.5 it/s
[ 144500] loss=0.6230 logical=0.5380 leak=0.0850 train_ler=0.898 lr=5.40e-05 5.5 it/s
[ 144600] loss=0.6464 logical=0.5549 leak=0.0915 train_ler=0.902 lr=5.38e-05 5.6 it/s
[ 144700] loss=0.6239 logical=0.5289 leak=0.0950 train_ler=0.867 lr=5.36e-05 5.5 it/s
[ 144800] loss=0.6323 logical=0.5434 leak=0.0889 train_ler=0.879 lr=5.34e-05 5.6 it/s
[ 144900] loss=0.6113 logical=0.5253 leak=0.0860 train_ler=0.879 lr=5.33e-05 5.5 it/s
[eval 145000] val LER=0.9042 (18085/20000) leak P/R=0.698/0.014 | T2-2 shots LER=0.9015 (1803/2000)  [B1 0.159, ORC 0.106]
[ 145000] loss=0.6372 logical=0.5498 leak=0.0874 train_ler=0.934 lr=5.31e-05 536.5 it/s
[ 145100] loss=0.6528 logical=0.5657 leak=0.0871 train_ler=0.918 lr=5.29e-05 5.6 it/s
[ 145200] loss=0.6496 logical=0.5616 leak=0.0880 train_ler=0.914 lr=5.27e-05 5.5 it/s
[ 145300] loss=0.6090 logical=0.5195 leak=0.0895 train_ler=0.910 lr=5.25e-05 5.5 it/s
[ 145400] loss=0.6369 logical=0.5460 leak=0.0909 train_ler=0.898 lr=5.24e-05 5.5 it/s
[ 145500] loss=0.6250 logical=0.5396 leak=0.0854 train_ler=0.895 lr=5.22e-05 5.5 it/s
[ 145600] loss=0.6620 logical=0.5703 leak=0.0916 train_ler=0.934 lr=5.20e-05 5.5 it/s
[ 145700] loss=0.6351 logical=0.5472 leak=0.0879 train_ler=0.898 lr=5.18e-05 5.5 it/s
[ 145800] loss=0.6192 logical=0.5316 leak=0.0876 train_ler=0.879 lr=5.16e-05 5.6 it/s
[ 145900] loss=0.6334 logical=0.5482 leak=0.0852 train_ler=0.922 lr=5.15e-05 5.5 it/s
[ 146000] loss=0.6108 logical=0.5178 leak=0.0931 train_ler=0.867 lr=5.13e-05 5.5 it/s
[ 146100] loss=0.6432 logical=0.5521 leak=0.0910 train_ler=0.891 lr=5.11e-05 5.5 it/s
[ 146200] loss=0.6427 logical=0.5545 leak=0.0881 train_ler=0.934 lr=5.09e-05 5.5 it/s
[ 146300] loss=0.6228 logical=0.5317 leak=0.0911 train_ler=0.883 lr=5.07e-05 5.5 it/s
[ 146400] loss=0.6491 logical=0.5556 leak=0.0935 train_ler=0.910 lr=5.06e-05 5.5 it/s
[ 146500] loss=0.6343 logical=0.5483 leak=0.0860 train_ler=0.922 lr=5.04e-05 5.5 it/s
[ 146600] loss=0.6424 logical=0.5523 leak=0.0901 train_ler=0.895 lr=5.02e-05 5.6 it/s
[ 146700] loss=0.6531 logical=0.5598 leak=0.0934 train_ler=0.934 lr=5.00e-05 5.5 it/s
[ 146800] loss=0.6444 logical=0.5575 leak=0.0869 train_ler=0.898 lr=4.99e-05 5.6 it/s
[ 146900] loss=0.6607 logical=0.5728 leak=0.0879 train_ler=0.930 lr=4.97e-05 5.5 it/s
[ 147000] loss=0.6557 logical=0.5663 leak=0.0894 train_ler=0.910 lr=4.95e-05 5.5 it/s
[ 147100] loss=0.6306 logical=0.5408 leak=0.0897 train_ler=0.902 lr=4.93e-05 5.5 it/s
[ 147200] loss=0.6641 logical=0.5734 leak=0.0907 train_ler=0.926 lr=4.92e-05 5.5 it/s
[ 147300] loss=0.6546 logical=0.5652 leak=0.0894 train_ler=0.926 lr=4.90e-05 5.6 it/s
[ 147400] loss=0.6550 logical=0.5654 leak=0.0896 train_ler=0.891 lr=4.88e-05 5.5 it/s
[ 147500] loss=0.6265 logical=0.5370 leak=0.0896 train_ler=0.898 lr=4.86e-05 5.5 it/s
[ 147600] loss=0.6496 logical=0.5609 leak=0.0886 train_ler=0.910 lr=4.85e-05 5.6 it/s
[ 147700] loss=0.6437 logical=0.5552 leak=0.0884 train_ler=0.910 lr=4.83e-05 5.5 it/s
[ 147800] loss=0.6378 logical=0.5499 leak=0.0879 train_ler=0.891 lr=4.81e-05 5.6 it/s
[ 147900] loss=0.6268 logical=0.5400 leak=0.0868 train_ler=0.875 lr=4.79e-05 5.5 it/s
[ 148000] loss=0.6365 logical=0.5501 leak=0.0864 train_ler=0.926 lr=4.78e-05 5.5 it/s
[ 148100] loss=0.6500 logical=0.5567 leak=0.0932 train_ler=0.922 lr=4.76e-05 5.5 it/s
[ 148200] loss=0.6090 logical=0.5222 leak=0.0868 train_ler=0.879 lr=4.74e-05 5.5 it/s
[ 148300] loss=0.6536 logical=0.5642 leak=0.0894 train_ler=0.906 lr=4.72e-05 5.5 it/s
[ 148400] loss=0.6672 logical=0.5785 leak=0.0887 train_ler=0.934 lr=4.71e-05 5.5 it/s
[ 148500] loss=0.6273 logical=0.5364 leak=0.0909 train_ler=0.879 lr=4.69e-05 5.5 it/s
[ 148600] loss=0.6413 logical=0.5556 leak=0.0858 train_ler=0.926 lr=4.67e-05 5.5 it/s
[ 148700] loss=0.6366 logical=0.5471 leak=0.0895 train_ler=0.906 lr=4.66e-05 5.5 it/s
[ 148800] loss=0.6463 logical=0.5562 leak=0.0902 train_ler=0.918 lr=4.64e-05 5.6 it/s
[ 148900] loss=0.6214 logical=0.5357 leak=0.0857 train_ler=0.887 lr=4.62e-05 5.5 it/s
[ 149000] loss=0.6404 logical=0.5556 leak=0.0847 train_ler=0.914 lr=4.60e-05 5.5 it/s
[ 149100] loss=0.6380 logical=0.5475 leak=0.0904 train_ler=0.922 lr=4.59e-05 5.5 it/s
[ 149200] loss=0.6467 logical=0.5610 leak=0.0857 train_ler=0.914 lr=4.57e-05 5.5 it/s
[ 149300] loss=0.6494 logical=0.5605 leak=0.0889 train_ler=0.934 lr=4.55e-05 5.5 it/s
[ 149400] loss=0.6171 logical=0.5220 leak=0.0952 train_ler=0.844 lr=4.54e-05 5.5 it/s
[ 149500] loss=0.6340 logical=0.5416 leak=0.0924 train_ler=0.906 lr=4.52e-05 5.5 it/s
[ 149600] loss=0.6300 logical=0.5414 leak=0.0886 train_ler=0.871 lr=4.50e-05 5.5 it/s
[ 149700] loss=0.6498 logical=0.5620 leak=0.0879 train_ler=0.934 lr=4.49e-05 5.5 it/s
[ 149800] loss=0.6403 logical=0.5552 leak=0.0850 train_ler=0.910 lr=4.47e-05 5.6 it/s
[ 149900] loss=0.6471 logical=0.5543 leak=0.0927 train_ler=0.922 lr=4.45e-05 5.5 it/s
[eval 150000] val LER=0.9037 (18074/20000) leak P/R=0.704/0.014 | T2-2 shots LER=0.9010 (1802/2000)  [B1 0.159, ORC 0.106]
[ 150000] loss=0.6239 logical=0.5361 leak=0.0878 train_ler=0.906 lr=4.44e-05 544.7 it/s
[ 150100] loss=0.6540 logical=0.5628 leak=0.0911 train_ler=0.938 lr=4.42e-05 5.6 it/s
[ 150200] loss=0.6448 logical=0.5553 leak=0.0895 train_ler=0.914 lr=4.40e-05 5.5 it/s
[ 150300] loss=0.6207 logical=0.5392 leak=0.0815 train_ler=0.910 lr=4.39e-05 5.6 it/s
[ 150400] loss=0.6215 logical=0.5314 leak=0.0901 train_ler=0.906 lr=4.37e-05 5.6 it/s
[ 150500] loss=0.6296 logical=0.5377 leak=0.0918 train_ler=0.895 lr=4.35e-05 5.5 it/s
[ 150600] loss=0.6242 logical=0.5344 leak=0.0898 train_ler=0.930 lr=4.33e-05 5.5 it/s
[ 150700] loss=0.6524 logical=0.5599 leak=0.0926 train_ler=0.926 lr=4.32e-05 5.5 it/s
[ 150800] loss=0.6084 logical=0.5205 leak=0.0879 train_ler=0.895 lr=4.30e-05 5.5 it/s
[ 150900] loss=0.6400 logical=0.5530 leak=0.0870 train_ler=0.906 lr=4.29e-05 5.5 it/s
[ 151000] loss=0.6177 logical=0.5294 leak=0.0884 train_ler=0.883 lr=4.27e-05 5.5 it/s
[ 151100] loss=0.6152 logical=0.5289 leak=0.0862 train_ler=0.898 lr=4.25e-05 5.6 it/s
[ 151200] loss=0.6706 logical=0.5858 leak=0.0848 train_ler=0.926 lr=4.24e-05 5.5 it/s
[ 151300] loss=0.6438 logical=0.5493 leak=0.0945 train_ler=0.906 lr=4.22e-05 5.5 it/s
[ 151400] loss=0.6341 logical=0.5428 leak=0.0912 train_ler=0.891 lr=4.20e-05 5.5 it/s
[ 151500] loss=0.6240 logical=0.5289 leak=0.0951 train_ler=0.891 lr=4.19e-05 5.5 it/s
[ 151600] loss=0.6317 logical=0.5494 leak=0.0823 train_ler=0.898 lr=4.17e-05 5.6 it/s
[ 151700] loss=0.6298 logical=0.5410 leak=0.0889 train_ler=0.902 lr=4.15e-05 5.5 it/s
[ 151800] loss=0.6197 logical=0.5330 leak=0.0867 train_ler=0.891 lr=4.14e-05 5.5 it/s
[ 151900] loss=0.6305 logical=0.5413 leak=0.0892 train_ler=0.883 lr=4.12e-05 5.6 it/s
[ 152000] loss=0.6275 logical=0.5424 leak=0.0851 train_ler=0.898 lr=4.10e-05 5.5 it/s
[ 152100] loss=0.6427 logical=0.5557 leak=0.0870 train_ler=0.922 lr=4.09e-05 5.6 it/s
[ 152200] loss=0.6216 logical=0.5308 leak=0.0908 train_ler=0.883 lr=4.07e-05 5.5 it/s
[ 152300] loss=0.6436 logical=0.5540 leak=0.0896 train_ler=0.922 lr=4.06e-05 5.6 it/s
[ 152400] loss=0.6399 logical=0.5501 leak=0.0898 train_ler=0.910 lr=4.04e-05 5.5 it/s
[ 152500] loss=0.5990 logical=0.5144 leak=0.0846 train_ler=0.875 lr=4.02e-05 5.5 it/s
[ 152600] loss=0.6313 logical=0.5419 leak=0.0894 train_ler=0.891 lr=4.01e-05 5.6 it/s
[ 152700] loss=0.6331 logical=0.5478 leak=0.0854 train_ler=0.906 lr=3.99e-05 5.6 it/s
[ 152800] loss=0.6406 logical=0.5517 leak=0.0889 train_ler=0.930 lr=3.98e-05 5.6 it/s
[ 152900] loss=0.6240 logical=0.5366 leak=0.0874 train_ler=0.891 lr=3.96e-05 5.5 it/s
[ 153000] loss=0.6140 logical=0.5267 leak=0.0874 train_ler=0.871 lr=3.94e-05 5.5 it/s
[ 153100] loss=0.6463 logical=0.5529 leak=0.0933 train_ler=0.906 lr=3.93e-05 5.6 it/s
[ 153200] loss=0.6583 logical=0.5709 leak=0.0874 train_ler=0.895 lr=3.91e-05 5.5 it/s
[ 153300] loss=0.6411 logical=0.5569 leak=0.0842 train_ler=0.922 lr=3.90e-05 5.5 it/s
[ 153400] loss=0.6595 logical=0.5694 leak=0.0900 train_ler=0.922 lr=3.88e-05 5.5 it/s
[ 153500] loss=0.6311 logical=0.5376 leak=0.0936 train_ler=0.883 lr=3.86e-05 5.5 it/s
[ 153600] loss=0.6597 logical=0.5671 leak=0.0926 train_ler=0.941 lr=3.85e-05 5.6 it/s
[ 153700] loss=0.6549 logical=0.5632 leak=0.0916 train_ler=0.934 lr=3.83e-05 5.5 it/s
[ 153800] loss=0.6488 logical=0.5612 leak=0.0876 train_ler=0.910 lr=3.82e-05 5.5 it/s
[ 153900] loss=0.6737 logical=0.5817 leak=0.0920 train_ler=0.938 lr=3.80e-05 5.5 it/s
[ 154000] loss=0.6252 logical=0.5355 leak=0.0897 train_ler=0.914 lr=3.78e-05 5.5 it/s
[ 154100] loss=0.6411 logical=0.5505 leak=0.0906 train_ler=0.902 lr=3.77e-05 5.6 it/s
[ 154200] loss=0.6541 logical=0.5576 leak=0.0965 train_ler=0.930 lr=3.75e-05 5.6 it/s
[ 154300] loss=0.6298 logical=0.5400 leak=0.0899 train_ler=0.879 lr=3.74e-05 5.5 it/s
[ 154400] loss=0.6338 logical=0.5466 leak=0.0872 train_ler=0.906 lr=3.72e-05 5.6 it/s
[ 154500] loss=0.6406 logical=0.5498 leak=0.0909 train_ler=0.898 lr=3.71e-05 5.5 it/s
[ 154600] loss=0.6067 logical=0.5140 leak=0.0927 train_ler=0.871 lr=3.69e-05 5.6 it/s
[ 154700] loss=0.6477 logical=0.5611 leak=0.0866 train_ler=0.898 lr=3.68e-05 5.5 it/s
[ 154800] loss=0.6400 logical=0.5530 leak=0.0870 train_ler=0.891 lr=3.66e-05 5.5 it/s
[ 154900] loss=0.6327 logical=0.5451 leak=0.0876 train_ler=0.887 lr=3.64e-05 5.5 it/s
[eval 155000] val LER=0.9042 (18085/20000) leak P/R=0.694/0.014 | T2-2 shots LER=0.9080 (1816/2000)  [B1 0.159, ORC 0.106]
[ 155000] loss=0.6222 logical=0.5346 leak=0.0876 train_ler=0.895 lr=3.63e-05 546.1 it/s
[ 155100] loss=0.6384 logical=0.5480 leak=0.0905 train_ler=0.914 lr=3.61e-05 5.6 it/s
[ 155200] loss=0.6383 logical=0.5519 leak=0.0864 train_ler=0.871 lr=3.60e-05 5.5 it/s
[ 155300] loss=0.6343 logical=0.5424 leak=0.0919 train_ler=0.918 lr=3.58e-05 5.5 it/s
[ 155400] loss=0.6200 logical=0.5316 leak=0.0884 train_ler=0.914 lr=3.57e-05 5.6 it/s
[ 155500] loss=0.6501 logical=0.5572 leak=0.0929 train_ler=0.926 lr=3.55e-05 5.5 it/s
[ 155600] loss=0.6344 logical=0.5419 leak=0.0925 train_ler=0.906 lr=3.54e-05 5.5 it/s
[ 155700] loss=0.6292 logical=0.5392 leak=0.0901 train_ler=0.887 lr=3.52e-05 5.5 it/s
[ 155800] loss=0.6506 logical=0.5633 leak=0.0873 train_ler=0.949 lr=3.51e-05 5.5 it/s
[ 155900] loss=0.6356 logical=0.5451 leak=0.0904 train_ler=0.902 lr=3.49e-05 5.6 it/s
[ 156000] loss=0.6650 logical=0.5733 leak=0.0917 train_ler=0.934 lr=3.48e-05 5.5 it/s
[ 156100] loss=0.6350 logical=0.5461 leak=0.0889 train_ler=0.930 lr=3.46e-05 5.5 it/s
[ 156200] loss=0.6243 logical=0.5370 leak=0.0873 train_ler=0.895 lr=3.45e-05 5.5 it/s
[ 156300] loss=0.6260 logical=0.5334 leak=0.0926 train_ler=0.895 lr=3.43e-05 5.5 it/s
[ 156400] loss=0.6294 logical=0.5428 leak=0.0866 train_ler=0.902 lr=3.42e-05 5.6 it/s
[ 156500] loss=0.6289 logical=0.5387 leak=0.0902 train_ler=0.859 lr=3.40e-05 5.6 it/s
[ 156600] loss=0.6533 logical=0.5671 leak=0.0862 train_ler=0.922 lr=3.39e-05 5.6 it/s
[ 156700] loss=0.6556 logical=0.5627 leak=0.0929 train_ler=0.914 lr=3.37e-05 5.6 it/s
[ 156800] loss=0.6328 logical=0.5439 leak=0.0889 train_ler=0.895 lr=3.36e-05 5.5 it/s
[ 156900] loss=0.6354 logical=0.5500 leak=0.0854 train_ler=0.918 lr=3.34e-05 5.6 it/s
[ 157000] loss=0.6240 logical=0.5341 leak=0.0899 train_ler=0.883 lr=3.33e-05 5.5 it/s
[ 157100] loss=0.6506 logical=0.5624 leak=0.0882 train_ler=0.926 lr=3.31e-05 5.6 it/s
[ 157200] loss=0.6562 logical=0.5681 leak=0.0881 train_ler=0.914 lr=3.30e-05 5.5 it/s
[ 157300] loss=0.6455 logical=0.5544 leak=0.0911 train_ler=0.906 lr=3.28e-05 5.5 it/s
[ 157400] loss=0.6184 logical=0.5295 leak=0.0889 train_ler=0.887 lr=3.27e-05 5.5 it/s
[ 157500] loss=0.6519 logical=0.5638 leak=0.0880 train_ler=0.934 lr=3.25e-05 5.5 it/s
[ 157600] loss=0.6283 logical=0.5380 leak=0.0903 train_ler=0.914 lr=3.24e-05 5.6 it/s
[ 157700] loss=0.6409 logical=0.5503 leak=0.0905 train_ler=0.918 lr=3.22e-05 5.6 it/s
[ 157800] loss=0.6441 logical=0.5533 leak=0.0909 train_ler=0.910 lr=3.21e-05 5.5 it/s
[ 157900] loss=0.6216 logical=0.5299 leak=0.0917 train_ler=0.871 lr=3.19e-05 5.6 it/s
[ 158000] loss=0.6544 logical=0.5686 leak=0.0858 train_ler=0.922 lr=3.18e-05 5.5 it/s
[ 158100] loss=0.6367 logical=0.5440 leak=0.0927 train_ler=0.922 lr=3.16e-05 5.5 it/s
[ 158200] loss=0.6280 logical=0.5418 leak=0.0862 train_ler=0.922 lr=3.15e-05 5.5 it/s
[ 158300] loss=0.6043 logical=0.5172 leak=0.0870 train_ler=0.902 lr=3.13e-05 5.5 it/s
[ 158400] loss=0.6466 logical=0.5579 leak=0.0887 train_ler=0.930 lr=3.12e-05 5.6 it/s
[ 158500] loss=0.6329 logical=0.5440 leak=0.0889 train_ler=0.926 lr=3.11e-05 5.6 it/s
[ 158600] loss=0.6336 logical=0.5431 leak=0.0906 train_ler=0.902 lr=3.09e-05 5.5 it/s
[ 158700] loss=0.6356 logical=0.5446 leak=0.0910 train_ler=0.895 lr=3.08e-05 5.5 it/s
[ 158800] loss=0.6225 logical=0.5317 leak=0.0908 train_ler=0.871 lr=3.06e-05 5.5 it/s
[ 158900] loss=0.6453 logical=0.5541 leak=0.0912 train_ler=0.918 lr=3.05e-05 5.6 it/s
[ 159000] loss=0.6661 logical=0.5784 leak=0.0876 train_ler=0.938 lr=3.03e-05 5.5 it/s
[ 159100] loss=0.6419 logical=0.5506 leak=0.0913 train_ler=0.898 lr=3.02e-05 5.5 it/s
[ 159200] loss=0.6605 logical=0.5703 leak=0.0901 train_ler=0.926 lr=3.01e-05 5.5 it/s
[ 159300] loss=0.6293 logical=0.5413 leak=0.0880 train_ler=0.898 lr=2.99e-05 5.5 it/s
[ 159400] loss=0.6566 logical=0.5670 leak=0.0897 train_ler=0.922 lr=2.98e-05 5.5 it/s
[ 159500] loss=0.6096 logical=0.5198 leak=0.0898 train_ler=0.875 lr=2.96e-05 5.5 it/s
[ 159600] loss=0.6388 logical=0.5506 leak=0.0882 train_ler=0.902 lr=2.95e-05 5.5 it/s
[ 159700] loss=0.6163 logical=0.5292 leak=0.0871 train_ler=0.887 lr=2.93e-05 5.6 it/s
[ 159800] loss=0.6251 logical=0.5342 leak=0.0910 train_ler=0.879 lr=2.92e-05 5.5 it/s
[ 159900] loss=0.6278 logical=0.5404 leak=0.0873 train_ler=0.898 lr=2.91e-05 5.6 it/s
[eval 160000] val LER=0.9038 (18075/20000) leak P/R=0.699/0.014 | T2-2 shots LER=0.9035 (1807/2000)  [B1 0.159, ORC 0.106]
[ 160000] loss=0.6206 logical=0.5359 leak=0.0848 train_ler=0.887 lr=2.89e-05 540.7 it/s
[ 160100] loss=0.6067 logical=0.5134 leak=0.0933 train_ler=0.859 lr=2.88e-05 5.5 it/s
[ 160200] loss=0.6284 logical=0.5415 leak=0.0869 train_ler=0.906 lr=2.86e-05 5.6 it/s
[ 160300] loss=0.6136 logical=0.5261 leak=0.0874 train_ler=0.875 lr=2.85e-05 5.5 it/s
[ 160400] loss=0.6433 logical=0.5552 leak=0.0882 train_ler=0.910 lr=2.84e-05 5.5 it/s
[ 160500] loss=0.6290 logical=0.5394 leak=0.0896 train_ler=0.891 lr=2.82e-05 5.5 it/s
[ 160600] loss=0.6233 logical=0.5342 leak=0.0891 train_ler=0.891 lr=2.81e-05 5.5 it/s
[ 160700] loss=0.6380 logical=0.5504 leak=0.0877 train_ler=0.891 lr=2.80e-05 5.6 it/s
[ 160800] loss=0.6446 logical=0.5524 leak=0.0921 train_ler=0.898 lr=2.78e-05 5.5 it/s
[ 160900] loss=0.6239 logical=0.5377 leak=0.0862 train_ler=0.898 lr=2.77e-05 5.5 it/s
[ 161000] loss=0.6580 logical=0.5720 leak=0.0860 train_ler=0.922 lr=2.75e-05 5.5 it/s
[ 161100] loss=0.6430 logical=0.5537 leak=0.0893 train_ler=0.906 lr=2.74e-05 5.5 it/s
[ 161200] loss=0.6549 logical=0.5656 leak=0.0892 train_ler=0.914 lr=2.73e-05 5.6 it/s
[ 161300] loss=0.6277 logical=0.5383 leak=0.0894 train_ler=0.883 lr=2.71e-05 5.5 it/s
[ 161400] loss=0.6376 logical=0.5476 leak=0.0900 train_ler=0.914 lr=2.70e-05 5.5 it/s
[ 161500] loss=0.6298 logical=0.5413 leak=0.0886 train_ler=0.902 lr=2.69e-05 5.5 it/s
[ 161600] loss=0.6357 logical=0.5437 leak=0.0920 train_ler=0.906 lr=2.67e-05 5.5 it/s
[ 161700] loss=0.6038 logical=0.5164 leak=0.0875 train_ler=0.859 lr=2.66e-05 5.6 it/s
[ 161800] loss=0.6182 logical=0.5298 leak=0.0883 train_ler=0.875 lr=2.65e-05 5.5 it/s
[ 161900] loss=0.6400 logical=0.5477 leak=0.0923 train_ler=0.898 lr=2.63e-05 5.5 it/s
[ 162000] loss=0.6552 logical=0.5633 leak=0.0919 train_ler=0.926 lr=2.62e-05 5.5 it/s
[ 162100] loss=0.6435 logical=0.5553 leak=0.0882 train_ler=0.914 lr=2.61e-05 5.5 it/s
[ 162200] loss=0.6620 logical=0.5704 leak=0.0916 train_ler=0.918 lr=2.59e-05 5.6 it/s
[ 162300] loss=0.6249 logical=0.5381 leak=0.0868 train_ler=0.895 lr=2.58e-05 5.5 it/s
[ 162400] loss=0.6374 logical=0.5486 leak=0.0889 train_ler=0.895 lr=2.57e-05 5.5 it/s
[ 162500] loss=0.6380 logical=0.5491 leak=0.0889 train_ler=0.930 lr=2.55e-05 5.5 it/s
[ 162600] loss=0.6333 logical=0.5461 leak=0.0873 train_ler=0.895 lr=2.54e-05 5.5 it/s
[ 162700] loss=0.6307 logical=0.5396 leak=0.0910 train_ler=0.918 lr=2.53e-05 5.6 it/s
[ 162800] loss=0.6475 logical=0.5544 leak=0.0932 train_ler=0.902 lr=2.51e-05 5.5 it/s
[ 162900] loss=0.6188 logical=0.5288 leak=0.0900 train_ler=0.875 lr=2.50e-05 5.5 it/s
[ 163000] loss=0.6192 logical=0.5316 leak=0.0876 train_ler=0.887 lr=2.49e-05 5.6 it/s
[ 163100] loss=0.6487 logical=0.5611 leak=0.0877 train_ler=0.922 lr=2.47e-05 5.5 it/s
[ 163200] loss=0.6205 logical=0.5320 leak=0.0885 train_ler=0.922 lr=2.46e-05 5.6 it/s
[ 163300] loss=0.6276 logical=0.5415 leak=0.0860 train_ler=0.883 lr=2.45e-05 5.6 it/s
[ 163400] loss=0.6433 logical=0.5514 leak=0.0919 train_ler=0.891 lr=2.44e-05 5.5 it/s
[ 163500] loss=0.6466 logical=0.5571 leak=0.0895 train_ler=0.938 lr=2.42e-05 5.6 it/s
[ 163600] loss=0.6476 logical=0.5595 leak=0.0880 train_ler=0.910 lr=2.41e-05 5.5 it/s
[ 163700] loss=0.6375 logical=0.5465 leak=0.0910 train_ler=0.914 lr=2.40e-05 5.5 it/s
[ 163800] loss=0.6366 logical=0.5459 leak=0.0907 train_ler=0.902 lr=2.38e-05 5.5 it/s
[ 163900] loss=0.6350 logical=0.5483 leak=0.0866 train_ler=0.875 lr=2.37e-05 5.5 it/s
[ 164000] loss=0.6707 logical=0.5819 leak=0.0888 train_ler=0.941 lr=2.36e-05 5.5 it/s
[ 164100] loss=0.6166 logical=0.5272 leak=0.0894 train_ler=0.879 lr=2.35e-05 5.5 it/s
[ 164200] loss=0.6506 logical=0.5610 leak=0.0896 train_ler=0.918 lr=2.33e-05 5.5 it/s
[ 164300] loss=0.6063 logical=0.5208 leak=0.0855 train_ler=0.891 lr=2.32e-05 5.5 it/s
[ 164400] loss=0.6114 logical=0.5283 leak=0.0831 train_ler=0.871 lr=2.31e-05 5.5 it/s
[ 164500] loss=0.6389 logical=0.5486 leak=0.0903 train_ler=0.895 lr=2.29e-05 5.5 it/s
[ 164600] loss=0.6367 logical=0.5447 leak=0.0920 train_ler=0.898 lr=2.28e-05 5.6 it/s
[ 164700] loss=0.6403 logical=0.5489 leak=0.0914 train_ler=0.902 lr=2.27e-05 5.6 it/s
[ 164800] loss=0.6288 logical=0.5419 leak=0.0869 train_ler=0.887 lr=2.26e-05 5.5 it/s
[ 164900] loss=0.6396 logical=0.5496 leak=0.0900 train_ler=0.918 lr=2.24e-05 5.5 it/s
[eval 165000] val LER=0.9020 (18040/20000) leak P/R=0.700/0.014 | T2-2 shots LER=0.9005 (1801/2000)  [B1 0.159, ORC 0.106]
[ 165000] loss=0.6160 logical=0.5321 leak=0.0839 train_ler=0.879 lr=2.23e-05 545.9 it/s
[ 165100] loss=0.6394 logical=0.5494 leak=0.0900 train_ler=0.922 lr=2.22e-05 5.5 it/s
[ 165200] loss=0.6376 logical=0.5464 leak=0.0912 train_ler=0.918 lr=2.21e-05 8.0 it/s
[ 165300] loss=0.6562 logical=0.5657 leak=0.0905 train_ler=0.938 lr=2.19e-05 11.8 it/s
[ 165400] loss=0.6416 logical=0.5510 leak=0.0906 train_ler=0.922 lr=2.18e-05 11.9 it/s
[ 165500] loss=0.6321 logical=0.5425 leak=0.0896 train_ler=0.902 lr=2.17e-05 11.9 it/s
[ 165600] loss=0.6388 logical=0.5476 leak=0.0912 train_ler=0.906 lr=2.16e-05 11.9 it/s
[ 165700] loss=0.6187 logical=0.5308 leak=0.0879 train_ler=0.906 lr=2.15e-05 11.8 it/s
[ 165800] loss=0.6527 logical=0.5576 leak=0.0951 train_ler=0.930 lr=2.13e-05 11.9 it/s
[ 165900] loss=0.6343 logical=0.5433 leak=0.0910 train_ler=0.902 lr=2.12e-05 11.8 it/s
[ 166000] loss=0.6451 logical=0.5570 leak=0.0881 train_ler=0.914 lr=2.11e-05 11.8 it/s
[ 166100] loss=0.6473 logical=0.5568 leak=0.0905 train_ler=0.902 lr=2.10e-05 11.9 it/s
[ 166200] loss=0.6307 logical=0.5419 leak=0.0888 train_ler=0.895 lr=2.09e-05 11.8 it/s
[ 166300] loss=0.6444 logical=0.5564 leak=0.0881 train_ler=0.910 lr=2.07e-05 11.8 it/s
[ 166400] loss=0.6479 logical=0.5610 leak=0.0869 train_ler=0.902 lr=2.06e-05 11.8 it/s
[ 166500] loss=0.6306 logical=0.5420 leak=0.0886 train_ler=0.906 lr=2.05e-05 11.9 it/s
[ 166600] loss=0.6546 logical=0.5672 leak=0.0874 train_ler=0.938 lr=2.04e-05 11.9 it/s
[ 166700] loss=0.6475 logical=0.5577 leak=0.0897 train_ler=0.930 lr=2.03e-05 11.8 it/s
[ 166800] loss=0.6341 logical=0.5472 leak=0.0869 train_ler=0.895 lr=2.01e-05 11.8 it/s
[ 166900] loss=0.6405 logical=0.5541 leak=0.0864 train_ler=0.910 lr=2.00e-05 11.8 it/s
[ 167000] loss=0.6405 logical=0.5475 leak=0.0931 train_ler=0.918 lr=1.99e-05 11.9 it/s
[ 167100] loss=0.6560 logical=0.5651 leak=0.0909 train_ler=0.914 lr=1.98e-05 11.8 it/s
[ 167200] loss=0.6370 logical=0.5485 leak=0.0884 train_ler=0.895 lr=1.97e-05 11.9 it/s
[ 167300] loss=0.6369 logical=0.5475 leak=0.0894 train_ler=0.898 lr=1.95e-05 11.8 it/s
[ 167400] loss=0.6764 logical=0.5830 leak=0.0934 train_ler=0.938 lr=1.94e-05 11.8 it/s
[ 167500] loss=0.6630 logical=0.5752 leak=0.0878 train_ler=0.926 lr=1.93e-05 11.8 it/s
[ 167600] loss=0.6591 logical=0.5663 leak=0.0927 train_ler=0.914 lr=1.92e-05 11.8 it/s
[ 167700] loss=0.6289 logical=0.5420 leak=0.0869 train_ler=0.918 lr=1.91e-05 11.8 it/s
[ 167800] loss=0.6075 logical=0.5219 leak=0.0856 train_ler=0.844 lr=1.90e-05 11.8 it/s
[ 167900] loss=0.6389 logical=0.5498 leak=0.0891 train_ler=0.895 lr=1.89e-05 11.8 it/s
[ 168000] loss=0.6396 logical=0.5487 leak=0.0908 train_ler=0.910 lr=1.87e-05 11.8 it/s
[ 168100] loss=0.6250 logical=0.5368 leak=0.0882 train_ler=0.922 lr=1.86e-05 11.8 it/s
[ 168200] loss=0.6106 logical=0.5193 leak=0.0912 train_ler=0.863 lr=1.85e-05 11.8 it/s
[ 168300] loss=0.6357 logical=0.5497 leak=0.0860 train_ler=0.891 lr=1.84e-05 11.8 it/s
[ 168400] loss=0.6431 logical=0.5589 leak=0.0842 train_ler=0.906 lr=1.83e-05 11.8 it/s
[ 168500] loss=0.6480 logical=0.5552 leak=0.0929 train_ler=0.898 lr=1.82e-05 11.8 it/s
[ 168600] loss=0.6603 logical=0.5697 leak=0.0906 train_ler=0.910 lr=1.81e-05 11.9 it/s
[ 168700] loss=0.6313 logical=0.5423 leak=0.0890 train_ler=0.895 lr=1.79e-05 11.8 it/s
[ 168800] loss=0.6516 logical=0.5654 leak=0.0861 train_ler=0.898 lr=1.78e-05 11.8 it/s
[ 168900] loss=0.6195 logical=0.5318 leak=0.0877 train_ler=0.906 lr=1.77e-05 11.8 it/s
[ 169000] loss=0.6552 logical=0.5653 leak=0.0899 train_ler=0.934 lr=1.76e-05 11.8 it/s
[ 169100] loss=0.6418 logical=0.5504 leak=0.0915 train_ler=0.887 lr=1.75e-05 11.9 it/s
[ 169200] loss=0.6319 logical=0.5443 leak=0.0877 train_ler=0.910 lr=1.74e-05 11.8 it/s
[ 169300] loss=0.6474 logical=0.5614 leak=0.0860 train_ler=0.914 lr=1.73e-05 11.9 it/s
[ 169400] loss=0.6273 logical=0.5374 leak=0.0898 train_ler=0.902 lr=1.72e-05 11.9 it/s
[ 169500] loss=0.6357 logical=0.5517 leak=0.0840 train_ler=0.898 lr=1.71e-05 11.9 it/s
[ 169600] loss=0.6379 logical=0.5522 leak=0.0858 train_ler=0.902 lr=1.69e-05 11.8 it/s
[ 169700] loss=0.6379 logical=0.5490 leak=0.0890 train_ler=0.910 lr=1.68e-05 11.9 it/s
[ 169800] loss=0.6440 logical=0.5551 leak=0.0889 train_ler=0.922 lr=1.67e-05 11.9 it/s
[ 169900] loss=0.6305 logical=0.5451 leak=0.0854 train_ler=0.922 lr=1.66e-05 11.8 it/s
[eval 170000] val LER=0.9026 (18052/20000) leak P/R=0.704/0.014 | T2-2 shots LER=0.8995 (1799/2000)  [B1 0.159, ORC 0.106]
[ 170000] loss=0.6342 logical=0.5468 leak=0.0874 train_ler=0.898 lr=1.65e-05 1182.1 it/s
[ 170100] loss=0.6459 logical=0.5557 leak=0.0902 train_ler=0.906 lr=1.64e-05 11.8 it/s
[ 170200] loss=0.6332 logical=0.5426 leak=0.0906 train_ler=0.887 lr=1.63e-05 11.9 it/s
[ 170300] loss=0.6296 logical=0.5388 leak=0.0908 train_ler=0.883 lr=1.62e-05 11.8 it/s
[ 170400] loss=0.6218 logical=0.5313 leak=0.0905 train_ler=0.879 lr=1.61e-05 11.9 it/s
[ 170500] loss=0.6548 logical=0.5674 leak=0.0874 train_ler=0.926 lr=1.60e-05 11.8 it/s
[ 170600] loss=0.6460 logical=0.5564 leak=0.0896 train_ler=0.902 lr=1.59e-05 11.8 it/s
[ 170700] loss=0.6603 logical=0.5725 leak=0.0877 train_ler=0.910 lr=1.58e-05 11.9 it/s
[ 170800] loss=0.6291 logical=0.5438 leak=0.0854 train_ler=0.891 lr=1.57e-05 11.8 it/s
[ 170900] loss=0.6278 logical=0.5410 leak=0.0868 train_ler=0.898 lr=1.56e-05 11.9 it/s
[ 171000] loss=0.6400 logical=0.5527 leak=0.0872 train_ler=0.934 lr=1.54e-05 11.8 it/s
[ 171100] loss=0.6370 logical=0.5453 leak=0.0918 train_ler=0.875 lr=1.53e-05 11.9 it/s
[ 171200] loss=0.6119 logical=0.5226 leak=0.0893 train_ler=0.879 lr=1.52e-05 11.8 it/s
[ 171300] loss=0.6308 logical=0.5398 leak=0.0910 train_ler=0.930 lr=1.51e-05 11.8 it/s
[ 171400] loss=0.6314 logical=0.5434 leak=0.0880 train_ler=0.910 lr=1.50e-05 11.9 it/s
[ 171500] loss=0.6406 logical=0.5516 leak=0.0890 train_ler=0.906 lr=1.49e-05 11.8 it/s
[ 171600] loss=0.6238 logical=0.5367 leak=0.0871 train_ler=0.891 lr=1.48e-05 11.9 it/s
[ 171700] loss=0.6506 logical=0.5630 leak=0.0875 train_ler=0.902 lr=1.47e-05 11.8 it/s
[ 171800] loss=0.6091 logical=0.5184 leak=0.0907 train_ler=0.902 lr=1.46e-05 11.9 it/s
[ 171900] loss=0.6516 logical=0.5616 leak=0.0900 train_ler=0.902 lr=1.45e-05 11.8 it/s
[ 172000] loss=0.6128 logical=0.5190 leak=0.0938 train_ler=0.879 lr=1.44e-05 11.8 it/s
[ 172100] loss=0.6227 logical=0.5281 leak=0.0946 train_ler=0.879 lr=1.43e-05 11.8 it/s
[ 172200] loss=0.6438 logical=0.5522 leak=0.0916 train_ler=0.941 lr=1.42e-05 11.8 it/s
[ 172300] loss=0.6309 logical=0.5385 leak=0.0924 train_ler=0.887 lr=1.41e-05 11.8 it/s
[ 172400] loss=0.6510 logical=0.5619 leak=0.0891 train_ler=0.918 lr=1.40e-05 11.8 it/s
[ 172500] loss=0.6298 logical=0.5421 leak=0.0876 train_ler=0.918 lr=1.39e-05 11.9 it/s
[ 172600] loss=0.6405 logical=0.5562 leak=0.0843 train_ler=0.906 lr=1.38e-05 11.8 it/s
[ 172700] loss=0.6210 logical=0.5349 leak=0.0861 train_ler=0.883 lr=1.37e-05 11.8 it/s
[ 172800] loss=0.6148 logical=0.5279 leak=0.0869 train_ler=0.902 lr=1.36e-05 11.8 it/s
[ 172900] loss=0.6417 logical=0.5510 leak=0.0907 train_ler=0.910 lr=1.35e-05 11.8 it/s
[ 173000] loss=0.6472 logical=0.5579 leak=0.0893 train_ler=0.914 lr=1.34e-05 11.9 it/s
[ 173100] loss=0.6436 logical=0.5543 leak=0.0892 train_ler=0.906 lr=1.33e-05 11.8 it/s
[ 173200] loss=0.6270 logical=0.5377 leak=0.0892 train_ler=0.891 lr=1.32e-05 11.9 it/s
[ 173300] loss=0.6057 logical=0.5155 leak=0.0902 train_ler=0.859 lr=1.31e-05 11.8 it/s
[ 173400] loss=0.6189 logical=0.5304 leak=0.0886 train_ler=0.859 lr=1.30e-05 11.8 it/s
[ 173500] loss=0.6239 logical=0.5351 leak=0.0888 train_ler=0.910 lr=1.29e-05 11.8 it/s
[ 173600] loss=0.6357 logical=0.5494 leak=0.0863 train_ler=0.914 lr=1.28e-05 11.9 it/s
[ 173700] loss=0.6239 logical=0.5373 leak=0.0866 train_ler=0.879 lr=1.27e-05 11.9 it/s
[ 173800] loss=0.6343 logical=0.5467 leak=0.0877 train_ler=0.906 lr=1.26e-05 11.8 it/s
[ 173900] loss=0.6019 logical=0.5141 leak=0.0878 train_ler=0.879 lr=1.26e-05 11.9 it/s
[ 174000] loss=0.6469 logical=0.5581 leak=0.0888 train_ler=0.887 lr=1.25e-05 11.8 it/s
[ 174100] loss=0.6458 logical=0.5557 leak=0.0901 train_ler=0.906 lr=1.24e-05 11.9 it/s
[ 174200] loss=0.6161 logical=0.5289 leak=0.0871 train_ler=0.891 lr=1.23e-05 11.8 it/s
[ 174300] loss=0.6316 logical=0.5452 leak=0.0864 train_ler=0.902 lr=1.22e-05 11.9 it/s
[ 174400] loss=0.6132 logical=0.5228 leak=0.0904 train_ler=0.879 lr=1.21e-05 11.8 it/s
[ 174500] loss=0.6319 logical=0.5419 leak=0.0900 train_ler=0.902 lr=1.20e-05 11.8 it/s
[ 174600] loss=0.6492 logical=0.5585 leak=0.0907 train_ler=0.902 lr=1.19e-05 11.8 it/s
[ 174700] loss=0.6451 logical=0.5566 leak=0.0885 train_ler=0.926 lr=1.18e-05 11.9 it/s
[ 174800] loss=0.6477 logical=0.5584 leak=0.0893 train_ler=0.910 lr=1.17e-05 11.8 it/s
[ 174900] loss=0.6311 logical=0.5406 leak=0.0905 train_ler=0.891 lr=1.16e-05 11.8 it/s
[eval 175000] val LER=0.9021 (18042/20000) leak P/R=0.698/0.014 | T2-2 shots LER=0.8990 (1798/2000)  [B1 0.159, ORC 0.106]
[ 175000] loss=0.6324 logical=0.5397 leak=0.0927 train_ler=0.895 lr=1.15e-05 1206.5 it/s
[ 175100] loss=0.6438 logical=0.5533 leak=0.0905 train_ler=0.906 lr=1.14e-05 11.8 it/s
[ 175200] loss=0.6309 logical=0.5468 leak=0.0840 train_ler=0.906 lr=1.14e-05 11.8 it/s
[ 175300] loss=0.6295 logical=0.5373 leak=0.0922 train_ler=0.895 lr=1.13e-05 11.9 it/s
[ 175400] loss=0.6348 logical=0.5452 leak=0.0897 train_ler=0.906 lr=1.12e-05 11.8 it/s
[ 175500] loss=0.6352 logical=0.5430 leak=0.0922 train_ler=0.906 lr=1.11e-05 11.8 it/s
[ 175600] loss=0.6615 logical=0.5718 leak=0.0897 train_ler=0.922 lr=1.10e-05 11.8 it/s
[ 175700] loss=0.6179 logical=0.5257 leak=0.0922 train_ler=0.898 lr=1.09e-05 11.8 it/s
[ 175800] loss=0.6422 logical=0.5572 leak=0.0850 train_ler=0.891 lr=1.08e-05 11.8 it/s
[ 175900] loss=0.6362 logical=0.5484 leak=0.0878 train_ler=0.926 lr=1.07e-05 11.8 it/s
[ 176000] loss=0.6296 logical=0.5406 leak=0.0890 train_ler=0.902 lr=1.06e-05 11.9 it/s
[ 176100] loss=0.6408 logical=0.5517 leak=0.0891 train_ler=0.918 lr=1.06e-05 11.8 it/s
[ 176200] loss=0.6488 logical=0.5599 leak=0.0889 train_ler=0.934 lr=1.05e-05 11.8 it/s
[ 176300] loss=0.6432 logical=0.5541 leak=0.0891 train_ler=0.906 lr=1.04e-05 11.8 it/s
[ 176400] loss=0.6278 logical=0.5387 leak=0.0890 train_ler=0.887 lr=1.03e-05 11.9 it/s
[ 176500] loss=0.6616 logical=0.5731 leak=0.0885 train_ler=0.926 lr=1.02e-05 11.8 it/s
[ 176600] loss=0.6427 logical=0.5519 leak=0.0907 train_ler=0.918 lr=1.01e-05 11.8 it/s
[ 176700] loss=0.6134 logical=0.5257 leak=0.0876 train_ler=0.902 lr=1.00e-05 11.9 it/s
[ 176800] loss=0.6485 logical=0.5538 leak=0.0947 train_ler=0.875 lr=9.95e-06 11.9 it/s
[ 176900] loss=0.6225 logical=0.5378 leak=0.0848 train_ler=0.871 lr=9.86e-06 11.9 it/s
[ 177000] loss=0.6339 logical=0.5438 leak=0.0901 train_ler=0.914 lr=9.78e-06 11.8 it/s
[ 177100] loss=0.6388 logical=0.5531 leak=0.0858 train_ler=0.914 lr=9.70e-06 11.9 it/s
[ 177200] loss=0.6375 logical=0.5493 leak=0.0882 train_ler=0.922 lr=9.61e-06 11.9 it/s
[ 177300] loss=0.6461 logical=0.5561 leak=0.0900 train_ler=0.938 lr=9.53e-06 11.8 it/s
[ 177400] loss=0.6381 logical=0.5487 leak=0.0894 train_ler=0.902 lr=9.45e-06 11.8 it/s
[ 177500] loss=0.6134 logical=0.5258 leak=0.0876 train_ler=0.887 lr=9.36e-06 11.8 it/s
[ 177600] loss=0.6326 logical=0.5460 leak=0.0866 train_ler=0.914 lr=9.28e-06 11.8 it/s
[ 177700] loss=0.6082 logical=0.5167 leak=0.0915 train_ler=0.859 lr=9.20e-06 11.8 it/s
[ 177800] loss=0.6217 logical=0.5360 leak=0.0857 train_ler=0.879 lr=9.12e-06 11.8 it/s
[ 177900] loss=0.6342 logical=0.5435 leak=0.0907 train_ler=0.887 lr=9.04e-06 11.8 it/s
[ 178000] loss=0.6418 logical=0.5482 leak=0.0936 train_ler=0.926 lr=8.96e-06 11.4 it/s
[ 178100] loss=0.6350 logical=0.5416 leak=0.0934 train_ler=0.914 lr=8.88e-06 11.4 it/s
[ 178200] loss=0.6403 logical=0.5492 leak=0.0911 train_ler=0.926 lr=8.80e-06 11.6 it/s
[ 178300] loss=0.6396 logical=0.5529 leak=0.0867 train_ler=0.906 lr=8.72e-06 11.7 it/s
[ 178400] loss=0.6305 logical=0.5449 leak=0.0856 train_ler=0.902 lr=8.64e-06 11.7 it/s
[ 178500] loss=0.6121 logical=0.5221 leak=0.0900 train_ler=0.879 lr=8.56e-06 11.7 it/s
[ 178600] loss=0.6351 logical=0.5471 leak=0.0880 train_ler=0.902 lr=8.48e-06 11.8 it/s
[ 178700] loss=0.6369 logical=0.5501 leak=0.0868 train_ler=0.902 lr=8.40e-06 11.8 it/s
[ 178800] loss=0.6242 logical=0.5337 leak=0.0906 train_ler=0.906 lr=8.32e-06 11.8 it/s
[ 178900] loss=0.6456 logical=0.5545 leak=0.0911 train_ler=0.914 lr=8.25e-06 11.7 it/s
[ 179000] loss=0.6312 logical=0.5453 leak=0.0860 train_ler=0.914 lr=8.17e-06 11.4 it/s
[ 179100] loss=0.6276 logical=0.5337 leak=0.0939 train_ler=0.883 lr=8.09e-06 11.6 it/s
[ 179200] loss=0.6302 logical=0.5373 leak=0.0929 train_ler=0.906 lr=8.01e-06 11.9 it/s
[ 179300] loss=0.6238 logical=0.5378 leak=0.0859 train_ler=0.898 lr=7.94e-06 11.8 it/s
[ 179400] loss=0.6313 logical=0.5460 leak=0.0853 train_ler=0.871 lr=7.86e-06 11.9 it/s
[ 179500] loss=0.6377 logical=0.5499 leak=0.0878 train_ler=0.906 lr=7.79e-06 11.9 it/s
[ 179600] loss=0.6348 logical=0.5442 leak=0.0906 train_ler=0.930 lr=7.71e-06 11.9 it/s
[ 179700] loss=0.6435 logical=0.5494 leak=0.0942 train_ler=0.895 lr=7.64e-06 11.9 it/s
[ 179800] loss=0.6358 logical=0.5452 leak=0.0906 train_ler=0.918 lr=7.56e-06 11.9 it/s
[ 179900] loss=0.6312 logical=0.5442 leak=0.0870 train_ler=0.895 lr=7.49e-06 11.9 it/s
[eval 180000] val LER=0.9021 (18041/20000) leak P/R=0.701/0.014 | T2-2 shots LER=0.8985 (1797/2000)  [B1 0.159, ORC 0.106]
[ 180000] loss=0.6500 logical=0.5575 leak=0.0925 train_ler=0.887 lr=7.41e-06 1203.6 it/s
[ 180100] loss=0.6376 logical=0.5457 leak=0.0919 train_ler=0.922 lr=7.34e-06 11.9 it/s
[ 180200] loss=0.6482 logical=0.5584 leak=0.0898 train_ler=0.914 lr=7.27e-06 11.9 it/s
[ 180300] loss=0.6296 logical=0.5382 leak=0.0914 train_ler=0.863 lr=7.20e-06 11.8 it/s
[ 180400] loss=0.6277 logical=0.5380 leak=0.0897 train_ler=0.883 lr=7.12e-06 11.9 it/s
[ 180500] loss=0.6222 logical=0.5357 leak=0.0865 train_ler=0.922 lr=7.05e-06 11.9 it/s
[ 180600] loss=0.6069 logical=0.5197 leak=0.0872 train_ler=0.883 lr=6.98e-06 11.9 it/s
[ 180700] loss=0.6573 logical=0.5671 leak=0.0902 train_ler=0.902 lr=6.91e-06 11.8 it/s
[ 180800] loss=0.6230 logical=0.5349 leak=0.0881 train_ler=0.918 lr=6.84e-06 11.9 it/s
[ 180900] loss=0.6219 logical=0.5354 leak=0.0865 train_ler=0.898 lr=6.77e-06 11.9 it/s
[ 181000] loss=0.6488 logical=0.5602 leak=0.0886 train_ler=0.914 lr=6.70e-06 11.8 it/s
[ 181100] loss=0.6470 logical=0.5591 leak=0.0879 train_ler=0.910 lr=6.63e-06 11.8 it/s
[ 181200] loss=0.6116 logical=0.5264 leak=0.0852 train_ler=0.879 lr=6.56e-06 11.8 it/s
[ 181300] loss=0.6132 logical=0.5229 leak=0.0903 train_ler=0.879 lr=6.49e-06 11.8 it/s
[ 181400] loss=0.6260 logical=0.5344 leak=0.0917 train_ler=0.867 lr=6.42e-06 11.8 it/s
[ 181500] loss=0.6348 logical=0.5491 leak=0.0857 train_ler=0.902 lr=6.35e-06 11.9 it/s
[ 181600] loss=0.6463 logical=0.5553 leak=0.0909 train_ler=0.918 lr=6.28e-06 11.9 it/s
[ 181700] loss=0.6209 logical=0.5310 leak=0.0899 train_ler=0.871 lr=6.22e-06 11.8 it/s
[ 181800] loss=0.6155 logical=0.5281 leak=0.0875 train_ler=0.871 lr=6.15e-06 11.8 it/s
[ 181900] loss=0.6638 logical=0.5724 leak=0.0914 train_ler=0.922 lr=6.08e-06 11.9 it/s
[ 182000] loss=0.6454 logical=0.5579 leak=0.0875 train_ler=0.930 lr=6.02e-06 11.9 it/s
[ 182100] loss=0.6119 logical=0.5238 leak=0.0881 train_ler=0.848 lr=5.95e-06 11.8 it/s
[ 182200] loss=0.6445 logical=0.5552 leak=0.0892 train_ler=0.918 lr=5.88e-06 11.8 it/s
[ 182300] loss=0.6338 logical=0.5409 leak=0.0929 train_ler=0.898 lr=5.82e-06 11.9 it/s
[ 182400] loss=0.6181 logical=0.5357 leak=0.0824 train_ler=0.891 lr=5.75e-06 11.9 it/s
[ 182500] loss=0.6564 logical=0.5682 leak=0.0882 train_ler=0.914 lr=5.69e-06 11.8 it/s
[ 182600] loss=0.6261 logical=0.5378 leak=0.0883 train_ler=0.918 lr=5.62e-06 11.9 it/s
[ 182700] loss=0.6360 logical=0.5508 leak=0.0853 train_ler=0.906 lr=5.56e-06 11.9 it/s
[ 182800] loss=0.6488 logical=0.5595 leak=0.0893 train_ler=0.918 lr=5.50e-06 11.8 it/s
[ 182900] loss=0.6664 logical=0.5783 leak=0.0882 train_ler=0.938 lr=5.43e-06 11.9 it/s
[ 183000] loss=0.6473 logical=0.5600 leak=0.0873 train_ler=0.926 lr=5.37e-06 11.9 it/s
[ 183100] loss=0.6591 logical=0.5711 leak=0.0880 train_ler=0.926 lr=5.31e-06 11.9 it/s
[ 183200] loss=0.6518 logical=0.5614 leak=0.0904 train_ler=0.930 lr=5.24e-06 11.8 it/s
[ 183300] loss=0.6359 logical=0.5480 leak=0.0878 train_ler=0.887 lr=5.18e-06 11.9 it/s
[ 183400] loss=0.6239 logical=0.5339 leak=0.0900 train_ler=0.898 lr=5.12e-06 11.9 it/s
[ 183500] loss=0.6337 logical=0.5452 leak=0.0884 train_ler=0.898 lr=5.06e-06 11.9 it/s
[ 183600] loss=0.6382 logical=0.5511 leak=0.0870 train_ler=0.918 lr=5.00e-06 11.9 it/s
[ 183700] loss=0.6752 logical=0.5880 leak=0.0872 train_ler=0.941 lr=4.94e-06 11.9 it/s
[ 183800] loss=0.6408 logical=0.5527 leak=0.0881 train_ler=0.906 lr=4.88e-06 11.9 it/s
[ 183900] loss=0.6356 logical=0.5440 leak=0.0916 train_ler=0.906 lr=4.82e-06 11.8 it/s
[ 184000] loss=0.6091 logical=0.5220 leak=0.0871 train_ler=0.875 lr=4.76e-06 11.9 it/s
[ 184100] loss=0.6534 logical=0.5665 leak=0.0868 train_ler=0.934 lr=4.70e-06 11.9 it/s
[ 184200] loss=0.6540 logical=0.5653 leak=0.0887 train_ler=0.898 lr=4.64e-06 11.8 it/s
[ 184300] loss=0.6297 logical=0.5409 leak=0.0888 train_ler=0.902 lr=4.58e-06 11.9 it/s
[ 184400] loss=0.6425 logical=0.5547 leak=0.0878 train_ler=0.922 lr=4.53e-06 11.9 it/s
[ 184500] loss=0.6510 logical=0.5589 leak=0.0921 train_ler=0.906 lr=4.47e-06 11.9 it/s
[ 184600] loss=0.6268 logical=0.5366 leak=0.0903 train_ler=0.883 lr=4.41e-06 11.8 it/s
[ 184700] loss=0.6112 logical=0.5235 leak=0.0876 train_ler=0.910 lr=4.35e-06 11.9 it/s
[ 184800] loss=0.6258 logical=0.5345 leak=0.0913 train_ler=0.883 lr=4.30e-06 11.9 it/s
[ 184900] loss=0.6595 logical=0.5684 leak=0.0911 train_ler=0.902 lr=4.24e-06 11.9 it/s
[eval 185000] val LER=0.9022 (18043/20000) leak P/R=0.699/0.014 | T2-2 shots LER=0.8980 (1796/2000)  [B1 0.159, ORC 0.106]
[ 185000] loss=0.6194 logical=0.5288 leak=0.0906 train_ler=0.844 lr=4.19e-06 1188.8 it/s
[ 185100] loss=0.6397 logical=0.5487 leak=0.0909 train_ler=0.914 lr=4.13e-06 11.9 it/s
[ 185200] loss=0.6373 logical=0.5488 leak=0.0885 train_ler=0.895 lr=4.08e-06 11.9 it/s
[ 185300] loss=0.6337 logical=0.5459 leak=0.0878 train_ler=0.895 lr=4.02e-06 11.8 it/s
[ 185400] loss=0.6309 logical=0.5406 leak=0.0903 train_ler=0.902 lr=3.97e-06 11.9 it/s
[ 185500] loss=0.6106 logical=0.5275 leak=0.0831 train_ler=0.879 lr=3.91e-06 11.9 it/s
[ 185600] loss=0.6427 logical=0.5505 leak=0.0922 train_ler=0.891 lr=3.86e-06 11.8 it/s
[ 185700] loss=0.6309 logical=0.5408 leak=0.0901 train_ler=0.898 lr=3.81e-06 11.9 it/s
[ 185800] loss=0.6314 logical=0.5417 leak=0.0897 train_ler=0.914 lr=3.75e-06 11.9 it/s
[ 185900] loss=0.6333 logical=0.5434 leak=0.0899 train_ler=0.910 lr=3.70e-06 11.9 it/s
[ 186000] loss=0.6380 logical=0.5482 leak=0.0898 train_ler=0.871 lr=3.65e-06 11.8 it/s
[ 186100] loss=0.6208 logical=0.5292 leak=0.0916 train_ler=0.910 lr=3.60e-06 11.9 it/s
[ 186200] loss=0.6522 logical=0.5641 leak=0.0881 train_ler=0.934 lr=3.55e-06 11.9 it/s
[ 186300] loss=0.6378 logical=0.5547 leak=0.0830 train_ler=0.906 lr=3.49e-06 11.8 it/s
[ 186400] loss=0.6205 logical=0.5325 leak=0.0880 train_ler=0.863 lr=3.44e-06 11.9 it/s
[ 186500] loss=0.6174 logical=0.5282 leak=0.0893 train_ler=0.883 lr=3.39e-06 11.9 it/s
[ 186600] loss=0.6327 logical=0.5430 leak=0.0897 train_ler=0.902 lr=3.34e-06 11.9 it/s
[ 186700] loss=0.6291 logical=0.5416 leak=0.0876 train_ler=0.895 lr=3.29e-06 11.9 it/s
[ 186800] loss=0.6601 logical=0.5696 leak=0.0904 train_ler=0.918 lr=3.25e-06 11.9 it/s
[ 186900] loss=0.6623 logical=0.5785 leak=0.0837 train_ler=0.965 lr=3.20e-06 11.9 it/s
[ 187000] loss=0.6290 logical=0.5407 leak=0.0882 train_ler=0.895 lr=3.15e-06 11.9 it/s
[ 187100] loss=0.6143 logical=0.5240 leak=0.0903 train_ler=0.891 lr=3.10e-06 11.9 it/s
[ 187200] loss=0.6396 logical=0.5510 leak=0.0886 train_ler=0.898 lr=3.05e-06 11.9 it/s
[ 187300] loss=0.6528 logical=0.5639 leak=0.0888 train_ler=0.887 lr=3.00e-06 11.9 it/s
[ 187400] loss=0.6344 logical=0.5470 leak=0.0874 train_ler=0.902 lr=2.96e-06 11.8 it/s
[ 187500] loss=0.6198 logical=0.5288 leak=0.0910 train_ler=0.914 lr=2.91e-06 11.9 it/s
[ 187600] loss=0.6543 logical=0.5604 leak=0.0939 train_ler=0.922 lr=2.86e-06 11.9 it/s
[ 187700] loss=0.6570 logical=0.5660 leak=0.0910 train_ler=0.938 lr=2.82e-06 11.9 it/s
[ 187800] loss=0.6336 logical=0.5441 leak=0.0895 train_ler=0.898 lr=2.77e-06 11.8 it/s
[ 187900] loss=0.6499 logical=0.5583 leak=0.0916 train_ler=0.930 lr=2.73e-06 11.9 it/s
[ 188000] loss=0.6136 logical=0.5257 leak=0.0879 train_ler=0.867 lr=2.68e-06 11.9 it/s
[ 188100] loss=0.6453 logical=0.5571 leak=0.0882 train_ler=0.902 lr=2.64e-06 11.8 it/s
[ 188200] loss=0.6302 logical=0.5421 leak=0.0881 train_ler=0.910 lr=2.60e-06 11.9 it/s
[ 188300] loss=0.6100 logical=0.5251 leak=0.0849 train_ler=0.875 lr=2.55e-06 11.9 it/s
[ 188400] loss=0.6453 logical=0.5566 leak=0.0887 train_ler=0.891 lr=2.51e-06 11.9 it/s
[ 188500] loss=0.6176 logical=0.5324 leak=0.0852 train_ler=0.875 lr=2.47e-06 11.8 it/s
[ 188600] loss=0.6235 logical=0.5355 leak=0.0880 train_ler=0.879 lr=2.42e-06 11.9 it/s
[ 188700] loss=0.6368 logical=0.5499 leak=0.0869 train_ler=0.902 lr=2.38e-06 11.9 it/s
[ 188800] loss=0.6294 logical=0.5395 leak=0.0898 train_ler=0.871 lr=2.34e-06 11.9 it/s
[ 188900] loss=0.6335 logical=0.5448 leak=0.0887 train_ler=0.891 lr=2.30e-06 11.8 it/s
[ 189000] loss=0.6219 logical=0.5353 leak=0.0866 train_ler=0.895 lr=2.26e-06 11.9 it/s
[ 189100] loss=0.6443 logical=0.5595 leak=0.0848 train_ler=0.926 lr=2.22e-06 11.9 it/s
[ 189200] loss=0.6324 logical=0.5471 leak=0.0853 train_ler=0.891 lr=2.17e-06 11.8 it/s
[ 189300] loss=0.6416 logical=0.5529 leak=0.0887 train_ler=0.906 lr=2.13e-06 11.9 it/s
[ 189400] loss=0.6352 logical=0.5457 leak=0.0895 train_ler=0.906 lr=2.10e-06 11.9 it/s
[ 189500] loss=0.6556 logical=0.5676 leak=0.0880 train_ler=0.922 lr=2.06e-06 11.9 it/s
[ 189600] loss=0.6287 logical=0.5423 leak=0.0864 train_ler=0.879 lr=2.02e-06 11.9 it/s
[ 189700] loss=0.6214 logical=0.5267 leak=0.0948 train_ler=0.867 lr=1.98e-06 11.9 it/s
[ 189800] loss=0.6567 logical=0.5702 leak=0.0865 train_ler=0.910 lr=1.94e-06 11.9 it/s
[ 189900] loss=0.6251 logical=0.5374 leak=0.0878 train_ler=0.898 lr=1.90e-06 11.8 it/s
[eval 190000] val LER=0.9020 (18040/20000) leak P/R=0.697/0.014 | T2-2 shots LER=0.8970 (1794/2000)  [B1 0.159, ORC 0.106]
[ 190000] loss=0.6428 logical=0.5493 leak=0.0936 train_ler=0.926 lr=1.87e-06 1214.2 it/s
[ 190100] loss=0.6542 logical=0.5609 leak=0.0934 train_ler=0.945 lr=1.83e-06 11.9 it/s
[ 190200] loss=0.6216 logical=0.5339 leak=0.0877 train_ler=0.895 lr=1.79e-06 11.8 it/s
[ 190300] loss=0.6217 logical=0.5335 leak=0.0882 train_ler=0.887 lr=1.76e-06 11.9 it/s
[ 190400] loss=0.6307 logical=0.5390 leak=0.0917 train_ler=0.895 lr=1.72e-06 11.9 it/s
[ 190500] loss=0.6354 logical=0.5457 leak=0.0897 train_ler=0.902 lr=1.68e-06 11.9 it/s
[ 190600] loss=0.6542 logical=0.5638 leak=0.0904 train_ler=0.918 lr=1.65e-06 11.8 it/s
[ 190700] loss=0.6102 logical=0.5219 leak=0.0883 train_ler=0.871 lr=1.61e-06 11.9 it/s
[ 190800] loss=0.6230 logical=0.5350 leak=0.0880 train_ler=0.910 lr=1.58e-06 11.9 it/s
[ 190900] loss=0.6369 logical=0.5480 leak=0.0889 train_ler=0.902 lr=1.55e-06 11.8 it/s
[ 191000] loss=0.6385 logical=0.5491 leak=0.0894 train_ler=0.926 lr=1.51e-06 11.9 it/s
[ 191100] loss=0.6449 logical=0.5576 leak=0.0874 train_ler=0.926 lr=1.48e-06 11.9 it/s
[ 191200] loss=0.6112 logical=0.5228 leak=0.0884 train_ler=0.887 lr=1.45e-06 11.9 it/s
[ 191300] loss=0.6260 logical=0.5420 leak=0.0839 train_ler=0.902 lr=1.41e-06 11.8 it/s
[ 191400] loss=0.6094 logical=0.5211 leak=0.0883 train_ler=0.879 lr=1.38e-06 11.9 it/s
[ 191500] loss=0.6277 logical=0.5348 leak=0.0929 train_ler=0.902 lr=1.35e-06 11.9 it/s
[ 191600] loss=0.6300 logical=0.5419 leak=0.0881 train_ler=0.883 lr=1.32e-06 11.9 it/s
[ 191700] loss=0.6533 logical=0.5626 leak=0.0908 train_ler=0.922 lr=1.29e-06 11.9 it/s
[ 191800] loss=0.6217 logical=0.5308 leak=0.0908 train_ler=0.875 lr=1.26e-06 11.9 it/s
[ 191900] loss=0.6425 logical=0.5544 leak=0.0880 train_ler=0.910 lr=1.22e-06 11.9 it/s
[ 192000] loss=0.6273 logical=0.5413 leak=0.0861 train_ler=0.875 lr=1.19e-06 11.8 it/s
[ 192100] loss=0.6098 logical=0.5226 leak=0.0872 train_ler=0.887 lr=1.17e-06 11.9 it/s
[ 192200] loss=0.6377 logical=0.5494 leak=0.0883 train_ler=0.918 lr=1.14e-06 11.9 it/s
[ 192300] loss=0.6320 logical=0.5433 leak=0.0887 train_ler=0.895 lr=1.11e-06 11.9 it/s
[ 192400] loss=0.6317 logical=0.5424 leak=0.0893 train_ler=0.898 lr=1.08e-06 11.9 it/s
[ 192500] loss=0.6414 logical=0.5530 leak=0.0884 train_ler=0.906 lr=1.05e-06 11.9 it/s
[ 192600] loss=0.6463 logical=0.5550 leak=0.0913 train_ler=0.922 lr=1.02e-06 11.9 it/s
[ 192700] loss=0.6337 logical=0.5463 leak=0.0873 train_ler=0.914 lr=9.95e-07 11.8 it/s
[ 192800] loss=0.6373 logical=0.5506 leak=0.0867 train_ler=0.902 lr=9.68e-07 11.9 it/s
[ 192900] loss=0.6200 logical=0.5316 leak=0.0885 train_ler=0.871 lr=9.41e-07 11.9 it/s
[ 193000] loss=0.6422 logical=0.5520 leak=0.0902 train_ler=0.883 lr=9.15e-07 11.9 it/s
[ 193100] loss=0.6451 logical=0.5578 leak=0.0873 train_ler=0.910 lr=8.89e-07 11.8 it/s
[ 193200] loss=0.6441 logical=0.5559 leak=0.0881 train_ler=0.922 lr=8.63e-07 11.9 it/s
[ 193300] loss=0.6199 logical=0.5346 leak=0.0853 train_ler=0.879 lr=8.38e-07 11.9 it/s
[ 193400] loss=0.6278 logical=0.5395 leak=0.0882 train_ler=0.910 lr=8.13e-07 11.8 it/s
[ 193500] loss=0.6347 logical=0.5519 leak=0.0828 train_ler=0.910 lr=7.89e-07 11.9 it/s
[ 193600] loss=0.6261 logical=0.5373 leak=0.0888 train_ler=0.898 lr=7.65e-07 11.9 it/s
[ 193700] loss=0.6290 logical=0.5412 leak=0.0878 train_ler=0.906 lr=7.41e-07 11.9 it/s
[ 193800] loss=0.6231 logical=0.5312 leak=0.0919 train_ler=0.859 lr=7.18e-07 11.8 it/s
[ 193900] loss=0.6386 logical=0.5483 leak=0.0903 train_ler=0.926 lr=6.95e-07 11.9 it/s
[ 194000] loss=0.6615 logical=0.5711 leak=0.0905 train_ler=0.934 lr=6.72e-07 11.9 it/s
[ 194100] loss=0.6537 logical=0.5602 leak=0.0934 train_ler=0.879 lr=6.50e-07 11.9 it/s
[ 194200] loss=0.6344 logical=0.5444 leak=0.0900 train_ler=0.914 lr=6.28e-07 11.8 it/s
[ 194300] loss=0.6341 logical=0.5441 leak=0.0900 train_ler=0.898 lr=6.07e-07 11.9 it/s
[ 194400] loss=0.6463 logical=0.5590 leak=0.0873 train_ler=0.898 lr=5.86e-07 11.9 it/s
[ 194500] loss=0.6210 logical=0.5329 leak=0.0881 train_ler=0.906 lr=5.65e-07 11.8 it/s
[ 194600] loss=0.6209 logical=0.5313 leak=0.0896 train_ler=0.895 lr=5.45e-07 11.9 it/s
[ 194700] loss=0.6509 logical=0.5620 leak=0.0889 train_ler=0.926 lr=5.25e-07 11.9 it/s
[ 194800] loss=0.6396 logical=0.5475 leak=0.0921 train_ler=0.891 lr=5.05e-07 11.9 it/s
[ 194900] loss=0.6506 logical=0.5641 leak=0.0865 train_ler=0.898 lr=4.86e-07 11.9 it/s
[eval 195000] val LER=0.9015 (18030/20000) leak P/R=0.699/0.014 | T2-2 shots LER=0.8990 (1798/2000)  [B1 0.159, ORC 0.106]
[ 195000] loss=0.6269 logical=0.5391 leak=0.0877 train_ler=0.863 lr=4.67e-07 1231.0 it/s
[ 195100] loss=0.6296 logical=0.5441 leak=0.0855 train_ler=0.898 lr=4.49e-07 11.9 it/s
[ 195200] loss=0.6136 logical=0.5199 leak=0.0937 train_ler=0.883 lr=4.30e-07 11.8 it/s
[ 195300] loss=0.6258 logical=0.5374 leak=0.0885 train_ler=0.863 lr=4.13e-07 11.9 it/s
[ 195400] loss=0.6488 logical=0.5620 leak=0.0868 train_ler=0.918 lr=3.95e-07 11.9 it/s
[ 195500] loss=0.6378 logical=0.5487 leak=0.0892 train_ler=0.898 lr=3.78e-07 11.8 it/s
[ 195600] loss=0.6471 logical=0.5588 leak=0.0882 train_ler=0.914 lr=3.62e-07 11.9 it/s
[ 195700] loss=0.6191 logical=0.5288 leak=0.0903 train_ler=0.902 lr=3.45e-07 11.9 it/s
[ 195800] loss=0.6477 logical=0.5615 leak=0.0862 train_ler=0.922 lr=3.30e-07 11.9 it/s
[ 195900] loss=0.6532 logical=0.5676 leak=0.0856 train_ler=0.906 lr=3.14e-07 11.8 it/s
[ 196000] loss=0.6512 logical=0.5586 leak=0.0926 train_ler=0.918 lr=2.99e-07 11.9 it/s
[ 196100] loss=0.6439 logical=0.5554 leak=0.0885 train_ler=0.914 lr=2.84e-07 11.9 it/s
[ 196200] loss=0.6691 logical=0.5804 leak=0.0887 train_ler=0.926 lr=2.70e-07 11.8 it/s
[ 196300] loss=0.6355 logical=0.5478 leak=0.0877 train_ler=0.895 lr=2.56e-07 11.9 it/s
[ 196400] loss=0.6283 logical=0.5377 leak=0.0907 train_ler=0.895 lr=2.42e-07 11.9 it/s
[ 196500] loss=0.6502 logical=0.5615 leak=0.0888 train_ler=0.914 lr=2.29e-07 11.9 it/s
[ 196600] loss=0.6148 logical=0.5268 leak=0.0881 train_ler=0.879 lr=2.16e-07 11.8 it/s
[ 196700] loss=0.6423 logical=0.5526 leak=0.0898 train_ler=0.934 lr=2.04e-07 11.9 it/s
[ 196800] loss=0.6389 logical=0.5537 leak=0.0852 train_ler=0.910 lr=1.91e-07 11.8 it/s
[ 196900] loss=0.6189 logical=0.5294 leak=0.0895 train_ler=0.879 lr=1.80e-07 11.8 it/s
[ 197000] loss=0.6194 logical=0.5326 leak=0.0867 train_ler=0.906 lr=1.68e-07 11.8 it/s
[ 197100] loss=0.6283 logical=0.5406 leak=0.0878 train_ler=0.879 lr=1.57e-07 11.8 it/s
[ 197200] loss=0.6414 logical=0.5584 leak=0.0829 train_ler=0.918 lr=1.47e-07 11.8 it/s
[ 197300] loss=0.6186 logical=0.5289 leak=0.0897 train_ler=0.895 lr=1.36e-07 11.8 it/s
[ 197400] loss=0.6392 logical=0.5499 leak=0.0893 train_ler=0.914 lr=1.26e-07 11.8 it/s
[ 197500] loss=0.6311 logical=0.5431 leak=0.0880 train_ler=0.902 lr=1.17e-07 11.9 it/s
[ 197600] loss=0.6201 logical=0.5268 leak=0.0933 train_ler=0.898 lr=1.08e-07 11.8 it/s
[ 197700] loss=0.6295 logical=0.5417 leak=0.0878 train_ler=0.879 lr=9.89e-08 11.8 it/s
[ 197800] loss=0.6338 logical=0.5463 leak=0.0874 train_ler=0.914 lr=9.05e-08 11.9 it/s
[ 197900] loss=0.6568 logical=0.5703 leak=0.0864 train_ler=0.918 lr=8.24e-08 11.9 it/s
[ 198000] loss=0.6235 logical=0.5338 leak=0.0897 train_ler=0.879 lr=7.48e-08 11.9 it/s
[ 198100] loss=0.6727 logical=0.5788 leak=0.0939 train_ler=0.941 lr=6.75e-08 11.9 it/s
[ 198200] loss=0.6571 logical=0.5684 leak=0.0887 train_ler=0.941 lr=6.06e-08 11.9 it/s
[ 198300] loss=0.6145 logical=0.5268 leak=0.0877 train_ler=0.883 lr=5.40e-08 11.9 it/s
[ 198400] loss=0.6389 logical=0.5441 leak=0.0947 train_ler=0.914 lr=4.78e-08 11.8 it/s
[ 198500] loss=0.6192 logical=0.5310 leak=0.0882 train_ler=0.895 lr=4.21e-08 11.9 it/s
[ 198600] loss=0.6437 logical=0.5548 leak=0.0889 train_ler=0.914 lr=3.66e-08 11.9 it/s
[ 198700] loss=0.6322 logical=0.5408 leak=0.0914 train_ler=0.906 lr=3.16e-08 11.9 it/s
[ 198800] loss=0.6284 logical=0.5428 leak=0.0856 train_ler=0.887 lr=2.69e-08 11.9 it/s
[ 198900] loss=0.6220 logical=0.5332 leak=0.0887 train_ler=0.895 lr=2.26e-08 11.9 it/s
[ 199000] loss=0.6192 logical=0.5302 leak=0.0890 train_ler=0.875 lr=1.87e-08 11.9 it/s
[ 199100] loss=0.6541 logical=0.5680 leak=0.0860 train_ler=0.914 lr=1.51e-08 11.8 it/s
[ 199200] loss=0.6064 logical=0.5125 leak=0.0940 train_ler=0.887 lr=1.20e-08 11.9 it/s
[ 199300] loss=0.6299 logical=0.5395 leak=0.0904 train_ler=0.898 lr=9.16e-09 11.9 it/s
[ 199400] loss=0.6246 logical=0.5341 leak=0.0905 train_ler=0.875 lr=6.73e-09 11.8 it/s
[ 199500] loss=0.6383 logical=0.5478 leak=0.0905 train_ler=0.914 lr=4.67e-09 11.8 it/s
[ 199600] loss=0.5972 logical=0.5102 leak=0.0870 train_ler=0.871 lr=2.99e-09 11.9 it/s
[ 199700] loss=0.6436 logical=0.5549 leak=0.0887 train_ler=0.910 lr=1.68e-09 11.9 it/s
[ 199800] loss=0.6355 logical=0.5464 leak=0.0892 train_ler=0.898 lr=7.48e-10 11.8 it/s
[ 199900] loss=0.6360 logical=0.5467 leak=0.0893 train_ler=0.914 lr=1.87e-10 11.9 it/s
[eval 200000] val LER=0.9013 (18027/20000) leak P/R=0.698/0.014 | T2-2 shots LER=0.8980 (1796/2000)  [B1 0.159, ORC 0.106]
[done]
